patient_id,gender,date_of_birth,insurance_type,city
P00001,Male,2015-09-08,Commercial,Hoover
P00002,Male,1950-02-28,Medicare,Birmingham
P00003,Female,1961-12-20,Unknown,Birmingham
P00004,Female,1982-07-23,Medicaid,Bessemer
P00005,Male,1982-03-15,Commercial,Birmingham
P00006,Male,1942-01-19,Medicare,Birmingham
P00007,Male,2015-10-02,Commercial,Birmingham
P00008,Male,1957-05-09,Medicare,Bessemer
P00009,Male,2004-10-24,Medicaid,Huntsville
P00010,Male,2015-11-20,Commercial,Hoover
P00011,Male,1973-08-26,Commercial,Bessemer
P00012,Male,1931-02-12,Medicare,Birmingham
P00013,Male,1954-04-25,Commercial,Montgomery
P00014,Female,1951-07-07,Medicare,Birmingham
P00015,Female,1955-09-20,Medicare,Hoover
P00016,Female,1949-11-11,Medicare,Birmingham
P00017,Male,1975-09-25,Medicaid,Bessemer
P00018,Male,2011-11-07,Medicaid,Bessemer
P00019,Female,1944-10-25,Medicare,Tuscaloosa
P00020,Male,1981-04-26,Commercial,Birmingham
P00021,Female,1976-11-14,Medicaid,Birmingham
P00022,Female,1988-12-15,Medicaid,Hoover
P00023,Male,2006-06-18,Medicaid,Birmingham
P00024,Female,1935-09-19,Commercial,Birmingham
P00025,Female,1949-07-20,Medicaid,Tuscaloosa
P00026,Female,1962-11-11,Self-Pay,Tuscaloosa
P00027,Female,1985-10-17,Commercial,Bessemer
P00028,Male,1945-07-25,Medicare,Hoover
P00029,Male,1972-04-25,Commercial,Birmingham
P00030,Male,1981-08-03,Self-Pay,Hoover
P00031,Male,1981-06-18,Commercial,Birmingham
P00032,Female,2002-06-25,Commercial,Tuscaloosa
P00033,Male,2015-09-25,Commercial,Huntsville
P00034,Female,1971-09-21,Commercial,Birmingham
P00035,Female,1939-07-30,Medicare,Birmingham
P00036,Male,2017-12-21,Medicaid,Montgomery
P00037,Female,1942-04-26,Medicare,Hoover
P00038,Female,1945-05-22,Medicaid,Tuscaloosa
P00039,Female,1997-09-12,Commercial,Huntsville
P00040,Male,1963-08-18,Commercial,Tuscaloosa
P00041,Female,2008-09-04,Medicaid,Birmingham
P00042,Female,1951-05-09,Medicare,Montgomery
P00043,Male,1957-03-30,Medicare,Bessemer
P00044,Female,1990-11-23,Self-Pay,Birmingham
P00045,Male,2017-08-04,Commercial,Birmingham
P00046,Female,1931-12-27,Medicare,Huntsville
P00047,Male,1981-07-20,Medicaid,Tuscaloosa
P00048,Male,1939-10-03,Medicare,Hoover
P00049,Male,1959-09-01,Commercial,Tuscaloosa
P00050,Male,1950-07-19,Medicare,Huntsville
P00051,Female,1951-09-05,Commercial,Hoover
P00052,Male,2005-08-11,Commercial,Birmingham
P00053,Male,1989-03-28,Commercial,Birmingham
P00054,Male,1979-03-12,Commercial,Hoover
P00055,Male,1976-12-30,Commercial,Bessemer
P00056,Male,2019-08-17,Commercial,Tuscaloosa
P00057,Male,1972-02-27,Commercial,Birmingham
P00058,Female,2009-06-22,Commercial,Bessemer
P00059,Male,1953-10-19,Medicare,Hoover
P00060,Male,1959-05-30,Commercial,Hoover
P00061,Male,1936-11-10,Commercial,Birmingham
P00062,Female,1953-12-25,Medicare,Huntsville
P00063,Male,1989-05-16,Medicaid,Huntsville
P00064,Male,1932-06-27,Medicare,Montgomery
P00065,Male,1984-03-31,Medicaid,Birmingham
P00066,Female,1993-08-29,Commercial,Hoover
P00067,Female,1937-02-24,Medicare,Birmingham
P00068,Female,1988-08-01,Commercial,Bessemer
P00069,Female,2016-04-07,Commercial,Birmingham
P00070,Male,1979-11-26,Medicaid,Tuscaloosa
P00071,Female,1948-11-27,Medicare,Huntsville
P00072,Male,2006-03-22,Commercial,Birmingham
P00073,Female,1980-03-03,Commercial,Birmingham
P00074,Female,2011-01-23,Medicaid,Birmingham
P00075,Male,1958-09-05,Medicare,Tuscaloosa
P00076,Female,1978-12-24,Commercial,Bessemer
P00077,Female,1992-01-10,Commercial,Hoover
P00078,Female,2002-05-27,Commercial,Bessemer
P00079,Male,1970-10-03,Medicaid,Birmingham
P00080,Male,1960-03-29,Commercial,Hoover
P00081,Female,1934-02-06,Medicare,Bessemer
P00082,Male,1982-09-20,Commercial,Montgomery
P00083,Female,2008-03-27,Commercial,Birmingham
P00084,Male,1944-03-20,Medicare,Huntsville
P00085,Female,1964-07-02,Commercial,Montgomery
P00086,Male,1957-05-16,Commercial,Huntsville
P00087,Male,2014-09-25,Commercial,Tuscaloosa
P00088,Female,1994-01-27,Commercial,Birmingham
P00089,Female,1951-01-08,Medicare,Birmingham
P00090,Female,1944-01-09,Unknown,Tuscaloosa
P00091,Female,1982-04-07,Medicaid,Hoover
P00092,Female,1947-12-17,Medicare,Birmingham
P00093,Female,1944-08-21,Medicaid,Birmingham
P00094,Male,1987-07-23,Medicaid,Hoover
P00095,Female,1938-01-16,Medicare,Hoover
P00096,Male,1996-06-16,Commercial,Hoover
P00097,Female,2001-06-20,Commercial,Hoover
P00098,Male,1959-11-09,Commercial,Birmingham
P00099,Female,1963-03-18,Commercial,Montgomery
P00100,Male,2010-09-01,Commercial,Tuscaloosa
P00101,Female,1944-11-29,Medicare,Birmingham
P00102,Female,2005-01-06,Commercial,Hoover
P00103,Male,1947-10-24,Medicare,Hoover
P00104,Male,2023-12-27,Medicaid,Tuscaloosa
P00105,Male,1948-12-04,Commercial,Tuscaloosa
P00106,Female,1949-07-20,Medicare,Tuscaloosa
P00107,Female,1949-11-25,Medicare,Huntsville
P00108,Male,1960-02-29,Commercial,Birmingham
P00109,Male,1979-06-28,Self-Pay,Birmingham
P00110,Male,1957-09-05,Unknown,Birmingham
P00111,Female,1997-12-31,Commercial,Hoover
P00112,Female,1949-07-10,Medicaid,Hoover
P00113,Male,1971-11-07,Commercial,Huntsville
P00114,Male,1980-01-11,Commercial,Birmingham
P00115,Female,1975-09-17,Commercial,Tuscaloosa
P00116,Male,1969-07-12,Commercial,Birmingham
P00117,Male,2020-12-26,Unknown,Hoover
P00118,Female,2010-11-15,Commercial,Huntsville
P00119,Female,2000-10-18,Commercial,Birmingham
P00120,Male,2013-12-14,Commercial,Birmingham
P00121,Female,1982-04-12,Self-Pay,Hoover
P00122,Male,1960-01-22,Commercial,Huntsville
P00123,Male,1961-01-07,Self-Pay,Birmingham
P00124,Female,1979-09-26,Commercial,Bessemer
P00125,Male,1942-03-20,Self-Pay,Bessemer
P00126,Female,1970-07-02,Medicaid,Montgomery
P00127,Female,2016-12-16,Commercial,Birmingham
P00128,Male,1951-11-29,Medicare,Huntsville
P00129,Male,1969-06-16,Commercial,Birmingham
P00130,Female,1963-07-31,Self-Pay,Montgomery
P00131,Male,1970-12-29,Unknown,Hoover
P00132,Male,1971-01-27,Commercial,Birmingham
P00133,Male,2015-04-10,Medicaid,Birmingham
P00134,Male,1970-07-02,Commercial,Montgomery
P00135,Female,1948-01-07,Medicare,Montgomery
P00136,Female,1995-01-12,Medicare,Hoover
P00137,Male,1966-01-11,Commercial,Hoover
P00138,Female,2021-09-29,Commercial,Huntsville
P00139,Male,1990-02-14,Commercial,Montgomery
P00140,Female,1982-07-01,Commercial,Huntsville
P00141,Female,1930-04-11,Medicare,Hoover
P00142,Female,2003-02-22,Commercial,Tuscaloosa
P00143,Female,1997-11-03,Unknown,Montgomery
P00144,Female,1985-07-22,Commercial,Birmingham
P00145,Male,1929-11-15,Medicare,Hoover
P00146,Male,1942-09-21,Medicare,Birmingham
P00147,Female,2020-08-04,Medicaid,Hoover
P00148,Female,2001-02-23,Commercial,Huntsville
P00149,Male,1945-02-21,Medicare,Birmingham
P00150,Female,2018-08-12,Medicaid,Tuscaloosa
P00151,Female,1942-09-03,Medicare,Birmingham
P00152,Male,1997-06-22,Commercial,Montgomery
P00153,Male,1936-02-04,Medicare,Montgomery
P00154,Male,1996-01-11,Commercial,Tuscaloosa
P00155,Male,1982-10-11,Unknown,Huntsville
P00156,Male,1961-10-25,Medicare,Birmingham
P00157,Male,2012-04-19,Commercial,Montgomery
P00158,Female,1971-09-13,Medicaid,Huntsville
P00159,Female,1976-10-21,Commercial,Birmingham
P00160,Female,1949-12-21,Medicare,Bessemer
P00161,Female,1929-08-07,Medicare,Birmingham
P00162,Male,1960-08-11,Commercial,Tuscaloosa
P00163,Female,1985-06-10,Commercial,Birmingham
P00164,Female,1985-10-20,Commercial,Huntsville
P00165,Female,1984-04-16,Commercial,Birmingham
P00166,Female,1946-04-28,Medicare,Birmingham
P00167,Male,1993-07-17,Medicare,Hoover
P00168,Male,2008-10-27,Medicaid,Bessemer
P00169,Female,1992-06-30,Commercial,Birmingham
P00170,Female,2021-04-30,Medicaid,Tuscaloosa
P00171,Male,2013-08-18,Self-Pay,Hoover
P00172,Male,2015-09-27,Commercial,Montgomery
P00173,Male,1950-07-01,Self-Pay,Birmingham
P00174,Male,1955-08-25,Medicare,Tuscaloosa
P00175,Female,1957-08-08,Medicaid,Bessemer
P00176,Male,1980-08-27,Commercial,Birmingham
P00177,Male,1955-09-13,Medicare,Hoover
P00178,Male,2008-04-15,Self-Pay,Montgomery
P00179,Male,1938-07-18,Medicare,Birmingham
P00180,Female,1976-07-15,Self-Pay,Hoover
P00181,Female,1934-05-08,Medicare,Birmingham
P00182,Male,2009-08-23,Medicaid,Montgomery
P00183,Female,1976-11-26,Commercial,Bessemer
P00184,Female,1957-02-24,Medicare,Tuscaloosa
P00185,Female,1976-12-12,Self-Pay,Tuscaloosa
P00186,Male,1981-06-07,Commercial,Hoover
P00187,Female,2008-09-26,Medicaid,Birmingham
P00188,Female,1987-10-15,Medicaid,Birmingham
P00189,Male,2001-12-17,Medicaid,Birmingham
P00190,Male,1995-02-07,Commercial,Birmingham
P00191,Male,1959-07-29,Medicaid,Tuscaloosa
P00192,Male,1964-08-29,Commercial,Birmingham
P00193,Female,1966-04-06,Commercial,Birmingham
P00194,Male,1989-12-18,Commercial,Hoover
P00195,Male,1932-06-09,Medicare,Birmingham
P00196,Female,2015-07-05,Commercial,Birmingham
P00197,Male,1991-06-13,Medicaid,Birmingham
P00198,Female,2012-11-17,Commercial,Birmingham
P00199,Female,1991-01-19,Medicaid,Tuscaloosa
P00200,Female,1932-10-06,Medicare,Huntsville
P00201,Female,1989-04-29,Medicaid,Montgomery
P00202,Male,1937-04-04,Medicaid,Huntsville
P00203,Female,1976-08-29,Medicaid,Tuscaloosa
P00204,Male,1957-11-15,Medicare,Bessemer
P00205,Female,1980-09-15,Commercial,Hoover
P00206,Female,1998-03-13,Commercial,Tuscaloosa
P00207,Female,1951-02-05,Medicare,Hoover
P00208,Female,1931-01-25,Medicare,Birmingham
P00209,Male,1998-10-11,Commercial,Birmingham
P00210,Male,1950-05-25,Medicare,Birmingham
P00211,Female,1999-11-07,Commercial,Montgomery
P00212,Male,1955-04-17,Medicare,Birmingham
P00213,Male,1949-08-03,Medicare,Huntsville
P00214,Male,1981-04-16,Medicaid,Montgomery
P00215,Female,1953-04-26,Medicare,Hoover
P00216,Female,1998-01-04,Medicaid,Birmingham
P00217,Male,2016-07-07,Commercial,Hoover
P00218,Male,2014-08-30,Medicaid,Birmingham
P00219,Female,1981-06-23,Self-Pay,Bessemer
P00220,Male,1938-11-03,Medicare,Huntsville
P00221,Female,2011-11-22,Medicaid,Huntsville
P00222,Male,1980-06-26,Medicare,Hoover
P00223,Female,1957-03-06,Medicare,Huntsville
P00224,Male,2004-06-21,Medicaid,Huntsville
P00225,Female,1955-03-22,Medicare,Birmingham
P00226,Female,1994-10-29,Commercial,Birmingham
P00227,Male,1947-07-21,Medicare,Birmingham
P00228,Female,1968-05-23,Medicaid,Hoover
P00229,Female,1972-08-28,Commercial,Montgomery
P00230,Male,2007-12-27,Medicaid,Tuscaloosa
P00231,Female,1979-12-06,Self-Pay,Hoover
P00232,Female,1942-01-28,Medicare,Bessemer
P00233,Male,2022-05-26,Commercial,Birmingham
P00234,Male,1951-09-27,Medicare,Birmingham
P00235,Male,1977-09-29,Medicaid,Bessemer
P00236,Female,1955-12-18,Medicare,Bessemer
P00237,Male,1960-01-23,Commercial,Huntsville
P00238,Male,1982-11-23,Commercial,Birmingham
P00239,Male,1994-03-30,Commercial,Bessemer
P00240,Female,1964-10-06,Commercial,Huntsville
P00241,Female,2010-09-01,Unknown,Huntsville
P00242,Male,1968-09-24,Commercial,Birmingham
P00243,Male,2015-03-07,Medicaid,Hoover
P00244,Female,1962-12-21,Commercial,Montgomery
P00245,Male,1964-08-26,Commercial,Montgomery
P00246,Female,2015-09-22,Medicaid,Tuscaloosa
P00247,Female,1952-09-24,Commercial,Tuscaloosa
P00248,Female,1984-10-23,Medicare,Huntsville
P00249,Female,1949-02-02,Medicare,Tuscaloosa
P00250,Female,2020-08-16,Commercial,Hoover
P00251,Female,2006-08-02,Medicaid,Birmingham
P00252,Female,1977-08-14,Medicaid,Birmingham
P00253,Male,2006-01-09,Medicaid,Huntsville
P00254,Male,1992-08-31,Commercial,Birmingham
P00255,Male,1961-08-30,Commercial,Birmingham
P00256,Female,2010-09-04,Medicaid,Bessemer
P00257,Male,1959-09-04,Medicare,Huntsville
P00258,Female,2014-11-30,Medicaid,Birmingham
P00259,Male,2007-05-26,Commercial,Birmingham
P00260,Male,1968-12-23,Commercial,Huntsville
P00261,Female,1948-10-11,Commercial,Hoover
P00262,Female,2007-10-20,Commercial,Hoover
P00263,Male,1995-09-17,Commercial,Hoover
P00264,Male,1936-03-31,Medicaid,Birmingham
P00265,Male,1929-05-28,Medicare,Huntsville
P00266,Male,1968-01-06,Commercial,Birmingham
P00267,Male,1981-08-26,Commercial,Hoover
P00268,Female,1991-01-28,Commercial,Birmingham
P00269,Male,1965-12-16,Commercial,Birmingham
P00270,Female,1967-07-01,Commercial,Birmingham
P00271,Female,1995-03-16,Self-Pay,Montgomery
P00272,Female,2021-06-21,Medicaid,Birmingham
P00273,Male,2009-01-26,Commercial,Birmingham
P00274,Male,1932-09-09,Unknown,Birmingham
P00275,Female,1984-12-20,Medicaid,Huntsville
P00276,Female,1978-03-25,Medicaid,Hoover
P00277,Female,1979-12-08,Commercial,Bessemer
P00278,Male,1949-03-28,Commercial,Huntsville
P00279,Female,2017-04-09,Medicaid,Tuscaloosa
P00280,Female,2016-02-28,Commercial,Tuscaloosa
P00281,Female,1997-07-11,Medicare,Birmingham
P00282,Male,1977-02-09,Commercial,Bessemer
P00283,Female,1960-11-01,Commercial,Bessemer
P00284,Female,1977-07-27,Medicaid,Birmingham
P00285,Female,1982-11-18,Self-Pay,Tuscaloosa
P00286,Female,1934-03-28,Medicare,Birmingham
P00287,Female,2008-04-16,Commercial,Tuscaloosa
P00288,Male,1969-03-13,Unknown,Huntsville
P00289,Female,1972-03-29,Self-Pay,Bessemer
P00290,Female,1979-09-11,Commercial,Birmingham
P00291,Male,1947-12-08,Medicare,Huntsville
P00292,Male,1998-01-27,Medicaid,Huntsville
P00293,Female,1933-07-06,Medicare,Birmingham
P00294,Female,1992-11-28,Commercial,Tuscaloosa
P00295,Male,1972-01-29,Commercial,Tuscaloosa
P00296,Female,1974-01-04,Commercial,Huntsville
P00297,Male,1943-07-23,Medicare,Bessemer
P00298,Female,1982-03-26,Commercial,Birmingham
P00299,Female,1996-12-19,Commercial,Birmingham
P00300,Female,2021-11-28,Commercial,Birmingham
P00301,Male,1989-09-23,Commercial,Birmingham
P00302,Female,1945-05-07,Medicare,Hoover
P00303,Female,2023-11-14,Self-Pay,Montgomery
P00304,Female,1938-12-20,Medicare,Hoover
P00305,Male,1972-05-02,Medicare,Huntsville
P00306,Female,2010-03-26,Medicaid,Birmingham
P00307,Male,1995-04-07,Commercial,Birmingham
P00308,Male,1971-03-16,Commercial,Montgomery
P00309,Female,1994-03-14,Self-Pay,Tuscaloosa
P00310,Male,2013-05-27,Commercial,Birmingham
P00311,Male,1960-06-26,Commercial,Bessemer
P00312,Female,1960-02-24,Commercial,Hoover
P00313,Female,2012-08-27,Medicaid,Birmingham
P00314,Female,1997-11-27,Commercial,Hoover
P00315,Female,2000-04-02,Medicare,Huntsville
P00316,Male,1961-09-23,Commercial,Birmingham
P00317,Male,1954-01-09,Unknown,Montgomery
P00318,Male,1954-08-03,Medicaid,Tuscaloosa
P00319,Female,1934-02-25,Commercial,Hoover
P00320,Female,1950-12-17,Medicare,Montgomery
P00321,Female,1993-05-06,Commercial,Hoover
P00322,Male,2013-07-22,Commercial,Hoover
P00323,Female,1965-07-17,Commercial,Birmingham
P00324,Male,1936-09-27,Medicare,Birmingham
P00325,Male,1931-01-12,Medicare,Hoover
P00326,Female,2002-08-11,Commercial,Birmingham
P00327,Male,2001-02-25,Medicaid,Tuscaloosa
P00328,Male,2020-07-30,Commercial,Birmingham
P00329,Male,2010-12-15,Commercial,Birmingham
P00330,Female,1971-02-15,Self-Pay,Tuscaloosa
P00331,Female,1972-10-26,Medicaid,Birmingham
P00332,Male,1988-09-25,Self-Pay,Tuscaloosa
P00333,Female,1994-02-21,Medicaid,Huntsville
P00334,Male,1945-02-09,Medicare,Birmingham
P00335,Female,1980-02-02,Commercial,Birmingham
P00336,Male,1947-07-30,Medicare,Hoover
P00337,Male,1932-03-31,Medicare,Birmingham
P00338,Female,1993-09-04,Medicare,Hoover
P00339,Female,2004-04-06,Commercial,Huntsville
P00340,Male,1933-07-02,Medicaid,Tuscaloosa
P00341,Female,1963-12-14,Medicaid,Hoover
P00342,Male,1996-08-02,Medicaid,Bessemer
P00343,Male,1964-07-15,Commercial,Birmingham
P00344,Female,1975-09-30,Medicaid,Montgomery
P00345,Male,1937-08-18,Medicare,Montgomery
P00346,Female,1999-07-02,Self-Pay,Hoover
P00347,Male,1929-12-14,Medicare,Birmingham
P00348,Female,1935-11-07,Commercial,Birmingham
P00349,Female,2006-03-28,Commercial,Bessemer
P00350,Female,2008-08-26,Commercial,Birmingham
P00351,Male,1973-05-24,Medicaid,Montgomery
P00352,Male,2019-06-09,Medicaid,Hoover
P00353,Male,1995-06-14,Commercial,Hoover
P00354,Female,1982-08-04,Medicaid,Tuscaloosa
P00355,Male,1931-07-09,Commercial,Birmingham
P00356,Male,1929-03-07,Medicare,Hoover
P00357,Male,2009-01-14,Commercial,Bessemer
P00358,Female,1939-09-30,Medicare,Birmingham
P00359,Male,2015-05-02,Commercial,Bessemer
P00360,Female,1952-01-14,Medicare,Bessemer
P00361,Female,1943-12-30,Medicare,Birmingham
P00362,Male,1939-03-21,Medicare,Tuscaloosa
P00363,Female,2002-07-04,Commercial,Birmingham
P00364,Female,1939-01-13,Commercial,Tuscaloosa
P00365,Male,2012-06-04,Commercial,Bessemer
P00366,Male,1974-03-02,Unknown,Montgomery
P00367,Female,1979-11-02,Commercial,Bessemer
P00368,Male,1993-11-11,Commercial,Birmingham
P00369,Female,2021-01-28,Medicaid,Tuscaloosa
P00370,Female,1950-06-23,Medicare,Birmingham
P00371,Female,1992-06-12,Commercial,Montgomery
P00372,Male,1961-10-31,Medicaid,Birmingham
P00373,Female,1985-10-11,Commercial,Birmingham
P00374,Female,1988-03-09,Medicaid,Birmingham
P00375,Male,1939-09-13,Medicare,Birmingham
P00376,Male,2015-06-02,Medicaid,Birmingham
P00377,Male,1954-09-08,Medicare,Birmingham
P00378,Male,1953-09-27,Medicare,Montgomery
P00379,Female,1987-11-02,Self-Pay,Huntsville
P00380,Female,1999-01-27,Medicare,Birmingham
P00381,Female,2023-01-23,Commercial,Montgomery
P00382,Male,1935-11-20,Medicare,Hoover
P00383,Female,1933-08-26,Medicare,Huntsville
P00384,Female,2001-06-10,Commercial,Birmingham
P00385,Female,2020-08-15,Commercial,Tuscaloosa
P00386,Female,2012-04-13,Commercial,Hoover
P00387,Male,2017-09-29,Medicaid,Birmingham
P00388,Male,1945-12-11,Medicare,Tuscaloosa
P00389,Female,1939-09-01,Medicare,Huntsville
P00390,Male,2009-05-28,Commercial,Huntsville
P00391,Male,1953-10-28,Medicare,Birmingham
P00392,Female,2006-03-10,Commercial,Hoover
P00393,Female,1989-12-28,Commercial,Huntsville
P00394,Male,1967-12-08,Commercial,Birmingham
P00395,Female,1955-06-30,Medicare,Birmingham
P00396,Male,1940-06-29,Medicare,Birmingham
P00397,Male,2019-09-16,Medicaid,Birmingham
P00398,Male,2005-09-29,Commercial,Birmingham
P00399,Male,1997-12-07,Medicaid,Birmingham
P00400,Female,1994-05-05,Commercial,Tuscaloosa
P00401,Female,1929-08-16,Medicaid,Huntsville
P00402,Female,1950-11-19,Medicare,Montgomery
P00403,Male,1993-08-09,Medicare,Tuscaloosa
P00404,Male,1931-01-24,Medicare,Hoover
P00405,Male,1976-09-28,Commercial,Bessemer
P00406,Male,1976-02-10,Commercial,Huntsville
P00407,Female,1982-09-29,Self-Pay,Tuscaloosa
P00408,Male,2010-10-26,Medicaid,Birmingham
P00409,Male,1935-09-28,Commercial,Tuscaloosa
P00410,Male,2022-09-06,Medicaid,Tuscaloosa
P00411,Male,2007-11-18,Medicaid,Huntsville
P00412,Female,2002-06-01,Medicaid,Montgomery
P00413,Male,1997-09-02,Commercial,Bessemer
P00414,Female,2011-04-14,Unknown,Bessemer
P00415,Female,2022-07-06,Medicaid,Tuscaloosa
P00416,Male,1959-07-24,Commercial,Bessemer
P00417,Male,1931-07-14,Medicare,Bessemer
P00418,Male,2012-11-05,Medicaid,Birmingham
P00419,Female,1995-04-16,Medicare,Tuscaloosa
P00420,Female,1975-11-24,Commercial,Birmingham
P00421,Female,1935-04-13,Medicare,Birmingham
P00422,Male,1958-01-02,Medicare,Birmingham
P00423,Male,1951-03-29,Medicare,Hoover
P00424,Male,1968-07-19,Medicaid,Birmingham
P00425,Female,1984-09-09,Commercial,Birmingham
P00426,Male,2005-02-17,Commercial,Birmingham
P00427,Male,1941-09-30,Unknown,Tuscaloosa
P00428,Female,1947-07-09,Medicare,Montgomery
P00429,Male,2021-03-26,Medicaid,Bessemer
P00430,Male,1956-01-31,Medicare,Hoover
P00431,Female,2015-01-30,Medicaid,Birmingham
P00432,Female,1953-11-30,Commercial,Montgomery
P00433,Male,1945-02-08,Medicaid,Birmingham
P00434,Male,2011-11-21,Medicaid,Bessemer
P00435,Male,1982-06-02,Commercial,Huntsville
P00436,Male,2012-01-28,Commercial,Hoover
P00437,Female,1970-05-07,Commercial,Birmingham
P00438,Male,1935-01-21,Medicare,Birmingham
P00439,Male,2016-08-29,Medicaid,Tuscaloosa
P00440,Female,1986-09-09,Unknown,Hoover
P00441,Male,1931-09-04,Medicare,Montgomery
P00442,Female,1995-08-25,Commercial,Tuscaloosa
P00443,Female,2011-04-27,Commercial,Hoover
P00444,Female,1977-07-20,Self-Pay,Birmingham
P00445,Male,1975-04-07,Medicaid,Hoover
P00446,Female,1961-08-03,Commercial,Birmingham
P00447,Female,1994-09-11,Commercial,Huntsville
P00448,Male,1933-10-24,Medicare,Tuscaloosa
P00449,Female,1974-06-14,Commercial,Montgomery
P00450,Male,1996-02-09,Medicare,Hoover
P00451,Male,1932-02-23,Unknown,Birmingham
P00452,Female,1936-10-01,Commercial,Montgomery
P00453,Female,1976-07-11,Commercial,Huntsville
P00454,Male,2021-04-19,Commercial,Huntsville
P00455,Female,1967-05-23,Commercial,Tuscaloosa
P00456,Female,1971-12-08,Commercial,Montgomery
P00457,Male,2009-05-31,Medicaid,Birmingham
P00458,Male,1963-12-18,Commercial,Hoover
P00459,Male,1944-11-20,Medicare,Montgomery
P00460,Male,2013-05-08,Commercial,Birmingham
P00461,Male,1955-11-25,Medicare,Montgomery
P00462,Male,2010-08-31,Medicaid,Birmingham
P00463,Male,1952-06-01,Medicare,Birmingham
P00464,Male,1984-05-07,Self-Pay,Birmingham
P00465,Male,2023-07-23,Unknown,Montgomery
P00466,Female,1932-11-28,Medicare,Huntsville
P00467,Female,2008-03-16,Medicaid,Birmingham
P00468,Female,1967-01-20,Commercial,Birmingham
P00469,Male,2006-02-11,Self-Pay,Birmingham
P00470,Female,1935-04-03,Medicare,Birmingham
P00471,Female,1953-08-08,Commercial,Huntsville
P00472,Male,1947-02-16,Medicare,Birmingham
P00473,Female,1982-07-07,Commercial,Birmingham
P00474,Female,1979-11-13,Medicaid,Birmingham
P00475,Female,1963-02-25,Commercial,Tuscaloosa
P00476,Female,1949-09-07,Medicare,Huntsville
P00477,Male,1943-01-24,Medicare,Tuscaloosa
P00478,Female,2022-08-20,Medicaid,Tuscaloosa
P00479,Female,1960-02-19,Commercial,Bessemer
P00480,Male,2013-06-19,Self-Pay,Hoover
P00481,Female,1996-07-15,Commercial,Montgomery
P00482,Female,1945-09-15,Medicare,Tuscaloosa
P00483,Male,2000-03-02,Commercial,Birmingham
P00484,Male,1948-12-10,Medicare,Montgomery
P00485,Male,1980-07-14,Commercial,Tuscaloosa
P00486,Male,2001-08-20,Unknown,Tuscaloosa
P00487,Male,1992-06-17,Commercial,Birmingham
P00488,Female,1973-10-01,Medicaid,Hoover
P00489,Male,1951-05-04,Medicare,Montgomery
P00490,Male,1966-08-14,Unknown,Birmingham
P00491,Female,1935-10-25,Medicare,Birmingham
P00492,Male,1941-10-22,Commercial,Birmingham
P00493,Female,1952-04-22,Self-Pay,Hoover
P00494,Male,1966-09-28,Medicaid,Montgomery
P00495,Male,1996-09-11,Commercial,Tuscaloosa
P00496,Male,1984-05-18,Commercial,Bessemer
P00497,Female,2012-09-03,Medicaid,Hoover
P00498,Male,1988-08-13,Commercial,Hoover
P00499,Male,1935-10-04,Commercial,Birmingham
P00500,Female,1983-08-28,Commercial,Birmingham
P00501,Female,2013-04-24,Medicaid,Huntsville
P00502,Male,1962-06-21,Commercial,Birmingham
P00503,Female,1932-01-03,Medicare,Birmingham
P00504,Male,1941-03-26,Medicare,Montgomery
P00505,Male,1997-12-26,Medicaid,Tuscaloosa
P00506,Female,1980-08-16,Commercial,Birmingham
P00507,Male,1973-09-18,Commercial,Huntsville
P00508,Female,2000-06-01,Medicaid,Hoover
P00509,Male,1998-09-27,Commercial,Montgomery
P00510,Male,2001-01-14,Commercial,Huntsville
P00511,Female,1929-09-14,Medicare,Birmingham
P00512,Male,1953-06-25,Medicare,Birmingham
P00513,Female,1944-11-18,Commercial,Birmingham
P00514,Male,1946-02-03,Medicare,Huntsville
P00515,Female,1932-02-04,Medicare,Hoover
P00516,Male,2013-03-18,Medicaid,Huntsville
P00517,Male,1940-08-26,Unknown,Hoover
P00518,Female,2017-12-11,Medicaid,Birmingham
P00519,Male,1978-04-17,Commercial,Birmingham
P00520,Female,1967-07-29,Medicaid,Birmingham
P00521,Male,1990-01-05,Medicaid,Hoover
P00522,Female,2010-04-22,Medicaid,Tuscaloosa
P00523,Male,2005-06-19,Commercial,Bessemer
P00524,Female,1945-01-06,Commercial,Birmingham
P00525,Female,1993-03-15,Commercial,Huntsville
P00526,Male,1994-07-18,Commercial,Birmingham
P00527,Male,1936-12-26,Medicare,Huntsville
P00528,Male,2010-11-29,Commercial,Birmingham
P00529,Male,1937-07-24,Medicare,Tuscaloosa
P00530,Female,1936-06-10,Medicare,Birmingham
P00531,Male,1967-12-21,Commercial,Birmingham
P00532,Female,2008-11-16,Medicaid,Tuscaloosa
P00533,Female,2009-04-19,Commercial,Birmingham
P00534,Male,1996-04-02,Commercial,Hoover
P00535,Male,1969-12-22,Commercial,Birmingham
P00536,Female,2009-06-30,Medicaid,Bessemer
P00537,Female,1980-12-03,Commercial,Birmingham
P00538,Male,2013-04-12,Commercial,Tuscaloosa
P00539,Female,1972-03-03,Medicaid,Montgomery
P00540,Female,2021-02-18,Medicaid,Huntsville
P00541,Female,1956-05-28,Medicare,Birmingham
P00542,Female,2018-05-17,Medicaid,Tuscaloosa
P00543,Female,2005-01-28,Self-Pay,Birmingham
P00544,Male,2007-05-23,Commercial,Tuscaloosa
P00545,Female,1945-07-23,Medicare,Hoover
P00546,Female,2018-04-01,Medicaid,Huntsville
P00547,Male,1983-05-31,Self-Pay,Montgomery
P00548,Male,1967-02-28,Medicaid,Birmingham
P00549,Male,1974-06-24,Commercial,Birmingham
P00550,Male,1959-02-18,Commercial,Hoover
P00551,Male,1947-12-16,Medicare,Tuscaloosa
P00552,Male,1986-12-19,Commercial,Birmingham
P00553,Male,1945-11-26,Medicare,Tuscaloosa
P00554,Male,1993-06-12,Commercial,Hoover
P00555,Male,1930-04-18,Medicare,Bessemer
P00556,Female,1976-10-15,Commercial,Hoover
P00557,Male,1954-11-06,Medicare,Birmingham
P00558,Male,1940-02-22,Medicare,Birmingham
P00559,Female,1948-04-03,Medicare,Tuscaloosa
P00560,Male,1943-05-10,Medicare,Birmingham
P00561,Female,1973-07-07,Self-Pay,Birmingham
P00562,Female,2019-08-01,Unknown,Birmingham
P00563,Male,1977-12-25,Commercial,Huntsville
P00564,Female,2006-10-25,Commercial,Bessemer
P00565,Female,1939-02-08,Medicare,Birmingham
P00566,Female,2001-08-31,Commercial,Birmingham
P00567,Male,2002-04-19,Commercial,Hoover
P00568,Female,2000-04-20,Medicare,Birmingham
P00569,Male,1962-09-11,Commercial,Bessemer
P00570,Male,1969-10-19,Commercial,Hoover
P00571,Male,1933-04-24,Medicare,Huntsville
P00572,Male,1984-11-28,Commercial,Bessemer
P00573,Male,1997-07-05,Medicaid,Tuscaloosa
P00574,Female,2019-02-11,Medicaid,Birmingham
P00575,Male,2023-04-17,Commercial,Tuscaloosa
P00576,Male,1988-03-29,Medicaid,Hoover
P00577,Female,1936-12-02,Medicaid,Hoover
P00578,Female,1974-10-21,Medicaid,Bessemer
P00579,Male,1939-09-23,Medicare,Birmingham
P00580,Female,2014-09-17,Medicaid,Hoover
P00581,Male,2015-10-23,Commercial,Birmingham
P00582,Female,1944-01-13,Medicaid,Birmingham
P00583,Male,2013-11-02,Commercial,Tuscaloosa
P00584,Female,2019-04-18,Self-Pay,Huntsville
P00585,Male,1985-06-01,Commercial,Tuscaloosa
P00586,Female,1936-05-24,Medicare,Birmingham
P00587,Female,1958-10-15,Medicare,Birmingham
P00588,Female,2014-09-11,Commercial,Hoover
P00589,Female,1944-05-25,Medicare,Hoover
P00590,Male,1943-09-14,Commercial,Huntsville
P00591,Male,1947-04-23,Medicare,Tuscaloosa
P00592,Female,1938-12-18,Medicare,Montgomery
P00593,Male,2001-12-06,Commercial,Montgomery
P00594,Female,1930-04-11,Medicare,Birmingham
P00595,Female,1993-05-21,Medicaid,Tuscaloosa
P00596,Male,1947-12-17,Commercial,Huntsville
P00597,Male,1968-02-08,Commercial,Bessemer
P00598,Male,1949-12-31,Medicare,Hoover
P00599,Female,1964-01-19,Commercial,Tuscaloosa
P00600,Female,1962-04-10,Commercial,Hoover
P00601,Male,1965-01-06,Commercial,Huntsville
P00602,Female,1949-01-20,Commercial,Bessemer
P00603,Female,1953-09-09,Self-Pay,Bessemer
P00604,Male,2011-03-31,Commercial,Birmingham
P00605,Male,1945-10-17,Medicare,Birmingham
P00606,Female,1973-07-13,Commercial,Huntsville
P00607,Female,1993-10-06,Commercial,Tuscaloosa
P00608,Male,1975-07-08,Medicaid,Bessemer
P00609,Female,1932-02-18,Medicare,Birmingham
P00610,Female,1942-07-26,Commercial,Montgomery
P00611,Female,1944-11-29,Commercial,Huntsville
P00612,Male,1980-09-05,Commercial,Birmingham
P00613,Male,1949-03-20,Medicare,Birmingham
P00614,Female,1987-06-25,Commercial,Huntsville
P00615,Female,1958-06-11,Medicare,Birmingham
P00616,Male,1963-07-28,Commercial,Montgomery
P00617,Male,2000-09-17,Medicaid,Tuscaloosa
P00618,Male,1998-05-28,Commercial,Hoover
P00619,Female,2018-05-15,Medicaid,Birmingham
P00620,Male,2010-02-08,Commercial,Bessemer
P00621,Male,1982-05-21,Unknown,Huntsville
P00622,Male,1978-01-03,Self-Pay,Huntsville
P00623,Female,2008-03-06,Commercial,Huntsville
P00624,Male,1984-12-04,Self-Pay,Tuscaloosa
P00625,Female,1966-08-11,Medicaid,Bessemer
P00626,Female,2001-08-14,Commercial,Tuscaloosa
P00627,Female,1991-12-31,Commercial,Tuscaloosa
P00628,Male,1989-10-28,Commercial,Birmingham
P00629,Female,1976-03-29,Medicaid,Birmingham
P00630,Male,1989-08-26,Commercial,Huntsville
P00631,Female,1953-11-09,Medicare,Birmingham
P00632,Female,1992-09-19,Commercial,Huntsville
P00633,Female,1982-09-23,Commercial,Bessemer
P00634,Male,1987-10-30,Commercial,Hoover
P00635,Female,2006-11-26,Commercial,Birmingham
P00636,Female,1958-03-29,Medicare,Huntsville
P00637,Female,2001-03-07,Commercial,Birmingham
P00638,Female,1995-07-04,Commercial,Montgomery
P00639,Male,1948-05-22,Medicare,Tuscaloosa
P00640,Female,1933-01-31,Unknown,Hoover
P00641,Female,1960-02-29,Medicaid,Tuscaloosa
P00642,Male,1936-12-21,Medicare,Hoover
P00643,Female,1942-01-19,Medicare,Birmingham
P00644,Female,1978-12-08,Medicare,Birmingham
P00645,Female,1950-12-23,Medicare,Hoover
P00646,Female,1992-08-07,Self-Pay,Montgomery
P00647,Male,1980-04-04,Self-Pay,Birmingham
P00648,Female,1973-12-03,Medicaid,Birmingham
P00649,Female,1932-09-17,Medicare,Birmingham
P00650,Male,1943-09-28,Medicare,Hoover
P00651,Female,1977-08-09,Commercial,Birmingham
P00652,Male,1962-01-07,Commercial,Huntsville
P00653,Male,2004-09-03,Medicaid,Birmingham
P00654,Female,1947-10-17,Medicare,Huntsville
P00655,Female,1971-11-18,Commercial,Birmingham
P00656,Female,1973-10-21,Commercial,Hoover
P00657,Female,1951-11-14,Commercial,Birmingham
P00658,Female,1963-06-06,Medicaid,Huntsville
P00659,Male,2017-08-01,Commercial,Bessemer
P00660,Female,1996-07-04,Medicaid,Birmingham
P00661,Female,2007-03-04,Commercial,Bessemer
P00662,Female,1954-06-04,Commercial,Birmingham
P00663,Male,2020-11-06,Medicaid,Tuscaloosa
P00664,Male,2004-08-17,Medicaid,Huntsville
P00665,Female,1967-09-09,Commercial,Birmingham
P00666,Male,1957-03-06,Medicare,Hoover
P00667,Female,1976-09-11,Unknown,Birmingham
P00668,Male,1942-11-12,Medicare,Huntsville
P00669,Male,1936-04-08,Commercial,Hoover
P00670,Male,2011-07-29,Medicaid,Montgomery
P00671,Female,1933-11-28,Medicare,Birmingham
P00672,Female,1965-04-25,Commercial,Bessemer
P00673,Male,1963-10-17,Medicare,Birmingham
P00674,Female,2014-02-19,Medicaid,Tuscaloosa
P00675,Female,1964-03-04,Commercial,Birmingham
P00676,Male,1955-08-20,Medicare,Birmingham
P00677,Male,1968-06-13,Medicaid,Birmingham
P00678,Male,2015-06-08,Medicaid,Tuscaloosa
P00679,Male,1974-05-08,Medicaid,Birmingham
P00680,Male,1935-12-07,Commercial,Tuscaloosa
P00681,Female,1955-09-05,Commercial,Bessemer
P00682,Male,2010-10-31,Medicaid,Birmingham
P00683,Male,1932-04-22,Medicare,Birmingham
P00684,Male,1932-12-07,Medicare,Birmingham
P00685,Female,2007-06-27,Self-Pay,Birmingham
P00686,Female,1947-04-11,Medicare,Hoover
P00687,Male,1985-01-20,Commercial,Huntsville
P00688,Female,1967-09-18,Commercial,Birmingham
P00689,Female,1981-12-30,Commercial,Birmingham
P00690,Male,1949-04-12,Medicare,Tuscaloosa
P00691,Female,1930-01-01,Medicare,Birmingham
P00692,Female,1948-12-08,Medicare,Tuscaloosa
P00693,Female,1935-01-05,Medicare,Bessemer
P00694,Female,1934-02-21,Commercial,Birmingham
P00695,Male,2015-04-18,Medicaid,Hoover
P00696,Female,1999-03-03,Commercial,Montgomery
P00697,Female,1955-12-05,Medicare,Huntsville
P00698,Female,1967-11-30,Commercial,Huntsville
P00699,Female,2019-09-14,Commercial,Huntsville
P00700,Female,2014-12-24,Unknown,Tuscaloosa
P00701,Female,1974-02-11,Self-Pay,Tuscaloosa
P00702,Male,1965-12-12,Commercial,Huntsville
P00703,Female,2008-06-17,Medicaid,Huntsville
P00704,Female,2007-02-24,Medicaid,Huntsville
P00705,Female,2011-04-08,Medicaid,Hoover
P00706,Female,1970-10-08,Commercial,Montgomery
P00707,Female,2023-07-14,Medicaid,Birmingham
P00708,Female,1969-06-15,Commercial,Birmingham
P00709,Female,1978-03-27,Medicaid,Birmingham
P00710,Female,1979-07-30,Commercial,Birmingham
P00711,Male,1959-09-19,Commercial,Huntsville
P00712,Female,1974-03-17,Medicaid,Birmingham
P00713,Male,1954-02-12,Medicare,Tuscaloosa
P00714,Male,1951-07-07,Commercial,Hoover
P00715,Female,1936-12-22,Medicare,Birmingham
P00716,Female,1948-07-03,Medicare,Birmingham
P00717,Female,1974-02-11,Commercial,Tuscaloosa
P00718,Female,1977-01-05,Unknown,Huntsville
P00719,Male,2001-08-08,Commercial,Hoover
P00720,Female,1967-11-08,Medicaid,Birmingham
P00721,Male,2010-06-07,Medicaid,Birmingham
P00722,Female,1935-03-04,Medicare,Birmingham
P00723,Male,1943-01-22,Medicare,Birmingham
P00724,Male,2012-12-14,Commercial,Bessemer
P00725,Female,1949-09-17,Medicare,Birmingham
P00726,Male,2012-07-11,Medicaid,Birmingham
P00727,Male,1955-11-27,Medicaid,Montgomery
P00728,Female,2015-02-12,Medicaid,Huntsville
P00729,Female,1977-11-22,Commercial,Hoover
P00730,Female,1961-05-04,Commercial,Tuscaloosa
P00731,Female,1954-01-31,Medicare,Bessemer
P00732,Male,1984-04-26,Self-Pay,Birmingham
P00733,Female,1936-03-29,Medicare,Birmingham
P00734,Female,1950-09-27,Medicare,Montgomery
P00735,Female,2004-03-05,Self-Pay,Montgomery
P00736,Female,1960-08-02,Commercial,Bessemer
P00737,Male,1954-12-10,Medicare,Birmingham
P00738,Female,1992-08-21,Medicaid,Bessemer
P00739,Male,1953-08-27,Medicare,Birmingham
P00740,Male,1938-06-25,Medicare,Huntsville
P00741,Female,1946-09-27,Medicare,Montgomery
P00742,Male,1951-07-17,Medicare,Birmingham
P00743,Female,1963-07-29,Commercial,Birmingham
P00744,Male,1998-09-04,Commercial,Tuscaloosa
P00745,Male,1948-04-22,Medicare,Montgomery
P00746,Female,1989-09-12,Medicare,Birmingham
P00747,Male,1973-03-28,Commercial,Montgomery
P00748,Male,1994-10-02,Commercial,Birmingham
P00749,Male,1994-02-20,Commercial,Hoover
P00750,Male,2009-08-21,Medicaid,Birmingham
P00751,Male,1932-12-18,Medicare,Bessemer
P00752,Female,2009-11-08,Commercial,Birmingham
P00753,Male,2015-03-13,Medicaid,Tuscaloosa
P00754,Male,1935-02-17,Medicare,Birmingham
P00755,Female,1971-10-16,Self-Pay,Bessemer
P00756,Female,1982-05-27,Commercial,Montgomery
P00757,Female,1953-06-06,Medicare,Birmingham
P00758,Female,1987-11-14,Self-Pay,Birmingham
P00759,Female,2011-07-21,Medicaid,Hoover
P00760,Female,1954-04-23,Commercial,Hoover
P00761,Male,2007-01-13,Commercial,Montgomery
P00762,Female,1971-02-26,Commercial,Tuscaloosa
P00763,Female,1933-11-27,Commercial,Hoover
P00764,Male,1935-10-07,Medicare,Huntsville
P00765,Female,1989-07-26,Commercial,Hoover
P00766,Female,1949-11-08,Medicare,Birmingham
P00767,Male,1965-06-07,Commercial,Birmingham
P00768,Male,1978-12-29,Commercial,Birmingham
P00769,Male,2010-11-21,Unknown,Tuscaloosa
P00770,Female,1988-12-15,Commercial,Birmingham
P00771,Female,1962-09-16,Unknown,Tuscaloosa
P00772,Male,1930-03-29,Medicare,Birmingham
P00773,Male,2023-10-29,Unknown,Huntsville
P00774,Male,1955-01-06,Medicare,Birmingham
P00775,Male,1943-09-25,Medicare,Hoover
P00776,Female,1933-12-16,Medicare,Birmingham
P00777,Female,1983-09-01,Commercial,Birmingham
P00778,Male,2012-04-03,Unknown,Birmingham
P00779,Male,1998-11-24,Commercial,Hoover
P00780,Female,1943-12-06,Medicare,Huntsville
P00781,Male,1940-02-26,Medicare,Birmingham
P00782,Female,1963-05-30,Self-Pay,Huntsville
P00783,Male,2012-08-29,Commercial,Tuscaloosa
P00784,Female,2012-04-01,Commercial,Hoover
P00785,Male,1978-02-27,Self-Pay,Tuscaloosa
P00786,Female,1968-08-23,Commercial,Birmingham
P00787,Male,2020-06-11,Medicaid,Huntsville
P00788,Male,1958-12-29,Medicare,Huntsville
P00789,Female,1972-09-12,Medicaid,Huntsville
P00790,Male,2022-05-29,Commercial,Birmingham
P00791,Male,2014-10-22,Commercial,Tuscaloosa
P00792,Male,1980-01-06,Medicare,Birmingham
P00793,Female,1955-01-12,Medicare,Hoover
P00794,Male,1945-09-29,Commercial,Birmingham
P00795,Male,1983-08-10,Commercial,Birmingham
P00796,Male,1995-10-24,Medicaid,Tuscaloosa
P00797,Female,1932-07-02,Medicare,Montgomery
P00798,Male,1980-11-17,Commercial,Birmingham
P00799,Female,1994-08-12,Commercial,Tuscaloosa
P00800,Female,1981-06-13,Unknown,Tuscaloosa
P00801,Female,2022-05-23,Medicaid,Bessemer
P00802,Female,1995-05-29,Medicaid,Tuscaloosa
P00803,Female,1975-10-13,Medicaid,Birmingham
P00804,Female,1936-03-18,Medicare,Birmingham
P00805,Male,1953-04-24,Medicaid,Tuscaloosa
P00806,Male,1949-04-02,Medicare,Birmingham
P00807,Female,1972-07-15,Commercial,Bessemer
P00808,Male,2013-02-10,Commercial,Bessemer
P00809,Male,1986-08-12,Commercial,Bessemer
P00810,Male,1929-03-13,Medicare,Birmingham
P00811,Male,2019-10-19,Commercial,Huntsville
P00812,Male,1940-10-03,Medicare,Huntsville
P00813,Male,1958-06-23,Medicare,Birmingham
P00814,Male,1997-06-13,Self-Pay,Birmingham
P00815,Male,1950-04-04,Medicare,Birmingham
P00816,Female,1944-09-15,Medicare,Birmingham
P00817,Male,2019-02-17,Medicaid,Bessemer
P00818,Male,2013-09-03,Commercial,Montgomery
P00819,Male,1960-06-21,Commercial,Birmingham
P00820,Male,1929-01-26,Medicare,Tuscaloosa
P00821,Female,2021-06-19,Commercial,Birmingham
P00822,Female,1960-04-28,Commercial,Birmingham
P00823,Male,2011-02-04,Commercial,Birmingham
P00824,Male,1962-01-11,Commercial,Tuscaloosa
P00825,Male,1964-07-03,Commercial,Tuscaloosa
P00826,Male,2015-08-02,Medicaid,Montgomery
P00827,Male,1959-10-22,Medicaid,Montgomery
P00828,Male,1938-06-19,Medicare,Birmingham
P00829,Female,1941-01-31,Medicaid,Huntsville
P00830,Male,2021-07-08,Commercial,Birmingham
P00831,Female,2000-08-27,Commercial,Birmingham
P00832,Male,2001-11-23,Commercial,Hoover
P00833,Female,1980-08-12,Commercial,Birmingham
P00834,Male,2010-10-07,Commercial,Birmingham
P00835,Female,1942-01-10,Medicare,Birmingham
P00836,Female,1950-06-23,Medicaid,Birmingham
P00837,Male,1947-11-12,Medicare,Bessemer
P00838,Male,2005-12-08,Medicare,Birmingham
P00839,Female,2022-02-25,Medicaid,Hoover
P00840,Male,1937-01-27,Medicare,Bessemer
P00841,Female,1996-03-29,Commercial,Tuscaloosa
P00842,Female,1961-11-17,Commercial,Hoover
P00843,Female,1937-11-27,Medicare,Bessemer
P00844,Male,2020-10-21,Medicaid,Birmingham
P00845,Male,2023-04-02,Medicaid,Birmingham
P00846,Male,2023-03-28,Medicaid,Tuscaloosa
P00847,Male,2009-03-02,Medicaid,Hoover
P00848,Male,2019-11-27,Commercial,Montgomery
P00849,Male,1946-11-07,Medicare,Birmingham
P00850,Male,1966-02-07,Commercial,Tuscaloosa
P00851,Female,1930-01-28,Medicare,Huntsville
P00852,Female,1947-04-12,Medicare,Bessemer
P00853,Female,1932-11-24,Medicaid,Birmingham
P00854,Male,2001-12-07,Medicaid,Birmingham
P00855,Male,1996-12-12,Medicaid,Bessemer
P00856,Female,1943-04-24,Commercial,Tuscaloosa
P00857,Male,2000-02-28,Commercial,Birmingham
P00858,Male,2018-05-16,Commercial,Birmingham
P00859,Female,1960-09-28,Medicare,Montgomery
P00860,Female,1947-03-31,Medicare,Tuscaloosa
P00861,Female,1932-12-11,Medicare,Tuscaloosa
P00862,Female,1935-03-05,Commercial,Montgomery
P00863,Male,2012-02-11,Medicaid,Birmingham
P00864,Male,1950-04-14,Medicare,Birmingham
P00865,Female,1943-02-15,Medicare,Tuscaloosa
P00866,Female,1957-06-02,Medicare,Montgomery
P00867,Female,1946-07-15,Medicare,Birmingham
P00868,Female,1944-09-06,Medicare,Huntsville
P00869,Female,1981-01-30,Commercial,Birmingham
P00870,Male,2020-04-22,Commercial,Birmingham
P00871,Male,1980-10-24,Commercial,Bessemer
P00872,Male,2004-01-18,Medicaid,Birmingham
P00873,Female,2013-12-11,Commercial,Birmingham
P00874,Male,2012-06-01,Commercial,Huntsville
P00875,Female,1957-10-24,Medicare,Birmingham
P00876,Female,1976-05-04,Commercial,Hoover
P00877,Male,1972-08-04,Medicaid,Montgomery
P00878,Male,1953-07-26,Medicare,Birmingham
P00879,Female,1971-05-01,Commercial,Tuscaloosa
P00880,Female,1964-04-01,Commercial,Birmingham
P00881,Male,2015-08-16,Medicaid,Birmingham
P00882,Male,1943-01-02,Medicare,Huntsville
P00883,Male,1981-07-04,Commercial,Birmingham
P00884,Female,2009-11-04,Medicaid,Montgomery
P00885,Female,1946-12-30,Commercial,Bessemer
P00886,Female,1954-10-20,Medicaid,Montgomery
P00887,Female,2018-04-24,Medicaid,Birmingham
P00888,Male,2005-06-19,Commercial,Birmingham
P00889,Male,2022-08-31,Medicaid,Montgomery
P00890,Female,1998-07-10,Self-Pay,Hoover
P00891,Male,2014-03-02,Medicaid,Huntsville
P00892,Male,1956-06-07,Medicare,Montgomery
P00893,Male,1974-12-11,Commercial,Birmingham
P00894,Female,1930-12-15,Medicare,Birmingham
P00895,Female,1952-07-10,Medicare,Tuscaloosa
P00896,Female,1965-08-07,Commercial,Tuscaloosa
P00897,Female,1975-02-25,Medicaid,Birmingham
P00898,Female,2018-06-03,Commercial,Tuscaloosa
P00899,Female,2017-03-31,Commercial,Montgomery
P00900,Female,1965-06-02,Commercial,Birmingham
P00901,Female,2023-08-28,Commercial,Birmingham
P00902,Male,2019-05-07,Medicaid,Huntsville
P00903,Male,2003-05-20,Medicaid,Montgomery
P00904,Female,1940-04-14,Commercial,Bessemer
P00905,Male,1980-10-24,Commercial,Birmingham
P00906,Female,1956-05-12,Medicare,Montgomery
P00907,Female,1984-09-19,Commercial,Huntsville
P00908,Male,2007-03-19,Medicaid,Huntsville
P00909,Female,1988-03-16,Commercial,Birmingham
P00910,Female,2015-05-18,Medicaid,Birmingham
P00911,Female,1950-01-21,Medicare,Hoover
P00912,Female,2006-06-19,Medicaid,Birmingham
P00913,Male,1988-12-23,Commercial,Birmingham
P00914,Female,1930-05-25,Commercial,Bessemer
P00915,Female,1967-03-24,Commercial,Birmingham
P00916,Female,1980-11-26,Commercial,Bessemer
P00917,Male,1972-11-24,Commercial,Hoover
P00918,Female,1949-09-24,Medicare,Montgomery
P00919,Male,1999-02-27,Self-Pay,Birmingham
P00920,Male,1963-06-23,Commercial,Tuscaloosa
P00921,Female,1941-01-10,Medicare,Tuscaloosa
P00922,Male,1969-02-17,Medicaid,Bessemer
P00923,Female,1981-06-13,Commercial,Birmingham
P00924,Female,2010-04-29,Commercial,Birmingham
P00925,Female,2000-09-03,Commercial,Bessemer
P00926,Female,1934-11-30,Medicare,Birmingham
P00927,Male,1972-08-09,Medicaid,Tuscaloosa
P00928,Male,1995-05-30,Commercial,Birmingham
P00929,Female,1984-10-27,Commercial,Birmingham
P00930,Female,1969-10-13,Commercial,Tuscaloosa
P00931,Male,1972-12-27,Commercial,Tuscaloosa
P00932,Female,1957-04-09,Medicare,Tuscaloosa
P00933,Female,1999-02-07,Commercial,Hoover
P00934,Male,1962-03-05,Medicaid,Huntsville
P00935,Male,1981-08-16,Commercial,Bessemer
P00936,Male,1934-05-30,Medicare,Birmingham
P00937,Female,2008-01-17,Medicaid,Birmingham
P00938,Female,2009-05-31,Commercial,Birmingham
P00939,Female,1980-09-16,Commercial,Huntsville
P00940,Male,1975-08-31,Medicaid,Birmingham
P00941,Female,1958-04-11,Commercial,Huntsville
P00942,Female,1985-07-23,Medicaid,Hoover
P00943,Female,1937-03-02,Medicare,Tuscaloosa
P00944,Male,1978-02-20,Self-Pay,Montgomery
P00945,Male,2011-12-19,Commercial,Hoover
P00946,Male,2012-04-12,Commercial,Hoover
P00947,Female,1931-08-19,Medicare,Birmingham
P00948,Male,2011-06-26,Commercial,Hoover
P00949,Female,1933-09-27,Medicare,Birmingham
P00950,Female,1997-08-20,Commercial,Montgomery
P00951,Female,2015-09-03,Medicaid,Hoover
P00952,Female,1995-12-14,Commercial,Birmingham
P00953,Female,1965-03-22,Medicaid,Birmingham
P00954,Male,1983-11-10,Self-Pay,Tuscaloosa
P00955,Female,1949-08-17,Medicare,Bessemer
P00956,Female,1965-10-23,Medicaid,Birmingham
P00957,Male,1985-11-04,Commercial,Birmingham
P00958,Male,1963-08-18,Medicaid,Hoover
P00959,Female,1931-01-31,Medicare,Bessemer
P00960,Male,1984-01-23,Commercial,Montgomery
P00961,Female,2009-08-15,Medicaid,Birmingham
P00962,Female,1985-07-01,Medicaid,Tuscaloosa
P00963,Male,1944-01-08,Medicare,Montgomery
P00964,Male,2003-10-08,Medicaid,Huntsville
P00965,Female,1933-01-22,Medicare,Hoover
P00966,Female,1968-11-24,Unknown,Huntsville
P00967,Female,1966-10-11,Commercial,Tuscaloosa
P00968,Female,1993-08-31,Commercial,Birmingham
P00969,Male,1936-12-19,Medicare,Birmingham
P00970,Male,2020-03-10,Commercial,Birmingham
P00971,Male,1995-02-23,Commercial,Birmingham
P00972,Female,1984-08-15,Medicaid,Hoover
P00973,Male,1978-03-02,Commercial,Montgomery
P00974,Female,1978-03-26,Commercial,Montgomery
P00975,Female,2009-03-15,Commercial,Birmingham
P00976,Female,2002-03-15,Commercial,Birmingham
P00977,Female,2014-06-06,Medicaid,Huntsville
P00978,Male,1969-11-22,Medicaid,Hoover
P00979,Male,1990-01-29,Commercial,Birmingham
P00980,Male,1970-05-24,Self-Pay,Montgomery
P00981,Male,1967-02-07,Self-Pay,Birmingham
P00982,Male,1957-01-16,Medicare,Birmingham
P00983,Male,1972-10-25,Unknown,Huntsville
P00984,Male,1962-08-08,Medicaid,Tuscaloosa
P00985,Male,1968-10-23,Commercial,Hoover
P00986,Male,1962-12-14,Commercial,Huntsville
P00987,Female,1965-01-14,Commercial,Bessemer
P00988,Male,1993-01-29,Medicaid,Birmingham
P00989,Female,2000-01-27,Self-Pay,Tuscaloosa
P00990,Female,1949-02-13,Medicare,Birmingham
P00991,Male,1991-05-10,Medicare,Hoover
P00992,Female,1971-06-25,Commercial,Hoover
P00993,Female,2005-01-05,Commercial,Hoover
P00994,Female,1983-06-14,Commercial,Birmingham
P00995,Female,1973-05-12,Commercial,Montgomery
P00996,Male,1964-10-16,Medicaid,Birmingham
P00997,Male,1973-04-04,Medicaid,Montgomery
P00998,Female,1989-03-08,Commercial,Birmingham
P00999,Male,1932-04-29,Medicare,Montgomery
P01000,Male,1975-07-04,Commercial,Tuscaloosa
P01001,Male,1947-10-21,Medicare,Hoover
P01002,Female,1954-12-20,Medicare,Huntsville
P01003,Female,1970-05-18,Commercial,Montgomery
P01004,Female,1939-04-27,Medicare,Hoover
P01005,Female,2011-03-25,Medicaid,Hoover
P01006,Male,1936-01-21,Medicare,Tuscaloosa
P01007,Female,1943-07-04,Medicare,Tuscaloosa
P01008,Male,1976-03-05,Commercial,Hoover
P01009,Male,1954-04-15,Medicare,Huntsville
P01010,Female,1974-09-22,Commercial,Hoover
P01011,Female,1998-02-27,Medicaid,Hoover
P01012,Male,1948-12-13,Medicare,Tuscaloosa
P01013,Male,2000-05-28,Medicaid,Bessemer
P01014,Female,1994-01-23,Commercial,Birmingham
P01015,Male,1974-05-06,Medicaid,Birmingham
P01016,Male,1944-01-25,Medicare,Birmingham
P01017,Male,1987-12-12,Commercial,Huntsville
P01018,Female,1977-06-21,Commercial,Hoover
P01019,Male,2020-03-23,Commercial,Hoover
P01020,Male,2012-05-12,Medicaid,Birmingham
P01021,Female,2018-02-14,Commercial,Montgomery
P01022,Male,2017-07-17,Commercial,Hoover
P01023,Male,1941-04-27,Commercial,Tuscaloosa
P01024,Female,1944-08-01,Medicare,Birmingham
P01025,Male,1945-02-17,Medicare,Birmingham
P01026,Male,2018-11-19,Commercial,Birmingham
P01027,Male,2016-10-01,Medicaid,Birmingham
P01028,Male,1997-11-27,Commercial,Hoover
P01029,Female,1970-04-20,Commercial,Birmingham
P01030,Female,1992-10-09,Medicare,Birmingham
P01031,Female,1977-09-08,Medicare,Birmingham
P01032,Male,2007-03-02,Commercial,Birmingham
P01033,Female,1954-08-23,Medicare,Birmingham
P01034,Male,1994-11-09,Commercial,Birmingham
P01035,Female,2017-12-25,Commercial,Birmingham
P01036,Female,1953-10-11,Medicare,Huntsville
P01037,Male,1938-02-02,Commercial,Bessemer
P01038,Male,2022-06-15,Medicaid,Tuscaloosa
P01039,Female,1982-01-03,Self-Pay,Birmingham
P01040,Female,1945-10-15,Medicare,Bessemer
P01041,Female,1956-08-26,Medicare,Bessemer
P01042,Female,1942-11-03,Medicare,Hoover
P01043,Female,1984-08-09,Commercial,Birmingham
P01044,Male,1988-06-10,Commercial,Huntsville
P01045,Female,1956-03-13,Medicare,Bessemer
P01046,Female,2009-08-20,Self-Pay,Huntsville
P01047,Female,2001-03-26,Medicaid,Tuscaloosa
P01048,Female,1966-05-18,Commercial,Tuscaloosa
P01049,Male,1960-09-17,Medicaid,Bessemer
P01050,Female,2012-02-04,Self-Pay,Birmingham
P01051,Female,1975-07-27,Medicaid,Birmingham
P01052,Male,1989-11-07,Commercial,Montgomery
P01053,Male,1976-01-16,Commercial,Birmingham
P01054,Male,1932-02-03,Medicare,Hoover
P01055,Male,2016-12-14,Commercial,Birmingham
P01056,Male,1929-02-06,Medicare,Birmingham
P01057,Male,1981-01-21,Commercial,Birmingham
P01058,Male,1950-03-05,Medicare,Tuscaloosa
P01059,Female,1983-09-30,Commercial,Hoover
P01060,Male,1994-05-16,Medicaid,Tuscaloosa
P01061,Female,1950-06-19,Unknown,Birmingham
P01062,Male,1958-05-20,Medicare,Bessemer
P01063,Female,2010-05-21,Medicaid,Tuscaloosa
P01064,Male,1956-05-13,Medicare,Bessemer
P01065,Female,1952-06-28,Commercial,Birmingham
P01066,Male,1987-04-24,Commercial,Birmingham
P01067,Female,1936-06-23,Medicare,Montgomery
P01068,Male,1963-12-26,Commercial,Montgomery
P01069,Male,1992-12-20,Commercial,Birmingham
P01070,Female,2022-01-17,Commercial,Tuscaloosa
P01071,Female,1959-02-04,Commercial,Huntsville
P01072,Female,2004-06-02,Commercial,Birmingham
P01073,Male,1952-10-30,Medicare,Tuscaloosa
P01074,Male,1974-03-22,Commercial,Birmingham
P01075,Male,1979-11-10,Self-Pay,Birmingham
P01076,Female,2008-08-17,Medicaid,Montgomery
P01077,Male,1956-09-03,Medicare,Hoover
P01078,Male,2008-12-28,Medicaid,Montgomery
P01079,Female,1984-03-13,Commercial,Huntsville
P01080,Female,1944-06-29,Medicare,Bessemer
P01081,Female,1936-09-08,Medicare,Hoover
P01082,Female,1930-06-30,Medicare,Hoover
P01083,Female,1933-01-01,Medicare,Birmingham
P01084,Female,1971-07-26,Medicaid,Tuscaloosa
P01085,Female,2004-06-26,Self-Pay,Hoover
P01086,Female,1944-08-31,Medicare,Huntsville
P01087,Female,1947-03-04,Medicaid,Birmingham
P01088,Male,1929-10-02,Medicare,Birmingham
P01089,Male,1962-11-12,Self-Pay,Montgomery
P01090,Female,2010-06-23,Medicaid,Montgomery
P01091,Male,1976-02-13,Commercial,Birmingham
P01092,Male,1981-08-18,Unknown,Huntsville
P01093,Female,1943-12-15,Medicare,Hoover
P01094,Female,1986-01-12,Commercial,Huntsville
P01095,Female,1992-07-23,Self-Pay,Hoover
P01096,Male,2016-10-30,Commercial,Tuscaloosa
P01097,Female,1944-05-22,Medicare,Birmingham
P01098,Female,1952-09-07,Medicare,Birmingham
P01099,Male,2020-01-25,Commercial,Montgomery
P01100,Male,1982-09-16,Commercial,Hoover
P01101,Female,1978-06-15,Commercial,Birmingham
P01102,Male,1979-06-17,Commercial,Birmingham
P01103,Female,1936-10-05,Medicare,Hoover
P01104,Male,2009-07-03,Commercial,Huntsville
P01105,Male,1994-11-23,Commercial,Birmingham
P01106,Male,2006-05-12,Medicaid,Huntsville
P01107,Female,2000-03-31,Medicaid,Montgomery
P01108,Female,1937-01-20,Medicare,Birmingham
P01109,Male,1934-09-05,Medicare,Montgomery
P01110,Female,2019-09-19,Commercial,Birmingham
P01111,Male,1963-06-15,Medicaid,Hoover
P01112,Female,2001-04-24,Commercial,Birmingham
P01113,Female,2005-01-04,Commercial,Birmingham
P01114,Female,1996-12-23,Unknown,Birmingham
P01115,Female,2005-10-07,Medicaid,Birmingham
P01116,Male,1977-09-28,Self-Pay,Montgomery
P01117,Female,1929-09-30,Medicare,Tuscaloosa
P01118,Male,1968-07-16,Commercial,Bessemer
P01119,Male,1955-02-17,Medicare,Tuscaloosa
P01120,Male,1977-12-21,Commercial,Tuscaloosa
P01121,Male,2022-03-10,Commercial,Birmingham
P01122,Male,2016-05-21,Medicaid,Tuscaloosa
P01123,Male,1998-05-22,Commercial,Hoover
P01124,Female,2000-04-29,Commercial,Bessemer
P01125,Male,1944-11-20,Medicare,Bessemer
P01126,Male,1943-04-04,Medicare,Birmingham
P01127,Female,1942-10-03,Medicare,Tuscaloosa
P01128,Male,1963-06-27,Medicaid,Tuscaloosa
P01129,Female,1971-04-29,Self-Pay,Tuscaloosa
P01130,Male,1962-05-26,Self-Pay,Birmingham
P01131,Female,1985-09-06,Commercial,Tuscaloosa
P01132,Male,1960-08-10,Medicaid,Montgomery
P01133,Female,1948-07-12,Medicare,Birmingham
P01134,Male,1951-12-17,Medicare,Hoover
P01135,Female,1965-04-11,Commercial,Birmingham
P01136,Male,2018-11-26,Commercial,Bessemer
P01137,Female,1955-07-18,Medicare,Birmingham
P01138,Male,1989-05-07,Medicare,Birmingham
P01139,Female,1953-12-03,Medicare,Birmingham
P01140,Female,1972-01-04,Commercial,Montgomery
P01141,Female,1940-08-17,Medicare,Huntsville
P01142,Male,1991-12-27,Commercial,Birmingham
P01143,Female,1935-05-06,Medicare,Birmingham
P01144,Male,1943-06-12,Commercial,Huntsville
P01145,Female,1992-05-13,Commercial,Hoover
P01146,Male,1978-04-02,Commercial,Birmingham
P01147,Female,1973-07-12,Self-Pay,Bessemer
P01148,Female,1950-03-06,Medicare,Birmingham
P01149,Female,1958-08-19,Commercial,Hoover
P01150,Female,1943-06-17,Medicare,Birmingham
P01151,Female,1988-11-05,Commercial,Huntsville
P01152,Female,1976-05-20,Medicaid,Huntsville
P01153,Male,1983-09-28,Commercial,Hoover
P01154,Male,1937-04-22,Medicare,Tuscaloosa
P01155,Female,1995-03-15,Medicaid,Bessemer
P01156,Male,1968-02-23,Medicare,Montgomery
P01157,Female,2012-01-28,Medicaid,Hoover
P01158,Female,1943-11-18,Medicare,Hoover
P01159,Female,1987-11-12,Commercial,Montgomery
P01160,Female,1991-01-28,Commercial,Birmingham
P01161,Female,1968-08-15,Unknown,Birmingham
P01162,Male,1976-12-23,Self-Pay,Birmingham
P01163,Male,1943-09-19,Medicare,Montgomery
P01164,Male,1973-03-02,Commercial,Birmingham
P01165,Female,1974-08-25,Commercial,Birmingham
P01166,Female,2014-12-04,Commercial,Tuscaloosa
P01167,Male,2021-04-13,Medicaid,Birmingham
P01168,Female,1986-10-22,Commercial,Birmingham
P01169,Female,1929-08-26,Medicare,Hoover
P01170,Female,1936-12-31,Medicare,Birmingham
P01171,Female,1964-05-27,Commercial,Bessemer
P01172,Male,1964-07-23,Commercial,Birmingham
P01173,Female,1986-02-19,Commercial,Montgomery
P01174,Female,2007-09-01,Medicaid,Hoover
P01175,Male,2023-10-19,Medicaid,Birmingham
P01176,Male,1991-11-02,Medicaid,Birmingham
P01177,Female,1993-10-20,Medicaid,Hoover
P01178,Female,2005-07-21,Medicare,Birmingham
P01179,Male,1999-12-01,Commercial,Birmingham
P01180,Female,2021-08-08,Commercial,Bessemer
P01181,Female,1966-02-24,Commercial,Hoover
P01182,Female,1935-03-27,Medicare,Bessemer
P01183,Female,1958-05-14,Medicare,Birmingham
P01184,Male,1981-02-10,Commercial,Birmingham
P01185,Male,1984-03-23,Medicaid,Tuscaloosa
P01186,Male,1994-05-08,Commercial,Birmingham
P01187,Male,2010-02-20,Medicaid,Birmingham
P01188,Male,1967-11-17,Commercial,Birmingham
P01189,Male,1970-03-09,Self-Pay,Birmingham
P01190,Male,2023-09-16,Commercial,Huntsville
P01191,Female,1984-04-09,Commercial,Birmingham
P01192,Female,1997-02-02,Commercial,Bessemer
P01193,Male,2007-07-04,Medicaid,Birmingham
P01194,Female,1957-11-30,Medicare,Birmingham
P01195,Female,1974-08-19,Self-Pay,Birmingham
P01196,Female,1963-08-06,Self-Pay,Hoover
P01197,Male,1956-01-26,Medicare,Montgomery
P01198,Female,1930-01-22,Medicare,Montgomery
P01199,Female,1947-06-08,Medicare,Birmingham
P01200,Female,1965-01-20,Unknown,Hoover
P01201,Female,1940-07-26,Medicare,Montgomery
P01202,Male,1978-08-04,Medicaid,Birmingham
P01203,Female,1930-03-02,Medicare,Tuscaloosa
P01204,Female,1951-05-03,Medicare,Birmingham
P01205,Female,1962-06-25,Medicaid,Hoover
P01206,Male,1938-07-19,Medicare,Hoover
P01207,Male,1975-04-19,Medicaid,Hoover
P01208,Female,1955-04-01,Commercial,Montgomery
P01209,Female,1996-07-06,Medicaid,Tuscaloosa
P01210,Male,1932-12-21,Medicare,Bessemer
P01211,Male,1964-11-25,Commercial,Huntsville
P01212,Female,1949-11-10,Medicare,Birmingham
P01213,Female,1980-07-17,Self-Pay,Hoover
P01214,Female,1941-05-22,Commercial,Hoover
P01215,Female,2016-03-14,Medicaid,Montgomery
P01216,Male,2013-10-09,Medicaid,Birmingham
P01217,Male,1975-03-20,Commercial,Bessemer
P01218,Male,1954-05-03,Medicare,Tuscaloosa
P01219,Male,1947-12-14,Medicare,Tuscaloosa
P01220,Female,1982-08-26,Medicaid,Hoover
P01221,Male,1962-09-13,Medicaid,Tuscaloosa
P01222,Female,1971-02-12,Commercial,Huntsville
P01223,Female,1932-01-31,Medicare,Tuscaloosa
P01224,Male,1961-03-08,Medicaid,Birmingham
P01225,Female,1984-06-23,Commercial,Tuscaloosa
P01226,Male,1931-07-06,Medicare,Birmingham
P01227,Male,2013-09-10,Medicaid,Tuscaloosa
P01228,Male,1930-03-25,Medicare,Tuscaloosa
P01229,Male,2009-12-01,Medicaid,Birmingham
P01230,Female,1996-09-25,Medicaid,Huntsville
P01231,Female,1945-11-13,Medicaid,Hoover
P01232,Male,1954-07-05,Commercial,Tuscaloosa
P01233,Male,1931-09-14,Medicare,Huntsville
P01234,Male,1952-10-21,Medicare,Tuscaloosa
P01235,Female,1963-08-17,Unknown,Huntsville
P01236,Female,1991-02-21,Commercial,Birmingham
P01237,Female,2023-06-12,Medicaid,Birmingham
P01238,Male,2012-03-07,Medicaid,Huntsville
P01239,Female,1995-02-02,Commercial,Birmingham
P01240,Male,2020-02-07,Commercial,Birmingham
P01241,Female,1975-08-26,Unknown,Birmingham
P01242,Female,1950-02-15,Medicare,Birmingham
P01243,Female,1932-02-05,Medicare,Bessemer
P01244,Female,1977-01-16,Commercial,Birmingham
P01245,Female,1940-08-26,Medicare,Birmingham
P01246,Male,1930-10-10,Medicare,Bessemer
P01247,Female,1942-06-02,Medicare,Bessemer
P01248,Female,1979-01-26,Medicaid,Birmingham
P01249,Male,1993-02-07,Medicaid,Montgomery
P01250,Male,1931-06-07,Medicaid,Birmingham
P01251,Female,2001-11-08,Commercial,Huntsville
P01252,Female,1984-07-31,Medicaid,Birmingham
P01253,Male,2016-04-16,Medicaid,Hoover
P01254,Male,1948-06-11,Medicaid,Birmingham
P01255,Male,1962-08-28,Commercial,Huntsville
P01256,Female,2015-08-29,Commercial,Birmingham
P01257,Male,2002-12-11,Commercial,Hoover
P01258,Male,1971-09-18,Commercial,Huntsville
P01259,Female,1972-05-02,Commercial,Birmingham
P01260,Female,1947-10-05,Medicare,Montgomery
P01261,Male,1998-01-04,Commercial,Birmingham
P01262,Female,1936-12-02,Medicare,Birmingham
P01263,Male,1981-06-01,Medicaid,Birmingham
P01264,Male,1945-07-04,Commercial,Birmingham
P01265,Female,2001-03-03,Commercial,Birmingham
P01266,Male,2020-02-12,Medicaid,Hoover
P01267,Female,2018-06-17,Medicaid,Tuscaloosa
P01268,Male,1988-05-16,Commercial,Hoover
P01269,Male,1933-04-21,Commercial,Hoover
P01270,Male,2019-06-25,Commercial,Montgomery
P01271,Female,1988-10-26,Self-Pay,Birmingham
P01272,Male,2013-07-29,Commercial,Tuscaloosa
P01273,Male,1935-10-05,Medicaid,Montgomery
P01274,Male,1959-07-16,Commercial,Birmingham
P01275,Male,1951-05-22,Medicare,Tuscaloosa
P01276,Female,1956-10-17,Medicare,Bessemer
P01277,Male,1961-10-02,Commercial,Tuscaloosa
P01278,Female,1950-03-07,Medicare,Bessemer
P01279,Female,2023-08-17,Medicaid,Birmingham
P01280,Male,1941-10-21,Medicare,Tuscaloosa
P01281,Male,1953-04-16,Commercial,Birmingham
P01282,Male,1953-04-15,Medicare,Birmingham
P01283,Female,1986-03-06,Self-Pay,Bessemer
P01284,Female,1947-03-30,Medicare,Birmingham
P01285,Female,1987-01-04,Medicaid,Bessemer
P01286,Female,2019-06-06,Medicaid,Tuscaloosa
P01287,Male,1937-09-19,Medicaid,Bessemer
P01288,Male,2001-02-21,Commercial,Bessemer
P01289,Female,2014-09-27,Medicaid,Tuscaloosa
P01290,Female,1964-09-17,Commercial,Bessemer
P01291,Female,2001-03-05,Commercial,Huntsville
P01292,Male,1942-02-14,Medicare,Tuscaloosa
P01293,Male,1981-08-31,Commercial,Tuscaloosa
P01294,Female,2023-04-10,Commercial,Birmingham
P01295,Female,1933-01-30,Medicare,Birmingham
P01296,Female,1975-03-16,Commercial,Birmingham
P01297,Female,1999-12-31,Self-Pay,Hoover
P01298,Male,1959-05-04,Medicaid,Birmingham
P01299,Male,1973-10-31,Commercial,Hoover
P01300,Female,2021-02-27,Medicaid,Tuscaloosa
P01301,Male,1951-12-08,Medicare,Tuscaloosa
P01302,Female,1985-01-04,Commercial,Montgomery
P01303,Female,1957-10-29,Medicare,Bessemer
P01304,Male,1938-08-01,Medicare,Montgomery
P01305,Female,1965-10-08,Medicare,Tuscaloosa
P01306,Female,1960-03-10,Commercial,Birmingham
P01307,Male,1999-08-11,Self-Pay,Bessemer
P01308,Male,2001-04-05,Commercial,Birmingham
P01309,Female,1984-12-08,Medicaid,Birmingham
P01310,Male,1942-07-20,Medicare,Birmingham
P01311,Female,1974-02-03,Commercial,Tuscaloosa
P01312,Male,1990-01-28,Medicaid,Huntsville
P01313,Female,1949-10-17,Medicare,Birmingham
P01314,Male,1942-08-11,Unknown,Huntsville
P01315,Female,1938-08-05,Medicare,Birmingham
P01316,Male,1995-06-09,Unknown,Birmingham
P01317,Male,1956-06-19,Medicare,Birmingham
P01318,Female,1967-11-24,Self-Pay,Birmingham
P01319,Male,1981-03-29,Commercial,Huntsville
P01320,Female,1986-10-11,Commercial,Birmingham
P01321,Male,2013-09-09,Medicaid,Birmingham
P01322,Female,1997-03-01,Commercial,Birmingham
P01323,Female,1971-04-25,Commercial,Huntsville
P01324,Male,1939-08-10,Medicare,Bessemer
P01325,Female,1941-02-02,Medicare,Tuscaloosa
P01326,Male,2006-08-11,Medicaid,Tuscaloosa
P01327,Male,1959-06-09,Commercial,Bessemer
P01328,Female,2015-10-04,Commercial,Birmingham
P01329,Female,1959-10-27,Commercial,Birmingham
P01330,Male,1991-07-06,Commercial,Hoover
P01331,Male,1981-06-10,Commercial,Birmingham
P01332,Female,1955-03-13,Medicare,Hoover
P01333,Female,1983-08-12,Medicaid,Hoover
P01334,Male,1947-02-09,Medicare,Birmingham
P01335,Male,1973-05-25,Commercial,Hoover
P01336,Male,1929-12-07,Medicare,Hoover
P01337,Female,1963-04-07,Commercial,Birmingham
P01338,Male,1995-06-06,Commercial,Montgomery
P01339,Male,1950-08-12,Medicaid,Huntsville
P01340,Female,1985-07-15,Commercial,Birmingham
P01341,Female,1973-09-13,Commercial,Birmingham
P01342,Female,2011-05-22,Medicaid,Birmingham
P01343,Male,2012-06-09,Commercial,Birmingham
P01344,Female,1969-07-22,Commercial,Birmingham
P01345,Male,2006-09-19,Unknown,Birmingham
P01346,Male,1929-08-09,Medicare,Montgomery
P01347,Female,1942-07-04,Medicare,Montgomery
P01348,Male,1957-07-13,Medicare,Montgomery
P01349,Male,1954-09-11,Medicare,Tuscaloosa
P01350,Female,1967-06-03,Medicaid,Huntsville
P01351,Male,2018-10-11,Commercial,Huntsville
P01352,Female,1986-07-03,Commercial,Montgomery
P01353,Female,1976-11-18,Commercial,Huntsville
P01354,Male,1937-07-13,Medicare,Huntsville
P01355,Male,2003-03-21,Self-Pay,Montgomery
P01356,Female,1976-03-09,Self-Pay,Tuscaloosa
P01357,Male,1991-04-23,Commercial,Birmingham
P01358,Male,2011-04-04,Medicaid,Birmingham
P01359,Male,2014-12-08,Medicaid,Hoover
P01360,Female,1989-08-30,Commercial,Birmingham
P01361,Female,2016-05-08,Commercial,Birmingham
P01362,Female,2017-03-15,Medicaid,Birmingham
P01363,Male,1990-06-03,Medicaid,Birmingham
P01364,Female,2004-02-25,Self-Pay,Bessemer
P01365,Male,1971-09-24,Self-Pay,Birmingham
P01366,Female,2022-11-06,Commercial,Birmingham
P01367,Male,1995-12-01,Commercial,Hoover
P01368,Male,1980-06-03,Commercial,Birmingham
P01369,Male,1932-05-04,Medicaid,Huntsville
P01370,Male,1963-09-19,Commercial,Tuscaloosa
P01371,Male,1940-03-21,Medicare,Birmingham
P01372,Female,1991-04-07,Self-Pay,Hoover
P01373,Male,1981-08-23,Medicare,Birmingham
P01374,Male,1984-10-06,Commercial,Huntsville
P01375,Male,1939-04-06,Medicare,Bessemer
P01376,Female,1932-05-01,Medicare,Bessemer
P01377,Male,1932-10-31,Medicare,Birmingham
P01378,Female,1952-09-30,Medicare,Huntsville
P01379,Female,1976-07-08,Medicaid,Montgomery
P01380,Female,1972-06-29,Commercial,Montgomery
P01381,Female,1930-11-02,Medicare,Birmingham
P01382,Female,1996-01-21,Commercial,Hoover
P01383,Female,1991-08-13,Commercial,Birmingham
P01384,Male,1938-08-15,Medicare,Birmingham
P01385,Female,1987-12-10,Medicaid,Tuscaloosa
P01386,Female,2001-02-16,Commercial,Hoover
P01387,Male,1970-10-08,Medicaid,Birmingham
P01388,Male,1993-01-06,Medicaid,Montgomery
P01389,Female,1939-07-04,Medicare,Hoover
P01390,Female,1937-02-16,Commercial,Bessemer
P01391,Male,1994-10-28,Commercial,Montgomery
P01392,Male,1973-11-02,Commercial,Montgomery
P01393,Male,1930-03-15,Commercial,Huntsville
P01394,Female,1953-03-08,Medicare,Birmingham
P01395,Male,2003-06-17,Commercial,Birmingham
P01396,Male,1967-12-21,Commercial,Bessemer
P01397,Male,1965-01-22,Commercial,Birmingham
P01398,Male,1961-08-11,Commercial,Hoover
P01399,Male,2021-01-25,Commercial,Tuscaloosa
P01400,Male,1995-02-18,Medicaid,Birmingham
P01401,Male,1942-02-25,Medicare,Birmingham
P01402,Male,2001-04-25,Medicaid,Hoover
P01403,Female,1995-05-01,Commercial,Birmingham
P01404,Female,1993-06-21,Medicaid,Huntsville
P01405,Male,2007-12-23,Commercial,Birmingham
P01406,Male,2009-08-13,Commercial,Hoover
P01407,Female,1991-04-10,Commercial,Birmingham
P01408,Female,1940-03-11,Medicare,Tuscaloosa
P01409,Male,2023-06-11,Medicaid,Birmingham
P01410,Male,1997-04-18,Commercial,Birmingham
P01411,Female,2018-12-25,Medicaid,Montgomery
P01412,Female,1970-07-15,Commercial,Birmingham
P01413,Female,2000-06-30,Unknown,Huntsville
P01414,Male,1948-02-11,Medicare,Birmingham
P01415,Male,1968-09-10,Commercial,Birmingham
P01416,Male,1949-10-10,Medicare,Birmingham
P01417,Female,1963-08-26,Medicare,Montgomery
P01418,Male,1982-10-31,Self-Pay,Hoover
P01419,Male,1942-06-12,Medicare,Birmingham
P01420,Male,1978-05-12,Commercial,Tuscaloosa
P01421,Female,1933-03-15,Medicare,Hoover
P01422,Female,1929-01-12,Unknown,Montgomery
P01423,Male,1968-12-06,Commercial,Bessemer
P01424,Female,1959-10-03,Medicare,Tuscaloosa
P01425,Male,1999-09-14,Self-Pay,Hoover
P01426,Male,1946-10-02,Medicare,Birmingham
P01427,Female,1960-03-06,Self-Pay,Bessemer
P01428,Female,1938-11-12,Medicaid,Hoover
P01429,Male,1998-12-22,Self-Pay,Birmingham
P01430,Male,1949-02-21,Medicare,Bessemer
P01431,Female,1979-01-16,Commercial,Bessemer
P01432,Female,2006-10-11,Medicaid,Hoover
P01433,Male,2007-09-02,Commercial,Birmingham
P01434,Female,1970-07-02,Commercial,Huntsville
P01435,Male,1993-06-24,Commercial,Montgomery
P01436,Male,2014-01-05,Medicaid,Hoover
P01437,Female,1983-08-07,Commercial,Birmingham
P01438,Male,1961-12-28,Medicaid,Birmingham
P01439,Female,1993-07-31,Self-Pay,Birmingham
P01440,Female,1933-06-12,Medicare,Birmingham
P01441,Male,1949-06-27,Medicare,Huntsville
P01442,Male,1975-06-29,Commercial,Birmingham
P01443,Male,1935-01-30,Medicaid,Hoover
P01444,Female,1982-03-13,Commercial,Montgomery
P01445,Female,2010-10-02,Self-Pay,Hoover
P01446,Female,2020-08-25,Medicaid,Birmingham
P01447,Male,1934-05-03,Medicaid,Bessemer
P01448,Male,1932-08-05,Medicare,Birmingham
P01449,Female,1953-07-29,Medicare,Montgomery
P01450,Female,2014-11-01,Medicaid,Birmingham
P01451,Male,1996-10-01,Medicare,Hoover
P01452,Female,2020-04-06,Commercial,Tuscaloosa
P01453,Male,2019-02-28,Commercial,Birmingham
P01454,Male,2000-03-21,Medicaid,Tuscaloosa
P01455,Male,1969-09-11,Unknown,Birmingham
P01456,Female,2017-11-13,Commercial,Tuscaloosa
P01457,Female,1930-11-04,Unknown,Birmingham
P01458,Female,1980-08-11,Commercial,Montgomery
P01459,Male,1998-06-27,Medicaid,Tuscaloosa
P01460,Male,1974-02-10,Unknown,Hoover
P01461,Male,1948-02-08,Medicare,Birmingham
P01462,Female,1995-01-01,Medicaid,Hoover
P01463,Female,2019-04-18,Medicaid,Tuscaloosa
P01464,Female,2019-09-14,Commercial,Birmingham
P01465,Male,1943-10-21,Medicare,Huntsville
P01466,Female,2013-06-13,Commercial,Birmingham
P01467,Female,1963-12-20,Commercial,Birmingham
P01468,Male,1987-09-02,Medicaid,Huntsville
P01469,Male,1950-06-14,Medicare,Birmingham
P01470,Female,2018-09-24,Medicaid,Birmingham
P01471,Male,1938-05-30,Medicare,Tuscaloosa
P01472,Female,1957-07-18,Medicare,Huntsville
P01473,Female,1981-03-16,Self-Pay,Birmingham
P01474,Female,2004-10-27,Medicaid,Birmingham
P01475,Female,1931-12-12,Medicare,Hoover
P01476,Male,1995-06-22,Medicaid,Tuscaloosa
P01477,Male,1977-09-30,Medicaid,Hoover
P01478,Male,1986-04-19,Commercial,Tuscaloosa
P01479,Female,2002-11-28,Commercial,Huntsville
P01480,Male,1984-06-06,Self-Pay,Bessemer
P01481,Male,2009-01-05,Medicaid,Birmingham
P01482,Female,2023-11-29,Medicaid,Birmingham
P01483,Male,1996-09-13,Commercial,Birmingham
P01484,Male,2013-02-27,Medicaid,Birmingham
P01485,Male,1984-06-21,Self-Pay,Hoover
P01486,Female,1942-10-30,Commercial,Montgomery
P01487,Male,2008-10-16,Commercial,Birmingham
P01488,Female,2023-03-28,Medicaid,Birmingham
P01489,Male,2013-02-21,Medicaid,Tuscaloosa
P01490,Male,1975-08-23,Commercial,Bessemer
P01491,Female,1997-07-13,Commercial,Birmingham
P01492,Male,1977-03-22,Commercial,Huntsville
P01493,Male,2021-10-29,Unknown,Montgomery
P01494,Male,1992-10-18,Commercial,Hoover
P01495,Female,1985-03-25,Commercial,Tuscaloosa
P01496,Female,1983-10-25,Medicaid,Hoover
P01497,Female,1971-03-26,Self-Pay,Birmingham
P01498,Female,1949-07-04,Medicare,Hoover
P01499,Male,1979-01-05,Medicare,Birmingham
P01500,Female,1944-12-20,Medicare,Huntsville
P01501,Male,1973-01-21,Medicaid,Montgomery
P01502,Male,1999-10-11,Commercial,Birmingham
P01503,Male,2002-12-20,Medicaid,Tuscaloosa
P01504,Female,1993-04-12,Commercial,Birmingham
P01505,Male,1967-06-21,Commercial,Birmingham
P01506,Male,2000-03-02,Commercial,Huntsville
P01507,Male,1937-11-23,Medicare,Birmingham
P01508,Female,1978-12-03,Commercial,Montgomery
P01509,Male,1941-06-08,Medicaid,Birmingham
P01510,Female,1959-02-14,Commercial,Montgomery
P01511,Male,1992-08-06,Medicaid,Birmingham
P01512,Female,2002-03-16,Commercial,Birmingham
P01513,Female,1953-02-05,Medicare,Huntsville
P01514,Male,1992-02-19,Commercial,Hoover
P01515,Female,2000-06-30,Medicaid,Birmingham
P01516,Male,1935-04-22,Self-Pay,Montgomery
P01517,Male,1978-06-24,Medicaid,Birmingham
P01518,Female,2019-04-30,Medicaid,Birmingham
P01519,Female,1976-06-09,Medicaid,Hoover
P01520,Female,1980-06-24,Unknown,Tuscaloosa
P01521,Male,1941-07-26,Medicare,Tuscaloosa
P01522,Male,1956-05-08,Medicare,Montgomery
P01523,Female,2005-04-02,Commercial,Tuscaloosa
P01524,Female,2009-01-31,Commercial,Birmingham
P01525,Female,1966-05-23,Commercial,Birmingham
P01526,Male,2019-11-26,Commercial,Birmingham
P01527,Female,1993-06-01,Commercial,Huntsville
P01528,Female,2010-09-08,Medicaid,Birmingham
P01529,Male,2022-12-23,Commercial,Tuscaloosa
P01530,Female,1936-12-06,Medicaid,Tuscaloosa
P01531,Male,2015-05-31,Medicaid,Montgomery
P01532,Male,2023-01-22,Commercial,Birmingham
P01533,Male,1935-07-01,Medicare,Birmingham
P01534,Female,2006-07-23,Medicaid,Bessemer
P01535,Male,1946-11-30,Medicaid,Tuscaloosa
P01536,Female,2021-04-30,Commercial,Hoover
P01537,Male,2009-12-12,Medicaid,Huntsville
P01538,Female,2013-02-28,Commercial,Bessemer
P01539,Male,1956-03-10,Medicare,Birmingham
P01540,Female,1965-01-05,Medicare,Bessemer
P01541,Male,1978-09-20,Self-Pay,Birmingham
P01542,Male,2001-11-03,Commercial,Bessemer
P01543,Female,2015-09-14,Commercial,Birmingham
P01544,Male,1969-03-16,Commercial,Birmingham
P01545,Male,2002-10-14,Commercial,Birmingham
P01546,Female,1967-02-12,Commercial,Montgomery
P01547,Male,1958-11-06,Unknown,Bessemer
P01548,Male,1943-12-15,Medicare,Birmingham
P01549,Male,1977-10-13,Commercial,Birmingham
P01550,Female,2023-04-01,Medicaid,Birmingham
P01551,Male,1997-05-27,Commercial,Birmingham
P01552,Female,1942-08-25,Medicare,Montgomery
P01553,Male,1973-05-07,Commercial,Birmingham
P01554,Female,1965-05-10,Medicaid,Bessemer
P01555,Female,1980-06-13,Commercial,Bessemer
P01556,Female,2008-06-28,Commercial,Birmingham
P01557,Female,1938-11-25,Medicare,Tuscaloosa
P01558,Male,1950-09-29,Medicare,Bessemer
P01559,Male,1929-06-23,Medicare,Montgomery
P01560,Male,1942-11-13,Medicare,Huntsville
P01561,Male,1996-07-12,Self-Pay,Birmingham
P01562,Female,1999-11-20,Commercial,Birmingham
P01563,Female,2000-03-20,Medicaid,Montgomery
P01564,Male,1936-11-25,Unknown,Birmingham
P01565,Male,1971-11-29,Self-Pay,Huntsville
P01566,Male,1980-05-14,Medicaid,Huntsville
P01567,Female,1932-10-13,Medicare,Hoover
P01568,Male,1966-08-26,Medicaid,Birmingham
P01569,Female,1937-09-09,Medicare,Hoover
P01570,Female,1930-10-14,Commercial,Montgomery
P01571,Female,2016-03-29,Medicaid,Birmingham
P01572,Male,1989-04-24,Medicare,Birmingham
P01573,Female,1954-10-06,Medicare,Bessemer
P01574,Male,1946-04-26,Commercial,Huntsville
P01575,Female,2009-04-16,Medicaid,Tuscaloosa
P01576,Male,1993-06-19,Medicaid,Montgomery
P01577,Female,1971-06-04,Self-Pay,Hoover
P01578,Male,1948-01-26,Medicare,Bessemer
P01579,Female,2013-07-20,Commercial,Montgomery
P01580,Female,1966-08-14,Commercial,Birmingham
P01581,Male,1995-06-19,Commercial,Birmingham
P01582,Female,2003-03-02,Commercial,Birmingham
P01583,Female,1975-04-18,Commercial,Tuscaloosa
P01584,Male,1984-12-05,Commercial,Tuscaloosa
P01585,Male,1963-07-18,Commercial,Tuscaloosa
P01586,Male,1993-04-06,Self-Pay,Bessemer
P01587,Female,1945-10-12,Medicare,Hoover
P01588,Male,2016-01-07,Medicaid,Montgomery
P01589,Male,1942-03-13,Medicare,Tuscaloosa
P01590,Female,2021-02-26,Commercial,Hoover
P01591,Male,1954-12-03,Medicare,Birmingham
P01592,Female,1991-06-04,Commercial,Tuscaloosa
P01593,Male,1987-06-23,Commercial,Tuscaloosa
P01594,Male,2022-05-18,Medicaid,Birmingham
P01595,Female,1957-02-25,Medicare,Montgomery
P01596,Female,2008-08-26,Commercial,Hoover
P01597,Female,1961-06-21,Self-Pay,Birmingham
P01598,Female,1955-04-28,Medicare,Montgomery
P01599,Male,1943-04-02,Medicare,Birmingham
P01600,Male,1956-03-26,Medicare,Tuscaloosa
P01601,Male,1995-09-01,Commercial,Tuscaloosa
P01602,Female,1953-01-02,Medicare,Birmingham
P01603,Male,1945-12-29,Commercial,Hoover
P01604,Female,1993-07-06,Self-Pay,Birmingham
P01605,Female,2012-05-24,Commercial,Birmingham
P01606,Male,1939-12-10,Medicare,Tuscaloosa
P01607,Female,2009-07-21,Medicaid,Birmingham
P01608,Male,1967-05-29,Commercial,Bessemer
P01609,Male,2001-05-25,Commercial,Hoover
P01610,Female,2012-11-19,Commercial,Birmingham
P01611,Male,1950-09-22,Medicare,Bessemer
P01612,Male,2010-10-04,Commercial,Hoover
P01613,Male,1960-05-13,Commercial,Tuscaloosa
P01614,Female,1958-09-03,Unknown,Huntsville
P01615,Female,2018-06-07,Commercial,Montgomery
P01616,Female,2007-04-10,Medicaid,Birmingham
P01617,Female,1948-03-16,Medicare,Birmingham
P01618,Female,1975-10-26,Commercial,Bessemer
P01619,Male,2012-02-07,Commercial,Birmingham
P01620,Male,1929-11-02,Medicare,Huntsville
P01621,Female,1998-12-25,Commercial,Tuscaloosa
P01622,Male,2023-12-16,Medicaid,Tuscaloosa
P01623,Male,1936-10-20,Medicare,Montgomery
P01624,Male,2022-02-17,Commercial,Bessemer
P01625,Male,1971-10-18,Medicare,Birmingham
P01626,Male,1929-04-23,Medicare,Tuscaloosa
P01627,Female,1969-08-02,Commercial,Huntsville
P01628,Female,1968-12-18,Commercial,Birmingham
P01629,Male,1987-07-23,Medicaid,Montgomery
P01630,Male,2011-12-22,Medicaid,Hoover
P01631,Male,1969-07-12,Commercial,Birmingham
P01632,Male,1938-06-12,Medicare,Montgomery
P01633,Female,2015-06-25,Medicaid,Bessemer
P01634,Female,1940-09-20,Medicare,Birmingham
P01635,Male,1984-03-28,Medicaid,Huntsville
P01636,Female,1973-05-29,Commercial,Birmingham
P01637,Male,2008-10-01,Medicaid,Birmingham
P01638,Male,1964-07-27,Commercial,Birmingham
P01639,Male,2006-11-23,Medicaid,Montgomery
P01640,Female,1998-01-29,Commercial,Birmingham
P01641,Male,1955-04-02,Medicare,Birmingham
P01642,Female,2019-09-18,Commercial,Huntsville
P01643,Male,1981-04-30,Commercial,Hoover
P01644,Female,1967-04-29,Commercial,Birmingham
P01645,Male,2011-05-24,Commercial,Birmingham
P01646,Female,1995-12-13,Medicaid,Montgomery
P01647,Female,1991-02-15,Commercial,Tuscaloosa
P01648,Female,1960-01-19,Medicaid,Huntsville
P01649,Female,1931-01-11,Medicare,Birmingham
P01650,Female,1944-01-10,Medicare,Hoover
P01651,Male,2005-01-27,Self-Pay,Montgomery
P01652,Male,2022-04-07,Medicaid,Birmingham
P01653,Female,2019-12-12,Commercial,Birmingham
P01654,Male,1967-07-16,Commercial,Hoover
P01655,Male,2009-10-04,Medicaid,Birmingham
P01656,Male,2002-10-13,Medicaid,Birmingham
P01657,Female,1943-03-04,Commercial,Bessemer
P01658,Female,1940-03-11,Medicaid,Hoover
P01659,Male,1944-06-25,Medicare,Tuscaloosa
P01660,Female,1999-04-08,Commercial,Birmingham
P01661,Female,1965-11-15,Commercial,Tuscaloosa
P01662,Male,1965-10-12,Medicare,Tuscaloosa
P01663,Female,2006-02-21,Commercial,Bessemer
P01664,Male,1971-07-21,Medicaid,Hoover
P01665,Female,1974-06-16,Medicaid,Montgomery
P01666,Male,1986-07-17,Commercial,Birmingham
P01667,Male,1952-10-20,Medicare,Tuscaloosa
P01668,Male,1959-03-06,Self-Pay,Bessemer
P01669,Male,1973-03-31,Commercial,Tuscaloosa
P01670,Male,1955-04-27,Medicaid,Huntsville
P01671,Female,1951-08-26,Medicare,Montgomery
P01672,Male,1970-05-12,Commercial,Bessemer
P01673,Male,1998-01-19,Commercial,Birmingham
P01674,Male,1951-05-09,Medicare,Birmingham
P01675,Female,1955-07-05,Medicare,Tuscaloosa
P01676,Female,1930-09-25,Commercial,Bessemer
P01677,Male,2009-06-25,Medicaid,Hoover
P01678,Male,1984-08-19,Commercial,Birmingham
P01679,Female,1936-05-23,Medicare,Tuscaloosa
P01680,Female,1975-12-16,Commercial,Birmingham
P01681,Male,1934-10-24,Commercial,Birmingham
P01682,Female,2022-03-20,Medicaid,Birmingham
P01683,Male,2020-08-16,Medicaid,Birmingham
P01684,Female,1948-07-27,Medicare,Huntsville
P01685,Female,1989-06-17,Commercial,Birmingham
P01686,Female,1974-07-26,Medicare,Birmingham
P01687,Male,1983-03-31,Medicaid,Hoover
P01688,Male,1985-10-04,Medicaid,Birmingham
P01689,Female,1934-03-31,Medicare,Hoover
P01690,Female,2015-10-17,Commercial,Birmingham
P01691,Female,1950-08-19,Medicare,Birmingham
P01692,Female,1939-06-01,Medicare,Huntsville
P01693,Male,1961-02-12,Commercial,Birmingham
P01694,Female,1986-10-09,Commercial,Birmingham
P01695,Male,2008-06-01,Commercial,Birmingham
P01696,Female,1959-12-09,Commercial,Birmingham
P01697,Female,1979-12-05,Medicaid,Birmingham
P01698,Female,2009-03-27,Commercial,Birmingham
P01699,Female,1989-04-14,Commercial,Birmingham
P01700,Female,1932-08-17,Medicare,Birmingham
P01701,Female,1998-05-19,Commercial,Montgomery
P01702,Female,2007-08-16,Medicaid,Birmingham
P01703,Male,1959-09-22,Medicaid,Birmingham
P01704,Female,2005-07-28,Commercial,Tuscaloosa
P01705,Female,1936-09-10,Medicare,Birmingham
P01706,Female,1942-03-10,Medicare,Huntsville
P01707,Male,1930-08-04,Commercial,Birmingham
P01708,Male,1937-09-06,Medicaid,Hoover
P01709,Male,2000-06-20,Medicaid,Bessemer
P01710,Male,2003-03-31,Commercial,Birmingham
P01711,Male,1991-09-24,Commercial,Birmingham
P01712,Female,1979-01-24,Unknown,Tuscaloosa
P01713,Male,1940-07-16,Self-Pay,Bessemer
P01714,Male,1954-05-05,Medicare,Hoover
P01715,Female,1962-01-17,Medicaid,Tuscaloosa
P01716,Female,1940-07-28,Medicare,Birmingham
P01717,Female,1962-10-21,Commercial,Tuscaloosa
P01718,Female,1987-04-04,Self-Pay,Birmingham
P01719,Male,1984-12-30,Medicaid,Tuscaloosa
P01720,Female,1974-07-18,Medicaid,Birmingham
P01721,Male,2015-01-09,Commercial,Tuscaloosa
P01722,Male,1953-08-03,Medicare,Birmingham
P01723,Female,1961-04-27,Medicaid,Huntsville
P01724,Female,1954-06-24,Commercial,Huntsville
P01725,Male,1973-10-15,Commercial,Montgomery
P01726,Male,1949-09-08,Commercial,Bessemer
P01727,Female,1933-06-24,Medicare,Hoover
P01728,Female,1969-11-24,Commercial,Huntsville
P01729,Male,1981-08-03,Self-Pay,Birmingham
P01730,Male,2014-08-03,Medicaid,Bessemer
P01731,Female,1950-03-03,Medicare,Tuscaloosa
P01732,Female,1938-11-17,Commercial,Hoover
P01733,Male,1957-02-28,Medicare,Hoover
P01734,Female,1941-08-05,Commercial,Huntsville
P01735,Female,1942-05-09,Medicare,Montgomery
P01736,Male,1948-06-12,Commercial,Montgomery
P01737,Female,1976-09-14,Commercial,Hoover
P01738,Female,2014-01-27,Commercial,Birmingham
P01739,Male,2023-10-12,Commercial,Bessemer
P01740,Male,2004-12-19,Commercial,Tuscaloosa
P01741,Female,1983-04-03,Commercial,Tuscaloosa
P01742,Female,1953-05-20,Medicare,Tuscaloosa
P01743,Male,1980-02-11,Commercial,Tuscaloosa
P01744,Male,2021-07-18,Commercial,Huntsville
P01745,Male,2004-12-26,Commercial,Tuscaloosa
P01746,Male,1930-12-25,Medicare,Montgomery
P01747,Male,1930-07-27,Medicare,Montgomery
P01748,Male,1988-10-02,Self-Pay,Hoover
P01749,Male,1947-01-30,Commercial,Birmingham
P01750,Female,1955-11-19,Commercial,Tuscaloosa
P01751,Male,1935-02-14,Medicare,Tuscaloosa
P01752,Male,1939-10-14,Medicare,Tuscaloosa
P01753,Female,1964-11-19,Commercial,Montgomery
P01754,Female,1986-09-23,Unknown,Birmingham
P01755,Male,1964-11-10,Medicaid,Birmingham
P01756,Female,1993-08-08,Commercial,Montgomery
P01757,Male,1990-09-03,Medicaid,Bessemer
P01758,Male,1966-06-22,Commercial,Hoover
P01759,Female,1969-06-19,Medicaid,Birmingham
P01760,Female,1969-01-01,Medicaid,Hoover
P01761,Male,1987-11-17,Medicaid,Hoover
P01762,Female,1985-11-03,Self-Pay,Hoover
P01763,Male,2023-10-22,Commercial,Birmingham
P01764,Female,1966-11-28,Self-Pay,Birmingham
P01765,Female,1969-09-09,Commercial,Tuscaloosa
P01766,Male,1935-06-15,Medicare,Tuscaloosa
P01767,Female,1976-09-11,Commercial,Huntsville
P01768,Male,1979-09-03,Commercial,Birmingham
P01769,Male,2017-07-14,Medicaid,Birmingham
P01770,Female,2005-06-15,Commercial,Birmingham
P01771,Female,1991-09-03,Commercial,Bessemer
P01772,Male,1988-10-13,Commercial,Hoover
P01773,Female,1989-08-05,Medicaid,Tuscaloosa
P01774,Male,1986-12-24,Commercial,Tuscaloosa
P01775,Male,1950-07-06,Medicare,Montgomery
P01776,Female,2011-01-23,Medicaid,Birmingham
P01777,Female,1992-08-09,Commercial,Hoover
P01778,Male,2008-11-23,Commercial,Montgomery
P01779,Male,1994-04-18,Commercial,Birmingham
P01780,Male,1958-11-16,Medicare,Tuscaloosa
P01781,Female,2019-10-23,Self-Pay,Hoover
P01782,Female,1991-11-09,Self-Pay,Bessemer
P01783,Male,2021-02-13,Medicaid,Huntsville
P01784,Female,1933-01-08,Commercial,Birmingham
P01785,Female,1954-06-08,Medicare,Montgomery
P01786,Male,2000-05-21,Commercial,Huntsville
P01787,Female,2005-05-11,Commercial,Tuscaloosa
P01788,Female,2014-05-24,Commercial,Birmingham
P01789,Female,1979-06-17,Commercial,Birmingham
P01790,Male,1952-01-07,Medicare,Tuscaloosa
P01791,Female,1968-04-09,Commercial,Hoover
P01792,Female,1940-11-30,Medicare,Montgomery
P01793,Female,1991-08-11,Medicaid,Birmingham
P01794,Female,1997-01-11,Medicaid,Tuscaloosa
P01795,Female,1978-08-07,Commercial,Birmingham
P01796,Male,2004-10-19,Unknown,Tuscaloosa
P01797,Female,1931-02-19,Medicare,Birmingham
P01798,Female,2006-05-19,Commercial,Hoover
P01799,Female,1978-06-10,Commercial,Birmingham
P01800,Female,1974-08-01,Commercial,Tuscaloosa
P01801,Female,2018-11-17,Medicaid,Birmingham
P01802,Male,1979-08-14,Commercial,Huntsville
P01803,Male,1980-07-26,Commercial,Birmingham
P01804,Male,1999-01-27,Commercial,Tuscaloosa
P01805,Female,2011-09-11,Commercial,Tuscaloosa
P01806,Male,2019-11-08,Commercial,Birmingham
P01807,Male,2023-07-29,Unknown,Birmingham
P01808,Female,1978-01-03,Commercial,Birmingham
P01809,Female,2015-07-09,Medicaid,Tuscaloosa
P01810,Male,1932-08-16,Medicare,Bessemer
P01811,Female,2000-05-03,Commercial,Birmingham
P01812,Female,1962-05-10,Medicaid,Huntsville
P01813,Male,1960-09-14,Commercial,Huntsville
P01814,Female,1976-01-14,Commercial,Huntsville
P01815,Male,1940-05-30,Medicare,Hoover
P01816,Female,2013-12-11,Commercial,Bessemer
P01817,Female,2001-08-06,Commercial,Hoover
P01818,Female,2000-01-31,Medicaid,Montgomery
P01819,Female,2011-08-11,Medicaid,Birmingham
P01820,Male,1995-06-08,Commercial,Montgomery
P01821,Male,1994-05-23,Commercial,Bessemer
P01822,Male,1951-04-19,Medicaid,Bessemer
P01823,Male,1995-02-17,Commercial,Birmingham
P01824,Female,1940-11-08,Medicare,Montgomery
P01825,Female,1950-06-27,Medicare,Birmingham
P01826,Female,1938-06-21,Medicare,Huntsville
P01827,Male,2014-11-07,Commercial,Birmingham
P01828,Female,1930-05-01,Medicare,Tuscaloosa
P01829,Female,1965-11-19,Commercial,Hoover
P01830,Female,1930-07-19,Medicaid,Birmingham
P01831,Male,1990-09-03,Commercial,Birmingham
P01832,Female,1933-11-06,Medicare,Birmingham
P01833,Male,1968-03-07,Commercial,Hoover
P01834,Male,2017-10-04,Commercial,Montgomery
P01835,Male,1985-09-30,Commercial,Huntsville
P01836,Female,2010-02-24,Medicaid,Montgomery
P01837,Female,1934-02-15,Commercial,Montgomery
P01838,Female,1995-12-20,Commercial,Birmingham
P01839,Male,2002-09-22,Commercial,Hoover
P01840,Male,1971-04-18,Unknown,Hoover
P01841,Male,1983-03-23,Commercial,Birmingham
P01842,Female,2014-01-02,Medicaid,Tuscaloosa
P01843,Female,1946-06-13,Medicare,Huntsville
P01844,Male,1943-12-30,Medicare,Tuscaloosa
P01845,Female,1953-02-17,Medicare,Huntsville
P01846,Male,1965-11-04,Self-Pay,Birmingham
P01847,Male,1985-11-18,Self-Pay,Huntsville
P01848,Female,1972-04-30,Medicaid,Birmingham
P01849,Female,1974-05-26,Medicaid,Montgomery
P01850,Female,2008-12-11,Commercial,Birmingham
P01851,Female,2016-11-01,Self-Pay,Hoover
P01852,Male,1999-05-31,Commercial,Hoover
P01853,Female,1980-09-30,Medicare,Birmingham
P01854,Female,2008-04-27,Medicaid,Birmingham
P01855,Female,2013-08-04,Medicaid,Birmingham
P01856,Female,1943-06-01,Unknown,Tuscaloosa
P01857,Male,1988-07-12,Commercial,Bessemer
P01858,Male,1968-08-21,Commercial,Birmingham
P01859,Female,1974-08-30,Commercial,Hoover
P01860,Female,1954-04-22,Medicare,Montgomery
P01861,Female,1953-06-28,Medicare,Hoover
P01862,Female,1995-05-30,Medicare,Montgomery
P01863,Female,1943-06-05,Medicare,Hoover
P01864,Male,1988-10-18,Commercial,Hoover
P01865,Female,1944-02-03,Medicare,Birmingham
P01866,Female,1985-06-10,Commercial,Birmingham
P01867,Female,2013-04-14,Commercial,Tuscaloosa
P01868,Male,1951-02-14,Medicare,Montgomery
P01869,Female,2021-01-29,Medicaid,Birmingham
P01870,Male,1950-05-03,Medicare,Bessemer
P01871,Female,2019-03-20,Commercial,Birmingham
P01872,Male,2004-07-13,Commercial,Hoover
P01873,Male,1966-04-07,Medicaid,Montgomery
P01874,Female,1934-09-06,Medicare,Montgomery
P01875,Female,1985-04-17,Unknown,Tuscaloosa
P01876,Female,2012-12-01,Medicaid,Birmingham
P01877,Male,2001-02-02,Commercial,Birmingham
P01878,Male,1938-10-04,Medicare,Birmingham
P01879,Female,1954-05-07,Medicare,Montgomery
P01880,Female,2014-12-28,Medicaid,Birmingham
P01881,Female,1987-11-06,Commercial,Huntsville
P01882,Female,1998-01-06,Medicaid,Birmingham
P01883,Male,2007-03-03,Commercial,Hoover
P01884,Female,1943-10-12,Commercial,Birmingham
P01885,Female,1965-11-15,Commercial,Hoover
P01886,Male,2006-03-10,Medicaid,Tuscaloosa
P01887,Male,1962-01-05,Commercial,Bessemer
P01888,Male,1984-11-01,Medicaid,Montgomery
P01889,Female,2018-05-04,Commercial,Huntsville
P01890,Male,1981-09-20,Medicaid,Birmingham
P01891,Male,2006-04-05,Self-Pay,Bessemer
P01892,Female,2000-08-02,Commercial,Montgomery
P01893,Female,1940-11-17,Medicare,Montgomery
P01894,Male,1956-09-05,Medicaid,Hoover
P01895,Male,2011-06-19,Medicaid,Birmingham
P01896,Male,1943-03-16,Medicare,Huntsville
P01897,Male,1969-12-25,Medicaid,Hoover
P01898,Male,1940-01-18,Medicaid,Birmingham
P01899,Male,1953-05-09,Medicare,Hoover
P01900,Male,1991-02-16,Medicaid,Tuscaloosa
P01901,Female,1973-01-27,Commercial,Birmingham
P01902,Female,1973-11-06,Medicare,Huntsville
P01903,Male,1955-11-28,Medicare,Tuscaloosa
P01904,Female,2000-03-24,Commercial,Hoover
P01905,Male,1992-10-25,Commercial,Birmingham
P01906,Male,2000-11-08,Self-Pay,Bessemer
P01907,Male,1995-07-14,Commercial,Hoover
P01908,Male,2008-02-03,Unknown,Hoover
P01909,Female,2020-03-17,Medicaid,Hoover
P01910,Male,1934-06-26,Medicare,Birmingham
P01911,Female,2016-10-22,Self-Pay,Huntsville
P01912,Male,1939-09-01,Medicare,Birmingham
P01913,Male,2023-04-25,Commercial,Montgomery
P01914,Female,1950-11-05,Medicare,Birmingham
P01915,Female,1992-06-24,Commercial,Bessemer
P01916,Female,1974-12-28,Commercial,Tuscaloosa
P01917,Male,1997-09-05,Commercial,Birmingham
P01918,Female,1977-10-03,Commercial,Tuscaloosa
P01919,Female,1981-04-28,Commercial,Birmingham
P01920,Male,1973-02-02,Commercial,Bessemer
P01921,Female,1986-11-09,Commercial,Huntsville
P01922,Male,1973-03-16,Medicare,Hoover
P01923,Male,1945-05-07,Medicare,Hoover
P01924,Female,1982-01-13,Commercial,Bessemer
P01925,Female,1989-02-03,Commercial,Huntsville
P01926,Male,2011-11-26,Medicaid,Hoover
P01927,Male,1989-04-05,Commercial,Hoover
P01928,Female,2012-05-30,Commercial,Birmingham
P01929,Male,2006-11-21,Commercial,Huntsville
P01930,Female,1933-09-30,Medicare,Tuscaloosa
P01931,Female,2015-01-28,Self-Pay,Montgomery
P01932,Male,1978-06-17,Medicaid,Tuscaloosa
P01933,Female,1944-08-31,Medicare,Tuscaloosa
P01934,Female,1933-09-07,Medicare,Hoover
P01935,Male,2010-03-02,Medicaid,Huntsville
P01936,Female,2008-09-20,Commercial,Hoover
P01937,Female,1988-11-05,Medicaid,Montgomery
P01938,Female,1971-06-06,Commercial,Birmingham
P01939,Male,1932-01-05,Medicare,Huntsville
P01940,Male,2004-10-27,Commercial,Montgomery
P01941,Male,2008-09-30,Commercial,Huntsville
P01942,Female,1999-07-14,Commercial,Birmingham
P01943,Male,1940-10-21,Medicare,Huntsville
P01944,Male,2021-05-09,Commercial,Birmingham
P01945,Female,1987-10-01,Medicare,Birmingham
P01946,Female,2012-11-16,Medicaid,Montgomery
P01947,Male,2009-09-28,Medicaid,Montgomery
P01948,Female,1936-01-28,Unknown,Birmingham
P01949,Male,2023-01-25,Medicaid,Bessemer
P01950,Male,1993-07-01,Commercial,Hoover
P01951,Female,1937-08-08,Medicare,Bessemer
P01952,Male,1966-03-08,Commercial,Montgomery
P01953,Male,2017-10-23,Medicaid,Bessemer
P01954,Female,1979-05-08,Medicaid,Montgomery
P01955,Male,1931-04-28,Medicare,Bessemer
P01956,Female,1985-04-17,Commercial,Tuscaloosa
P01957,Male,1973-10-14,Commercial,Birmingham
P01958,Female,1973-04-15,Medicaid,Hoover
P01959,Female,1961-05-23,Commercial,Huntsville
P01960,Female,2006-02-16,Medicaid,Birmingham
P01961,Female,1944-10-30,Medicare,Bessemer
P01962,Female,1930-05-23,Medicare,Birmingham
P01963,Female,2010-03-05,Commercial,Montgomery
P01964,Male,1946-09-22,Medicare,Hoover
P01965,Female,1946-04-05,Medicare,Montgomery
P01966,Female,1953-11-26,Medicare,Bessemer
P01967,Female,1988-04-14,Commercial,Hoover
P01968,Male,1979-05-25,Commercial,Huntsville
P01969,Female,1944-10-23,Medicare,Birmingham
P01970,Male,2009-12-08,Commercial,Montgomery
P01971,Male,1945-04-04,Medicare,Montgomery
P01972,Female,1936-10-05,Medicare,Birmingham
P01973,Male,1959-07-04,Commercial,Birmingham
P01974,Female,1991-12-10,Self-Pay,Hoover
P01975,Male,1970-01-15,Self-Pay,Birmingham
P01976,Female,2019-06-15,Medicaid,Montgomery
P01977,Male,1935-01-26,Medicare,Birmingham
P01978,Male,1991-11-04,Commercial,Bessemer
P01979,Female,2018-10-18,Unknown,Bessemer
P01980,Female,1948-05-24,Medicare,Bessemer
P01981,Female,1961-05-26,Commercial,Tuscaloosa
P01982,Female,1964-03-19,Commercial,Birmingham
P01983,Male,2018-01-28,Commercial,Montgomery
P01984,Male,1952-03-08,Medicare,Huntsville
P01985,Male,1963-11-11,Commercial,Bessemer
P01986,Male,1948-09-11,Medicare,Birmingham
P01987,Female,1945-02-02,Medicare,Birmingham
P01988,Male,2003-06-15,Commercial,Bessemer
P01989,Female,2003-02-19,Self-Pay,Montgomery
P01990,Female,1936-06-10,Medicare,Birmingham
P01991,Female,1973-12-14,Medicaid,Huntsville
P01992,Female,1982-07-13,Commercial,Birmingham
P01993,Female,1996-03-06,Self-Pay,Tuscaloosa
P01994,Female,1963-05-07,Self-Pay,Birmingham
P01995,Female,1952-11-14,Medicare,Hoover
P01996,Female,2023-10-17,Medicaid,Birmingham
P01997,Female,1971-02-24,Commercial,Birmingham
P01998,Female,1929-01-09,Medicaid,Hoover
P01999,Female,1997-04-02,Commercial,Birmingham
P02000,Female,1997-11-27,Commercial,Hoover
P02001,Male,1940-05-20,Medicare,Tuscaloosa
P02002,Male,2018-03-05,Medicaid,Huntsville
P02003,Female,1986-05-13,Commercial,Huntsville
P02004,Female,1980-05-30,Medicaid,Birmingham
P02005,Female,1948-07-15,Medicare,Birmingham
P02006,Female,2011-10-04,Commercial,Montgomery
P02007,Female,1982-09-21,Commercial,Montgomery
P02008,Male,2009-04-04,Commercial,Bessemer
P02009,Female,1949-12-07,Medicaid,Bessemer
P02010,Female,1963-12-02,Commercial,Tuscaloosa
P02011,Male,1976-08-10,Commercial,Montgomery
P02012,Female,1986-03-25,Commercial,Hoover
P02013,Female,2009-05-07,Medicaid,Montgomery
P02014,Female,1936-05-31,Medicare,Bessemer
P02015,Male,1962-06-21,Medicaid,Montgomery
P02016,Female,1993-11-22,Medicaid,Hoover
P02017,Male,1984-09-02,Medicaid,Birmingham
P02018,Male,1955-12-03,Medicaid,Birmingham
P02019,Female,1955-03-31,Medicare,Birmingham
P02020,Male,1980-04-02,Self-Pay,Montgomery
P02021,Female,1995-09-29,Self-Pay,Huntsville
P02022,Female,1961-09-17,Self-Pay,Birmingham
P02023,Female,1961-09-08,Medicaid,Huntsville
P02024,Male,1967-02-11,Commercial,Birmingham
P02025,Female,2017-07-07,Commercial,Tuscaloosa
P02026,Female,1979-03-29,Commercial,Birmingham
P02027,Male,1965-07-22,Medicaid,Tuscaloosa
P02028,Female,1933-04-22,Medicare,Huntsville
P02029,Male,1974-06-23,Self-Pay,Huntsville
P02030,Male,1991-09-22,Medicaid,Huntsville
P02031,Male,1971-02-16,Commercial,Hoover
P02032,Male,2007-04-18,Medicaid,Huntsville
P02033,Male,2015-03-27,Unknown,Birmingham
P02034,Female,1959-01-20,Medicare,Hoover
P02035,Male,1930-10-03,Self-Pay,Tuscaloosa
P02036,Male,1943-11-29,Commercial,Huntsville
P02037,Male,1968-06-03,Self-Pay,Bessemer
P02038,Male,2020-09-04,Medicaid,Birmingham
P02039,Male,1930-07-26,Medicare,Montgomery
P02040,Male,1981-10-08,Commercial,Birmingham
P02041,Female,1996-08-09,Commercial,Tuscaloosa
P02042,Female,1939-08-11,Medicare,Montgomery
P02043,Male,1953-08-27,Medicare,Huntsville
P02044,Male,1952-04-06,Self-Pay,Montgomery
P02045,Female,1997-05-30,Commercial,Montgomery
P02046,Female,1929-07-12,Medicare,Birmingham
P02047,Male,1980-11-21,Commercial,Bessemer
P02048,Female,1973-06-07,Medicaid,Bessemer
P02049,Male,1952-10-30,Medicare,Hoover
P02050,Male,1961-09-09,Commercial,Birmingham
P02051,Female,2007-08-03,Medicaid,Birmingham
P02052,Female,1995-11-11,Commercial,Montgomery
P02053,Male,1989-08-12,Commercial,Bessemer
P02054,Female,1933-09-26,Medicare,Montgomery
P02055,Male,1956-02-26,Medicare,Hoover
P02056,Female,1989-02-22,Medicare,Birmingham
P02057,Female,1954-12-31,Medicare,Hoover
P02058,Female,1953-05-27,Medicare,Birmingham
P02059,Male,1986-05-13,Commercial,Birmingham
P02060,Male,1985-08-17,Self-Pay,Birmingham
P02061,Male,1939-07-14,Medicare,Birmingham
P02062,Female,1970-03-19,Commercial,Birmingham
P02063,Male,2009-08-17,Medicaid,Huntsville
P02064,Female,1955-12-09,Medicare,Hoover
P02065,Male,1967-08-19,Commercial,Hoover
P02066,Male,1975-10-01,Commercial,Tuscaloosa
P02067,Female,1955-08-15,Unknown,Bessemer
P02068,Male,1937-10-10,Medicare,Huntsville
P02069,Female,1992-11-08,Commercial,Tuscaloosa
P02070,Female,1984-01-08,Medicaid,Huntsville
P02071,Male,2005-11-15,Self-Pay,Huntsville
P02072,Male,1962-04-19,Medicaid,Huntsville
P02073,Female,1985-04-15,Medicare,Hoover
P02074,Male,1991-05-21,Medicaid,Tuscaloosa
P02075,Female,1957-02-03,Medicaid,Hoover
P02076,Male,1985-12-31,Commercial,Hoover
P02077,Male,1979-09-13,Commercial,Birmingham
P02078,Female,1982-10-26,Commercial,Birmingham
P02079,Male,1999-06-05,Medicaid,Hoover
P02080,Male,2012-05-15,Commercial,Tuscaloosa
P02081,Female,1945-02-08,Medicare,Hoover
P02082,Female,2015-08-16,Medicaid,Birmingham
P02083,Female,1993-10-07,Commercial,Birmingham
P02084,Male,1960-01-30,Medicaid,Birmingham
P02085,Male,2011-05-01,Medicaid,Huntsville
P02086,Male,1961-03-28,Commercial,Birmingham
P02087,Male,1954-07-23,Medicare,Birmingham
P02088,Male,1961-07-22,Medicaid,Birmingham
P02089,Female,1995-08-12,Commercial,Hoover
P02090,Female,2022-04-03,Commercial,Birmingham
P02091,Male,1939-10-17,Medicare,Hoover
P02092,Female,1992-01-11,Medicaid,Tuscaloosa
P02093,Female,1947-10-29,Medicare,Bessemer
P02094,Male,2005-07-17,Commercial,Tuscaloosa
P02095,Male,2008-09-09,Self-Pay,Birmingham
P02096,Male,1950-05-12,Medicare,Hoover
P02097,Female,1934-04-28,Medicare,Montgomery
P02098,Male,1942-01-31,Medicare,Birmingham
P02099,Female,1952-03-19,Medicare,Bessemer
P02100,Female,2000-10-03,Medicaid,Tuscaloosa
P02101,Male,1937-10-18,Medicare,Birmingham
P02102,Male,1960-02-13,Medicaid,Birmingham
P02103,Male,2007-07-07,Unknown,Bessemer
P02104,Male,2011-11-27,Commercial,Bessemer
P02105,Male,1941-03-06,Medicare,Montgomery
P02106,Female,1997-05-10,Self-Pay,Birmingham
P02107,Female,1951-12-23,Commercial,Huntsville
P02108,Male,2010-03-22,Medicaid,Birmingham
P02109,Male,1997-05-25,Commercial,Hoover
P02110,Female,1997-05-22,Commercial,Huntsville
P02111,Female,1997-02-20,Medicaid,Bessemer
P02112,Female,1959-07-05,Commercial,Hoover
P02113,Female,1937-07-17,Medicare,Hoover
P02114,Male,1937-05-21,Commercial,Birmingham
P02115,Female,1953-10-21,Medicare,Hoover
P02116,Female,2004-11-07,Commercial,Birmingham
P02117,Male,1932-02-29,Medicare,Montgomery
P02118,Male,1972-10-15,Medicaid,Birmingham
P02119,Female,1972-07-01,Commercial,Huntsville
P02120,Female,1957-09-25,Medicare,Birmingham
P02121,Female,1950-10-09,Medicare,Hoover
P02122,Female,1933-05-28,Medicare,Birmingham
P02123,Female,1968-03-15,Commercial,Hoover
P02124,Female,1966-07-24,Commercial,Tuscaloosa
P02125,Female,1953-11-12,Medicare,Tuscaloosa
P02126,Female,1999-10-04,Commercial,Bessemer
P02127,Female,1994-11-02,Medicaid,Birmingham
P02128,Male,1964-02-14,Medicare,Tuscaloosa
P02129,Female,2017-09-07,Commercial,Bessemer
P02130,Female,1993-08-18,Medicaid,Birmingham
P02131,Male,1955-12-07,Medicare,Montgomery
P02132,Female,1931-07-23,Medicare,Bessemer
P02133,Female,1974-02-02,Commercial,Montgomery
P02134,Male,1986-08-05,Commercial,Tuscaloosa
P02135,Male,1982-05-09,Commercial,Huntsville
P02136,Female,1958-10-27,Medicare,Hoover
P02137,Male,1972-11-10,Self-Pay,Tuscaloosa
P02138,Male,2021-04-09,Medicaid,Bessemer
P02139,Female,1972-12-09,Medicaid,Birmingham
P02140,Female,1985-07-22,Commercial,Montgomery
P02141,Female,1957-09-08,Medicare,Hoover
P02142,Male,1940-12-27,Medicare,Birmingham
P02143,Female,1932-06-22,Medicare,Tuscaloosa
P02144,Female,1966-01-15,Commercial,Montgomery
P02145,Female,1989-12-07,Commercial,Tuscaloosa
P02146,Male,1981-03-10,Commercial,Montgomery
P02147,Female,2007-06-19,Unknown,Birmingham
P02148,Female,1935-04-12,Medicare,Bessemer
P02149,Female,1943-11-27,Commercial,Tuscaloosa
P02150,Male,1942-02-18,Medicare,Montgomery
P02151,Female,1992-12-28,Commercial,Birmingham
P02152,Male,1993-02-05,Commercial,Hoover
P02153,Female,1942-05-06,Unknown,Bessemer
P02154,Female,1972-08-31,Commercial,Birmingham
P02155,Female,1957-12-30,Medicare,Hoover
P02156,Female,1977-05-24,Medicaid,Montgomery
P02157,Female,1981-12-01,Commercial,Huntsville
P02158,Male,1963-05-24,Medicaid,Montgomery
P02159,Female,1946-03-25,Medicare,Huntsville
P02160,Male,1992-09-26,Self-Pay,Bessemer
P02161,Female,1947-10-06,Medicare,Hoover
P02162,Male,2000-10-12,Commercial,Tuscaloosa
P02163,Female,1985-10-11,Commercial,Montgomery
P02164,Male,1937-11-21,Medicare,Huntsville
P02165,Female,1933-10-02,Commercial,Birmingham
P02166,Male,1936-05-06,Medicare,Birmingham
P02167,Male,1993-09-13,Commercial,Tuscaloosa
P02168,Male,1943-03-22,Medicare,Huntsville
P02169,Male,1935-03-08,Unknown,Tuscaloosa
P02170,Female,1931-03-30,Medicare,Huntsville
P02171,Female,2022-06-19,Self-Pay,Montgomery
P02172,Female,1953-09-08,Unknown,Birmingham
P02173,Male,1929-01-27,Medicare,Tuscaloosa
P02174,Female,1951-10-19,Medicare,Tuscaloosa
P02175,Female,2001-07-16,Commercial,Birmingham
P02176,Male,1951-07-20,Self-Pay,Hoover
P02177,Female,2014-04-04,Commercial,Tuscaloosa
P02178,Male,1978-06-16,Commercial,Montgomery
P02179,Female,1964-03-16,Commercial,Hoover
P02180,Male,1980-02-01,Commercial,Birmingham
P02181,Male,1957-08-12,Unknown,Hoover
P02182,Male,2001-02-16,Commercial,Montgomery
P02183,Female,1966-11-01,Commercial,Tuscaloosa
P02184,Female,1962-02-01,Commercial,Birmingham
P02185,Female,1963-10-29,Medicaid,Bessemer
P02186,Female,1996-02-26,Commercial,Birmingham
P02187,Male,1994-08-12,Commercial,Birmingham
P02188,Female,1999-01-14,Commercial,Hoover
P02189,Female,1980-11-15,Commercial,Huntsville
P02190,Female,1968-07-16,Commercial,Montgomery
P02191,Male,1989-02-06,Commercial,Birmingham
P02192,Female,1985-12-15,Medicaid,Montgomery
P02193,Female,1996-09-27,Medicaid,Huntsville
P02194,Female,2003-12-02,Commercial,Montgomery
P02195,Female,1961-09-06,Medicaid,Bessemer
P02196,Female,1946-08-12,Medicare,Huntsville
P02197,Female,1996-05-21,Commercial,Birmingham
P02198,Male,1942-09-29,Medicare,Birmingham
P02199,Male,1969-11-05,Commercial,Bessemer
P02200,Male,2008-10-31,Self-Pay,Tuscaloosa
P02201,Male,1989-01-24,Commercial,Tuscaloosa
P02202,Male,2023-01-19,Commercial,Bessemer
P02203,Female,2020-10-13,Commercial,Montgomery
P02204,Female,1992-10-22,Medicaid,Huntsville
P02205,Male,1980-12-13,Medicaid,Montgomery
P02206,Male,1948-01-17,Medicare,Birmingham
P02207,Female,2011-04-19,Medicaid,Huntsville
P02208,Female,1944-03-30,Medicare,Bessemer
P02209,Female,2001-09-17,Medicare,Birmingham
P02210,Female,2010-05-13,Commercial,Birmingham
P02211,Female,1957-12-11,Medicare,Montgomery
P02212,Female,1950-04-30,Medicare,Tuscaloosa
P02213,Female,1966-06-04,Commercial,Birmingham
P02214,Male,2013-09-03,Commercial,Birmingham
P02215,Male,2013-04-17,Medicaid,Birmingham
P02216,Male,1986-05-11,Medicaid,Birmingham
P02217,Male,1981-07-25,Commercial,Montgomery
P02218,Female,1929-10-25,Medicare,Huntsville
P02219,Female,1996-12-24,Medicaid,Huntsville
P02220,Male,2005-01-24,Commercial,Birmingham
P02221,Male,1934-09-21,Medicare,Hoover
P02222,Male,2009-09-13,Medicaid,Birmingham
P02223,Male,2021-04-28,Commercial,Montgomery
P02224,Male,1983-09-30,Medicaid,Bessemer
P02225,Male,1985-08-17,Commercial,Hoover
P02226,Male,1965-04-17,Medicaid,Bessemer
P02227,Male,1940-05-29,Medicare,Birmingham
P02228,Female,1935-05-07,Medicare,Birmingham
P02229,Female,1996-12-31,Commercial,Huntsville
P02230,Female,1930-07-21,Medicare,Birmingham
P02231,Male,1963-07-12,Self-Pay,Bessemer
P02232,Male,2017-05-16,Commercial,Birmingham
P02233,Female,1934-11-07,Medicaid,Montgomery
P02234,Female,2010-11-04,Medicaid,Birmingham
P02235,Male,1968-03-29,Commercial,Birmingham
P02236,Female,1948-05-01,Medicare,Hoover
P02237,Male,2000-03-11,Commercial,Bessemer
P02238,Female,1998-09-25,Commercial,Tuscaloosa
P02239,Female,1978-01-02,Commercial,Tuscaloosa
P02240,Female,1939-09-24,Medicare,Birmingham
P02241,Female,2002-05-09,Commercial,Birmingham
P02242,Female,1960-11-03,Medicaid,Birmingham
P02243,Female,1981-01-31,Medicare,Montgomery
P02244,Female,2013-09-02,Commercial,Birmingham
P02245,Female,1956-03-15,Medicare,Birmingham
P02246,Male,1944-09-03,Medicare,Tuscaloosa
P02247,Female,1969-03-19,Self-Pay,Tuscaloosa
P02248,Female,2007-07-20,Self-Pay,Hoover
P02249,Female,2009-12-10,Commercial,Birmingham
P02250,Male,1983-10-24,Commercial,Hoover
P02251,Male,1975-04-27,Commercial,Huntsville
P02252,Male,1971-10-23,Medicaid,Birmingham
P02253,Male,2000-09-23,Commercial,Huntsville
P02254,Female,1976-06-18,Commercial,Birmingham
P02255,Male,1995-10-01,Unknown,Bessemer
P02256,Female,1958-11-15,Commercial,Bessemer
P02257,Female,1948-05-19,Medicare,Birmingham
P02258,Female,1961-04-25,Medicaid,Hoover
P02259,Female,2023-04-09,Commercial,Hoover
P02260,Male,1929-01-22,Medicare,Montgomery
P02261,Male,2021-11-17,Commercial,Tuscaloosa
P02262,Male,1929-07-30,Medicare,Tuscaloosa
P02263,Female,2020-10-08,Medicaid,Birmingham
P02264,Female,1974-02-07,Commercial,Birmingham
P02265,Female,2013-06-18,Medicaid,Huntsville
P02266,Female,2014-11-27,Unknown,Tuscaloosa
P02267,Female,1959-04-24,Medicaid,Montgomery
P02268,Female,1954-12-17,Medicaid,Montgomery
P02269,Male,2012-09-23,Medicaid,Tuscaloosa
P02270,Female,1931-04-13,Medicare,Tuscaloosa
P02271,Female,1993-07-01,Commercial,Bessemer
P02272,Male,1993-03-30,Medicaid,Montgomery
P02273,Male,1995-06-07,Commercial,Montgomery
P02274,Female,1980-02-29,Medicare,Bessemer
P02275,Female,2007-06-10,Medicaid,Hoover
P02276,Female,1983-12-12,Commercial,Huntsville
P02277,Male,2004-12-06,Medicaid,Huntsville
P02278,Female,2019-03-24,Commercial,Birmingham
P02279,Female,1988-12-18,Unknown,Tuscaloosa
P02280,Male,1960-08-17,Medicaid,Hoover
P02281,Male,1951-12-27,Medicare,Hoover
P02282,Male,1990-09-13,Unknown,Birmingham
P02283,Female,1993-05-29,Commercial,Huntsville
P02284,Male,1949-10-30,Medicare,Huntsville
P02285,Female,1959-07-15,Commercial,Tuscaloosa
P02286,Female,1944-01-04,Medicare,Birmingham
P02287,Male,1937-12-07,Medicare,Tuscaloosa
P02288,Male,1945-12-09,Commercial,Birmingham
P02289,Female,1935-09-24,Medicare,Birmingham
P02290,Female,1984-03-06,Self-Pay,Birmingham
P02291,Female,1986-08-06,Commercial,Montgomery
P02292,Male,1993-05-13,Self-Pay,Hoover
P02293,Male,2001-12-20,Self-Pay,Tuscaloosa
P02294,Female,1952-04-08,Self-Pay,Montgomery
P02295,Female,1956-12-08,Medicare,Hoover
P02296,Male,1947-04-17,Medicaid,Montgomery
P02297,Male,2008-11-09,Commercial,Birmingham
P02298,Female,1977-02-22,Commercial,Birmingham
P02299,Male,2002-09-15,Commercial,Birmingham
P02300,Male,1939-10-26,Commercial,Tuscaloosa
P02301,Female,1998-09-01,Medicaid,Bessemer
P02302,Male,2011-01-01,Commercial,Tuscaloosa
P02303,Male,1969-11-02,Commercial,Tuscaloosa
P02304,Male,1940-05-28,Unknown,Birmingham
P02305,Male,1937-09-14,Medicare,Bessemer
P02306,Male,2014-08-25,Medicaid,Hoover
P02307,Female,1993-03-13,Commercial,Birmingham
P02308,Female,2009-11-17,Commercial,Bessemer
P02309,Male,1994-08-10,Commercial,Hoover
P02310,Female,1973-10-26,Commercial,Birmingham
P02311,Female,1997-07-09,Medicaid,Birmingham
P02312,Female,2017-09-02,Commercial,Birmingham
P02313,Male,1975-12-16,Self-Pay,Montgomery
P02314,Male,2018-12-07,Medicaid,Hoover
P02315,Male,2002-02-24,Commercial,Bessemer
P02316,Male,2023-12-12,Commercial,Birmingham
P02317,Female,2015-03-22,Commercial,Tuscaloosa
P02318,Female,1982-02-01,Commercial,Huntsville
P02319,Male,1943-07-15,Medicare,Tuscaloosa
P02320,Female,1950-09-10,Medicare,Tuscaloosa
P02321,Male,2014-03-24,Medicaid,Tuscaloosa
P02322,Male,2020-01-09,Medicaid,Huntsville
P02323,Female,1991-11-19,Commercial,Montgomery
P02324,Male,1962-01-15,Medicaid,Birmingham
P02325,Female,1953-01-22,Medicare,Hoover
P02326,Female,1945-11-10,Medicare,Tuscaloosa
P02327,Female,1991-12-13,Commercial,Birmingham
P02328,Female,2008-04-16,Commercial,Birmingham
P02329,Female,2021-12-04,Medicaid,Bessemer
P02330,Male,2010-05-27,Medicaid,Birmingham
P02331,Female,2017-12-09,Medicaid,Birmingham
P02332,Male,1942-04-24,Commercial,Tuscaloosa
P02333,Male,1998-10-09,Commercial,Birmingham
P02334,Female,1945-11-27,Medicare,Birmingham
P02335,Female,1971-12-08,Commercial,Birmingham
P02336,Male,1972-10-25,Commercial,Birmingham
P02337,Male,1980-06-18,Commercial,Hoover
P02338,Male,1946-12-05,Medicare,Montgomery
P02339,Female,2019-03-15,Medicaid,Birmingham
P02340,Male,2015-05-26,Commercial,Hoover
P02341,Male,1983-09-15,Commercial,Tuscaloosa
P02342,Male,1986-01-06,Self-Pay,Birmingham
P02343,Female,1972-05-06,Self-Pay,Hoover
P02344,Male,1953-05-01,Medicare,Hoover
P02345,Female,1968-10-30,Commercial,Birmingham
P02346,Male,1999-04-17,Commercial,Hoover
P02347,Male,1992-06-11,Self-Pay,Birmingham
P02348,Male,1952-01-08,Medicare,Montgomery
P02349,Female,2004-07-11,Commercial,Bessemer
P02350,Male,1976-04-29,Commercial,Montgomery
P02351,Female,1972-08-30,Commercial,Birmingham
P02352,Female,1952-12-18,Commercial,Huntsville
P02353,Male,1956-11-16,Medicare,Tuscaloosa
P02354,Male,1979-02-19,Commercial,Birmingham
P02355,Female,1994-04-07,Commercial,Bessemer
P02356,Male,1989-08-21,Commercial,Huntsville
P02357,Female,1984-04-22,Commercial,Birmingham
P02358,Male,2003-12-31,Self-Pay,Bessemer
P02359,Male,1964-12-19,Unknown,Birmingham
P02360,Male,2004-06-30,Commercial,Hoover
P02361,Male,1962-05-18,Commercial,Birmingham
P02362,Male,1952-01-25,Medicare,Birmingham
P02363,Female,1932-03-30,Medicare,Bessemer
P02364,Male,2012-09-30,Medicaid,Tuscaloosa
P02365,Female,1951-03-10,Commercial,Birmingham
P02366,Female,2015-07-06,Medicaid,Huntsville
P02367,Male,1991-03-06,Commercial,Montgomery
P02368,Female,2007-10-30,Medicaid,Bessemer
P02369,Female,2008-12-23,Commercial,Bessemer
P02370,Male,2007-12-11,Commercial,Bessemer
P02371,Female,2019-01-05,Commercial,Tuscaloosa
P02372,Female,1945-12-03,Medicare,Birmingham
P02373,Female,2018-01-24,Self-Pay,Bessemer
P02374,Female,1986-04-11,Commercial,Birmingham
P02375,Male,1957-11-09,Medicare,Birmingham
P02376,Male,1929-02-20,Medicare,Hoover
P02377,Male,1942-11-10,Medicare,Birmingham
P02378,Female,2010-11-10,Commercial,Tuscaloosa
P02379,Male,1930-06-05,Medicare,Bessemer
P02380,Female,1961-09-18,Commercial,Hoover
P02381,Male,2006-09-17,Commercial,Tuscaloosa
P02382,Male,1981-10-22,Commercial,Hoover
P02383,Female,1936-05-25,Medicare,Huntsville
P02384,Male,1986-12-23,Commercial,Birmingham
P02385,Male,2006-10-04,Medicaid,Birmingham
P02386,Female,1940-06-13,Commercial,Tuscaloosa
P02387,Male,1933-07-08,Medicare,Tuscaloosa
P02388,Male,1931-04-21,Medicare,Hoover
P02389,Female,1933-10-15,Commercial,Birmingham
P02390,Female,1941-05-10,Medicare,Birmingham
P02391,Male,1980-03-30,Medicaid,Huntsville
P02392,Male,2005-08-13,Commercial,Hoover
P02393,Male,1965-09-30,Commercial,Hoover
P02394,Male,2003-06-13,Medicaid,Montgomery
P02395,Male,1979-06-04,Commercial,Huntsville
P02396,Female,1961-11-28,Commercial,Birmingham
P02397,Female,1934-06-09,Medicaid,Tuscaloosa
P02398,Female,1996-11-06,Medicaid,Birmingham
P02399,Male,2000-06-08,Commercial,Birmingham
P02400,Male,1954-01-26,Medicaid,Huntsville
P02401,Male,2023-06-19,Medicaid,Birmingham
P02402,Female,1970-03-30,Medicaid,Birmingham
P02403,Female,1953-09-10,Unknown,Montgomery
P02404,Male,1971-01-30,Commercial,Huntsville
P02405,Female,1987-03-11,Medicaid,Bessemer
P02406,Female,1945-02-01,Medicare,Montgomery
P02407,Male,1988-04-06,Self-Pay,Birmingham
P02408,Male,1956-05-09,Unknown,Tuscaloosa
P02409,Male,1979-06-24,Commercial,Birmingham
P02410,Female,2021-01-28,Medicaid,Huntsville
P02411,Female,1973-02-26,Medicare,Birmingham
P02412,Female,2019-08-02,Commercial,Birmingham
P02413,Female,1935-12-01,Medicare,Birmingham
P02414,Female,1966-12-31,Self-Pay,Huntsville
P02415,Female,1988-10-08,Commercial,Birmingham
P02416,Male,1977-12-10,Medicaid,Tuscaloosa
P02417,Female,1965-10-16,Commercial,Montgomery
P02418,Female,1999-11-23,Medicaid,Huntsville
P02419,Female,1996-01-09,Commercial,Hoover
P02420,Male,1984-11-28,Commercial,Birmingham
P02421,Female,1999-05-18,Commercial,Bessemer
P02422,Female,1951-08-26,Medicare,Tuscaloosa
P02423,Female,2014-10-30,Commercial,Hoover
P02424,Female,1945-04-21,Medicaid,Bessemer
P02425,Male,1990-01-12,Medicaid,Birmingham
P02426,Female,1970-03-19,Medicare,Hoover
P02427,Female,2009-01-11,Medicaid,Birmingham
P02428,Male,1987-05-31,Commercial,Birmingham
P02429,Female,1952-05-01,Medicare,Hoover
P02430,Male,1998-11-09,Medicaid,Huntsville
P02431,Female,2011-02-24,Medicaid,Birmingham
P02432,Male,1974-04-04,Commercial,Huntsville
P02433,Female,2008-10-01,Medicaid,Montgomery
P02434,Female,1994-08-25,Self-Pay,Montgomery
P02435,Female,1981-05-24,Commercial,Birmingham
P02436,Male,1970-12-28,Commercial,Huntsville
P02437,Female,1963-03-09,Commercial,Birmingham
P02438,Male,1959-09-21,Commercial,Huntsville
P02439,Male,1943-12-05,Commercial,Birmingham
P02440,Female,2017-09-03,Commercial,Huntsville
P02441,Female,1989-03-02,Commercial,Birmingham
P02442,Female,2023-09-23,Commercial,Tuscaloosa
P02443,Male,2023-06-19,Commercial,Birmingham
P02444,Male,2003-03-11,Commercial,Birmingham
P02445,Male,1967-12-20,Medicaid,Tuscaloosa
P02446,Female,1939-03-30,Medicare,Birmingham
P02447,Male,1950-09-18,Medicare,Huntsville
P02448,Female,1962-04-23,Commercial,Huntsville
P02449,Female,1950-10-25,Medicare,Tuscaloosa
P02450,Female,2007-11-12,Commercial,Huntsville
P02451,Female,1944-03-20,Medicare,Montgomery
P02452,Male,1939-03-13,Medicare,Bessemer
P02453,Male,2014-01-08,Commercial,Birmingham
P02454,Female,1979-04-29,Commercial,Tuscaloosa
P02455,Female,1945-07-15,Medicare,Huntsville
P02456,Male,1978-10-22,Commercial,Birmingham
P02457,Male,1944-09-16,Medicare,Birmingham
P02458,Female,1935-05-10,Medicare,Birmingham
P02459,Female,1978-08-28,Commercial,Tuscaloosa
P02460,Male,2018-07-09,Commercial,Birmingham
P02461,Male,1991-11-01,Medicaid,Huntsville
P02462,Male,2003-07-25,Commercial,Tuscaloosa
P02463,Female,1978-10-07,Commercial,Tuscaloosa
P02464,Male,1968-11-22,Commercial,Birmingham
P02465,Female,1979-11-14,Commercial,Huntsville
P02466,Male,2005-06-26,Commercial,Huntsville
P02467,Female,1995-08-21,Medicaid,Birmingham
P02468,Female,1959-11-26,Commercial,Birmingham
P02469,Female,2021-06-28,Commercial,Birmingham
P02470,Female,2003-11-03,Commercial,Bessemer
P02471,Female,1939-12-27,Medicare,Birmingham
P02472,Male,2014-11-14,Commercial,Birmingham
P02473,Male,1984-07-22,Self-Pay,Birmingham
P02474,Male,2004-01-19,Commercial,Birmingham
P02475,Female,2014-10-05,Medicaid,Hoover
P02476,Female,1983-09-20,Medicaid,Montgomery
P02477,Female,1974-10-05,Unknown,Hoover
P02478,Female,2007-08-25,Medicaid,Montgomery
P02479,Female,2016-04-15,Medicaid,Birmingham
P02480,Male,2011-09-06,Medicaid,Hoover
P02481,Male,1962-05-06,Commercial,Montgomery
P02482,Female,1942-02-08,Medicare,Huntsville
P02483,Male,2006-01-21,Commercial,Montgomery
P02484,Male,1993-06-10,Commercial,Birmingham
P02485,Female,1991-04-16,Self-Pay,Hoover
P02486,Male,1989-01-31,Self-Pay,Huntsville
P02487,Female,2000-03-20,Medicaid,Birmingham
P02488,Female,2018-09-14,Commercial,Montgomery
P02489,Male,1974-11-14,Medicare,Birmingham
P02490,Male,1990-11-21,Self-Pay,Birmingham
P02491,Female,1991-02-14,Commercial,Huntsville
P02492,Female,1998-06-12,Commercial,Huntsville
P02493,Male,1935-09-15,Medicaid,Montgomery
P02494,Female,1966-08-28,Medicaid,Montgomery
P02495,Male,1984-09-21,Commercial,Birmingham
P02496,Male,2004-03-15,Medicare,Tuscaloosa
P02497,Female,1947-05-23,Medicare,Bessemer
P02498,Male,1939-02-15,Medicare,Birmingham
P02499,Male,2020-09-13,Medicaid,Hoover
P02500,Male,1935-07-13,Medicare,Bessemer
P02501,Female,1957-11-18,Commercial,Birmingham
P02502,Female,2014-01-12,Medicaid,Bessemer
P02503,Female,1952-06-29,Medicare,Hoover
P02504,Male,2013-06-14,Commercial,Montgomery
P02505,Male,2019-08-04,Commercial,Tuscaloosa
P02506,Male,2013-09-25,Medicaid,Huntsville
P02507,Male,1980-01-21,Unknown,Huntsville
P02508,Female,1965-07-07,Medicaid,Birmingham
P02509,Female,1985-04-30,Commercial,Tuscaloosa
P02510,Male,2012-12-19,Commercial,Bessemer
P02511,Male,2005-09-23,Commercial,Bessemer
P02512,Male,1943-03-14,Medicare,Bessemer
P02513,Female,1932-11-30,Medicare,Tuscaloosa
P02514,Female,1952-11-25,Medicare,Tuscaloosa
P02515,Male,2014-03-12,Medicaid,Tuscaloosa
P02516,Female,1946-09-11,Medicare,Tuscaloosa
P02517,Female,1958-09-24,Medicare,Tuscaloosa
P02518,Male,1974-06-09,Commercial,Birmingham
P02519,Male,2010-10-22,Medicaid,Birmingham
P02520,Male,1929-12-17,Medicare,Tuscaloosa
P02521,Male,1981-12-31,Self-Pay,Birmingham
P02522,Male,2019-12-04,Medicaid,Birmingham
P02523,Female,2004-11-05,Medicaid,Birmingham
P02524,Female,1985-04-22,Medicaid,Montgomery
P02525,Male,2018-09-15,Medicaid,Bessemer
P02526,Female,1993-12-06,Self-Pay,Tuscaloosa
P02527,Male,1979-12-27,Commercial,Bessemer
P02528,Male,1933-07-11,Medicare,Montgomery
P02529,Female,2015-03-01,Commercial,Birmingham
P02530,Female,1969-08-31,Medicaid,Birmingham
P02531,Male,1937-12-09,Medicare,Birmingham
P02532,Female,1947-10-10,Self-Pay,Birmingham
P02533,Female,1936-07-03,Medicare,Tuscaloosa
P02534,Male,2007-10-25,Medicaid,Birmingham
P02535,Female,1947-01-09,Medicare,Bessemer
P02536,Female,1931-03-29,Medicare,Tuscaloosa
P02537,Male,1993-08-29,Medicaid,Birmingham
P02538,Male,1976-01-20,Commercial,Bessemer
P02539,Female,1973-09-05,Commercial,Bessemer
P02540,Female,1977-11-11,Commercial,Huntsville
P02541,Male,1996-01-25,Self-Pay,Montgomery
P02542,Female,1931-01-16,Medicare,Bessemer
P02543,Female,1933-09-09,Commercial,Tuscaloosa
P02544,Male,1987-05-29,Commercial,Montgomery
P02545,Female,1947-10-30,Medicare,Birmingham
P02546,Male,1986-05-12,Commercial,Tuscaloosa
P02547,Male,1948-04-25,Medicare,Hoover
P02548,Female,1968-04-17,Commercial,Birmingham
P02549,Male,1979-06-08,Commercial,Birmingham
P02550,Male,2011-04-19,Medicaid,Birmingham
P02551,Male,1961-06-13,Commercial,Birmingham
P02552,Female,1993-03-08,Medicaid,Birmingham
P02553,Male,2003-10-28,Commercial,Hoover
P02554,Female,2005-07-09,Medicaid,Montgomery
P02555,Male,1930-08-03,Medicare,Tuscaloosa
P02556,Female,2014-06-21,Medicaid,Huntsville
P02557,Female,1948-11-11,Commercial,Birmingham
P02558,Female,1941-09-05,Medicare,Montgomery
P02559,Male,2021-01-18,Commercial,Birmingham
P02560,Male,1968-11-24,Medicaid,Birmingham
P02561,Female,1969-05-15,Commercial,Hoover
P02562,Female,1989-05-04,Commercial,Bessemer
P02563,Male,1960-07-12,Unknown,Bessemer
P02564,Female,1985-12-20,Self-Pay,Montgomery
P02565,Male,1982-12-20,Commercial,Huntsville
P02566,Female,1983-09-23,Commercial,Tuscaloosa
P02567,Female,1947-11-25,Medicare,Huntsville
P02568,Male,1963-11-28,Commercial,Birmingham
P02569,Female,1987-11-04,Commercial,Birmingham
P02570,Male,1935-10-24,Commercial,Bessemer
P02571,Male,1947-03-01,Medicare,Bessemer
P02572,Female,1935-05-13,Medicare,Birmingham
P02573,Female,1954-12-21,Medicare,Birmingham
P02574,Female,1986-05-17,Commercial,Birmingham
P02575,Male,1950-11-13,Medicare,Hoover
P02576,Male,1992-08-01,Commercial,Birmingham
P02577,Male,1998-12-19,Commercial,Tuscaloosa
P02578,Female,1981-11-30,Commercial,Birmingham
P02579,Female,1931-11-14,Commercial,Birmingham
P02580,Female,1970-07-27,Self-Pay,Birmingham
P02581,Male,1987-07-16,Commercial,Huntsville
P02582,Female,1980-08-26,Commercial,Birmingham
P02583,Female,1996-05-20,Commercial,Hoover
P02584,Female,1961-04-14,Medicaid,Tuscaloosa
P02585,Female,1990-04-11,Commercial,Montgomery
P02586,Male,1971-06-04,Medicaid,Birmingham
P02587,Male,1988-06-16,Medicare,Huntsville
P02588,Male,1993-07-06,Self-Pay,Birmingham
P02589,Female,1931-10-07,Commercial,Tuscaloosa
P02590,Male,1991-07-08,Commercial,Hoover
P02591,Female,2017-12-29,Medicaid,Bessemer
P02592,Female,1988-01-15,Commercial,Bessemer
P02593,Male,1973-08-19,Commercial,Huntsville
P02594,Female,2015-03-31,Commercial,Bessemer
P02595,Male,1994-01-17,Self-Pay,Birmingham
P02596,Female,2008-07-04,Medicaid,Tuscaloosa
P02597,Female,1976-02-22,Medicaid,Birmingham
P02598,Female,1955-07-11,Medicare,Birmingham
P02599,Female,1931-11-14,Medicare,Tuscaloosa
P02600,Male,1987-12-23,Commercial,Huntsville
P02601,Male,1941-11-13,Medicare,Huntsville
P02602,Male,2003-01-22,Medicaid,Montgomery
P02603,Male,1949-07-12,Medicare,Tuscaloosa
P02604,Male,1970-09-07,Medicaid,Bessemer
P02605,Female,1951-07-23,Medicare,Montgomery
P02606,Female,1952-09-30,Medicare,Montgomery
P02607,Female,1973-02-18,Commercial,Birmingham
P02608,Male,1999-01-02,Medicaid,Tuscaloosa
P02609,Male,1974-12-02,Medicaid,Huntsville
P02610,Male,1945-04-14,Medicare,Bessemer
P02611,Female,1931-09-01,Medicare,Birmingham
P02612,Female,1935-12-15,Medicare,Birmingham
P02613,Male,2006-01-30,Commercial,Birmingham
P02614,Female,1967-12-10,Medicaid,Birmingham
P02615,Male,2014-10-18,Self-Pay,Montgomery
P02616,Female,1960-12-23,Medicaid,Birmingham
P02617,Female,1929-07-13,Unknown,Birmingham
P02618,Male,2019-05-28,Commercial,Huntsville
P02619,Male,1961-09-06,Medicaid,Hoover
P02620,Male,1934-12-06,Medicare,Birmingham
P02621,Female,1943-11-20,Medicaid,Tuscaloosa
P02622,Female,1986-01-26,Commercial,Tuscaloosa
P02623,Male,2014-03-13,Medicaid,Bessemer
P02624,Male,1936-01-26,Unknown,Huntsville
P02625,Female,1936-06-22,Medicare,Bessemer
P02626,Male,1968-06-16,Self-Pay,Birmingham
P02627,Female,1931-03-21,Medicare,Huntsville
P02628,Female,2023-05-21,Commercial,Tuscaloosa
P02629,Male,1965-07-26,Medicaid,Huntsville
P02630,Male,2020-09-17,Unknown,Hoover
P02631,Female,1935-07-08,Medicare,Birmingham
P02632,Female,1959-12-09,Medicaid,Birmingham
P02633,Male,1937-10-23,Commercial,Montgomery
P02634,Male,1970-04-07,Commercial,Montgomery
P02635,Male,2016-02-20,Commercial,Birmingham
P02636,Female,2021-11-25,Medicaid,Tuscaloosa
P02637,Male,1992-11-27,Medicaid,Huntsville
P02638,Male,1953-12-01,Medicare,Tuscaloosa
P02639,Male,2009-03-19,Commercial,Birmingham
P02640,Female,1943-09-10,Medicare,Montgomery
P02641,Male,2001-09-04,Medicare,Tuscaloosa
P02642,Male,1976-12-28,Commercial,Huntsville
P02643,Male,2004-01-13,Medicaid,Tuscaloosa
P02644,Male,1979-07-27,Commercial,Huntsville
P02645,Male,1981-03-16,Commercial,Birmingham
P02646,Female,2023-04-18,Unknown,Bessemer
P02647,Female,1970-11-11,Medicaid,Birmingham
P02648,Male,1949-03-15,Medicare,Montgomery
P02649,Female,1935-06-15,Commercial,Montgomery
P02650,Female,1992-05-26,Commercial,Tuscaloosa
P02651,Male,1940-10-20,Medicare,Tuscaloosa
P02652,Female,1940-02-27,Self-Pay,Birmingham
P02653,Male,1930-01-26,Medicare,Hoover
P02654,Female,1988-08-06,Commercial,Tuscaloosa
P02655,Female,1943-11-29,Medicare,Birmingham
P02656,Female,1970-02-26,Unknown,Birmingham
P02657,Male,2018-02-12,Commercial,Bessemer
P02658,Male,1998-07-01,Self-Pay,Birmingham
P02659,Female,1960-06-04,Commercial,Birmingham
P02660,Female,2008-10-12,Medicaid,Birmingham
P02661,Female,1982-12-08,Commercial,Tuscaloosa
P02662,Male,1950-01-22,Unknown,Hoover
P02663,Male,2009-07-09,Medicaid,Montgomery
P02664,Male,1976-09-23,Commercial,Hoover
P02665,Female,2003-04-23,Medicaid,Birmingham
P02666,Male,1973-12-23,Commercial,Hoover
P02667,Female,2001-12-03,Commercial,Birmingham
P02668,Female,1932-10-05,Medicare,Montgomery
P02669,Female,2016-07-21,Medicaid,Birmingham
P02670,Female,1932-08-21,Medicaid,Birmingham
P02671,Female,1948-10-25,Medicare,Hoover
P02672,Male,1942-08-26,Medicare,Birmingham
P02673,Female,1943-09-02,Medicare,Tuscaloosa
P02674,Male,2006-06-24,Medicaid,Hoover
P02675,Male,1935-06-10,Medicare,Bessemer
P02676,Male,1967-02-13,Medicaid,Birmingham
P02677,Female,1932-03-13,Medicare,Tuscaloosa
P02678,Male,1940-09-17,Commercial,Huntsville
P02679,Female,1968-02-07,Medicare,Birmingham
P02680,Female,1988-06-25,Commercial,Tuscaloosa
P02681,Female,2012-10-25,Commercial,Montgomery
P02682,Male,2014-08-30,Commercial,Montgomery
P02683,Male,1986-04-06,Commercial,Bessemer
P02684,Male,1946-03-08,Medicaid,Huntsville
P02685,Male,1975-08-18,Medicaid,Hoover
P02686,Male,1978-11-05,Commercial,Bessemer
P02687,Male,2000-10-23,Self-Pay,Birmingham
P02688,Male,1970-11-25,Self-Pay,Tuscaloosa
P02689,Female,1963-04-21,Commercial,Huntsville
P02690,Male,1930-07-02,Medicare,Montgomery
P02691,Male,1954-07-21,Medicare,Bessemer
P02692,Female,1966-05-01,Medicaid,Birmingham
P02693,Female,1937-03-05,Commercial,Huntsville
P02694,Female,1983-03-17,Commercial,Birmingham
P02695,Male,1935-11-12,Medicare,Huntsville
P02696,Female,1988-05-31,Commercial,Huntsville
P02697,Female,2011-02-13,Medicaid,Birmingham
P02698,Male,1984-03-25,Medicaid,Montgomery
P02699,Male,2011-09-03,Commercial,Hoover
P02700,Male,2012-08-11,Commercial,Tuscaloosa
P02701,Male,1940-02-12,Medicare,Bessemer
P02702,Female,1948-12-21,Medicare,Tuscaloosa
P02703,Female,2002-06-24,Self-Pay,Tuscaloosa
P02704,Male,1944-11-20,Medicare,Birmingham
P02705,Female,2017-02-09,Medicaid,Birmingham
P02706,Male,1996-12-18,Commercial,Birmingham
P02707,Male,1956-12-24,Medicare,Birmingham
P02708,Male,1995-09-03,Commercial,Birmingham
P02709,Male,1954-10-20,Medicare,Tuscaloosa
P02710,Male,1940-07-05,Medicare,Huntsville
P02711,Male,2017-09-14,Medicaid,Birmingham
P02712,Female,2021-08-24,Commercial,Tuscaloosa
P02713,Female,1934-06-09,Medicare,Bessemer
P02714,Female,1974-06-11,Commercial,Birmingham
P02715,Male,1975-01-25,Commercial,Tuscaloosa
P02716,Female,1979-07-10,Commercial,Birmingham
P02717,Female,1982-06-10,Commercial,Tuscaloosa
P02718,Male,1958-04-29,Medicaid,Huntsville
P02719,Female,1968-10-30,Commercial,Birmingham
P02720,Male,2008-05-03,Unknown,Birmingham
P02721,Female,1964-02-22,Commercial,Montgomery
P02722,Female,1960-09-07,Commercial,Birmingham
P02723,Female,2013-10-28,Medicaid,Huntsville
P02724,Female,1988-08-28,Medicaid,Tuscaloosa
P02725,Male,1948-09-23,Medicare,Birmingham
P02726,Male,1965-06-02,Commercial,Huntsville
P02727,Male,2011-02-20,Medicaid,Tuscaloosa
P02728,Male,2020-05-29,Medicaid,Birmingham
P02729,Male,1968-11-17,Commercial,Bessemer
P02730,Male,1980-09-09,Commercial,Hoover
P02731,Female,1932-04-25,Medicaid,Huntsville
P02732,Female,1974-09-03,Commercial,Birmingham
P02733,Male,1935-06-01,Commercial,Birmingham
P02734,Male,2003-04-23,Unknown,Huntsville
P02735,Female,1981-09-03,Medicaid,Huntsville
P02736,Female,2010-05-10,Self-Pay,Birmingham
P02737,Female,1969-08-09,Medicare,Huntsville
P02738,Female,2006-11-13,Commercial,Hoover
P02739,Male,1977-08-19,Commercial,Birmingham
P02740,Female,1991-07-25,Commercial,Montgomery
P02741,Male,2007-01-01,Commercial,Tuscaloosa
P02742,Male,2014-02-10,Medicaid,Hoover
P02743,Female,1975-06-23,Medicaid,Huntsville
P02744,Male,1934-12-19,Unknown,Tuscaloosa
P02745,Male,2005-02-19,Medicaid,Bessemer
P02746,Female,1985-02-23,Medicaid,Montgomery
P02747,Female,2002-12-28,Commercial,Birmingham
P02748,Male,1947-11-03,Medicare,Hoover
P02749,Female,1984-08-22,Commercial,Bessemer
P02750,Female,1931-06-30,Medicare,Montgomery
P02751,Female,2000-04-12,Medicare,Birmingham
P02752,Female,2016-07-31,Medicaid,Birmingham
P02753,Male,1968-05-23,Commercial,Birmingham
P02754,Female,1962-12-29,Self-Pay,Montgomery
P02755,Male,1929-05-06,Medicare,Bessemer
P02756,Female,1941-02-01,Medicare,Montgomery
P02757,Male,1940-06-23,Medicaid,Birmingham
P02758,Female,1963-07-19,Self-Pay,Montgomery
P02759,Male,1989-09-15,Commercial,Birmingham
P02760,Male,1983-01-18,Medicaid,Hoover
P02761,Female,2011-12-20,Medicaid,Birmingham
P02762,Male,1983-09-19,Commercial,Tuscaloosa
P02763,Female,1989-11-12,Self-Pay,Tuscaloosa
P02764,Male,2020-02-20,Commercial,Birmingham
P02765,Male,2004-07-09,Commercial,Birmingham
P02766,Female,1973-01-30,Commercial,Montgomery
P02767,Female,1988-05-04,Commercial,Birmingham
P02768,Female,1929-06-12,Medicare,Hoover
P02769,Male,1978-06-27,Commercial,Birmingham
P02770,Male,1932-10-20,Medicare,Birmingham
P02771,Female,1961-06-10,Unknown,Birmingham
P02772,Female,2020-04-26,Commercial,Huntsville
P02773,Female,2004-01-15,Commercial,Hoover
P02774,Male,1956-06-15,Commercial,Birmingham
P02775,Female,1972-01-25,Commercial,Montgomery
P02776,Female,1995-01-22,Commercial,Birmingham
P02777,Male,1974-06-25,Commercial,Huntsville
P02778,Female,1938-07-25,Medicare,Birmingham
P02779,Male,1987-11-10,Commercial,Bessemer
P02780,Female,2019-09-25,Commercial,Birmingham
P02781,Female,1994-02-15,Commercial,Tuscaloosa
P02782,Male,1935-11-12,Medicare,Tuscaloosa
P02783,Female,1951-08-10,Unknown,Tuscaloosa
P02784,Female,1944-04-21,Medicare,Montgomery
P02785,Male,1937-10-06,Medicare,Birmingham
P02786,Male,2012-01-12,Commercial,Hoover
P02787,Male,1997-05-09,Commercial,Montgomery
P02788,Female,2018-12-22,Commercial,Montgomery
P02789,Female,2023-10-03,Commercial,Hoover
P02790,Female,1944-04-06,Medicaid,Tuscaloosa
P02791,Male,1934-02-20,Medicare,Huntsville
P02792,Male,2009-01-28,Unknown,Huntsville
P02793,Male,1955-02-25,Medicare,Montgomery
P02794,Male,1973-12-05,Commercial,Montgomery
P02795,Female,2017-04-10,Commercial,Hoover
P02796,Male,1937-11-22,Medicare,Tuscaloosa
P02797,Female,1941-12-05,Medicare,Hoover
P02798,Female,1970-04-24,Medicaid,Birmingham
P02799,Male,1956-07-11,Medicare,Montgomery
P02800,Male,1986-05-10,Medicaid,Tuscaloosa
P02801,Female,1948-02-26,Medicare,Birmingham
P02802,Female,1981-12-07,Commercial,Huntsville
P02803,Male,1930-06-23,Medicare,Birmingham
P02804,Female,2018-03-03,Unknown,Birmingham
P02805,Male,2007-07-25,Commercial,Tuscaloosa
P02806,Male,1931-06-24,Medicare,Huntsville
P02807,Female,1996-07-04,Commercial,Hoover
P02808,Female,1994-02-04,Self-Pay,Birmingham
P02809,Female,1948-12-14,Medicare,Tuscaloosa
P02810,Male,2006-02-15,Commercial,Birmingham
P02811,Female,1975-03-10,Medicaid,Bessemer
P02812,Male,1996-03-11,Commercial,Birmingham
P02813,Female,2005-08-04,Commercial,Montgomery
P02814,Male,1932-06-27,Medicare,Birmingham
P02815,Female,2005-08-20,Commercial,Birmingham
P02816,Female,2015-10-02,Medicaid,Hoover
P02817,Male,1959-02-16,Commercial,Huntsville
P02818,Male,1941-07-01,Medicare,Bessemer
P02819,Female,2011-04-12,Medicaid,Tuscaloosa
P02820,Female,1956-11-26,Commercial,Birmingham
P02821,Male,1972-03-20,Commercial,Birmingham
P02822,Female,1945-05-06,Commercial,Tuscaloosa
P02823,Female,2011-01-02,Commercial,Hoover
P02824,Female,1931-11-14,Medicare,Bessemer
P02825,Female,1965-06-18,Commercial,Hoover
P02826,Male,1943-06-29,Medicare,Huntsville
P02827,Male,1989-06-19,Medicare,Montgomery
P02828,Male,1934-12-13,Commercial,Birmingham
P02829,Male,1964-07-13,Commercial,Hoover
P02830,Female,2011-09-14,Commercial,Montgomery
P02831,Male,1936-05-21,Medicare,Hoover
P02832,Female,1948-10-09,Unknown,Tuscaloosa
P02833,Female,1995-07-27,Medicaid,Montgomery
P02834,Male,1972-05-20,Self-Pay,Birmingham
P02835,Female,1987-12-09,Commercial,Montgomery
P02836,Female,1972-03-20,Medicaid,Hoover
P02837,Female,1932-04-15,Medicare,Tuscaloosa
P02838,Male,1938-12-12,Medicare,Birmingham
P02839,Female,2003-12-09,Self-Pay,Tuscaloosa
P02840,Male,1931-02-25,Commercial,Birmingham
P02841,Male,1982-09-20,Commercial,Birmingham
P02842,Male,1957-02-21,Self-Pay,Hoover
P02843,Female,1951-07-03,Medicare,Birmingham
P02844,Male,1978-08-30,Commercial,Tuscaloosa
P02845,Female,1980-09-24,Unknown,Birmingham
P02846,Male,1980-05-06,Medicaid,Birmingham
P02847,Male,1942-11-22,Medicare,Birmingham
P02848,Female,1987-08-08,Commercial,Hoover
P02849,Male,1997-08-28,Medicaid,Birmingham
P02850,Female,1989-11-06,Self-Pay,Birmingham
P02851,Female,2005-08-26,Self-Pay,Tuscaloosa
P02852,Female,1986-06-23,Commercial,Huntsville
P02853,Male,2013-04-29,Commercial,Huntsville
P02854,Male,2015-12-01,Medicaid,Birmingham
P02855,Male,1955-02-17,Medicare,Montgomery
P02856,Female,2016-02-16,Medicaid,Tuscaloosa
P02857,Male,1970-04-24,Medicaid,Tuscaloosa
P02858,Male,1949-01-29,Medicare,Birmingham
P02859,Male,1955-07-29,Medicare,Birmingham
P02860,Female,1981-03-08,Medicaid,Hoover
P02861,Female,2005-04-11,Unknown,Birmingham
P02862,Male,1935-06-10,Commercial,Huntsville
P02863,Female,1944-10-28,Medicare,Birmingham
P02864,Female,1965-06-12,Commercial,Birmingham
P02865,Male,2015-02-07,Commercial,Birmingham
P02866,Female,2020-01-08,Medicaid,Birmingham
P02867,Female,1994-07-22,Commercial,Hoover
P02868,Female,2009-10-03,Medicaid,Birmingham
P02869,Male,1942-04-04,Medicare,Tuscaloosa
P02870,Male,2004-12-05,Commercial,Birmingham
P02871,Female,1997-11-07,Commercial,Tuscaloosa
P02872,Female,1931-06-10,Medicare,Bessemer
P02873,Male,1946-01-05,Medicare,Montgomery
P02874,Female,2003-09-03,Commercial,Tuscaloosa
P02875,Male,1987-07-24,Medicaid,Hoover
P02876,Male,1975-09-06,Commercial,Huntsville
P02877,Female,1960-07-25,Medicare,Bessemer
P02878,Female,1935-12-30,Medicare,Hoover
P02879,Female,1941-05-29,Medicare,Birmingham
P02880,Male,1931-05-29,Medicare,Huntsville
P02881,Female,2020-09-08,Medicaid,Birmingham
P02882,Male,2001-09-27,Commercial,Huntsville
P02883,Male,1970-03-30,Commercial,Birmingham
P02884,Male,2019-10-25,Commercial,Birmingham
P02885,Male,1990-12-15,Self-Pay,Montgomery
P02886,Female,2009-12-18,Commercial,Huntsville
P02887,Male,1935-02-14,Medicare,Tuscaloosa
P02888,Male,2017-08-22,Medicaid,Montgomery
P02889,Female,2009-11-25,Commercial,Montgomery
P02890,Female,2005-02-15,Commercial,Hoover
P02891,Female,2009-11-08,Commercial,Bessemer
P02892,Female,1969-09-01,Commercial,Birmingham
P02893,Male,1989-12-25,Medicaid,Birmingham
P02894,Female,1937-04-29,Medicare,Montgomery
P02895,Male,1999-04-21,Medicaid,Hoover
P02896,Male,1972-03-31,Medicaid,Montgomery
P02897,Female,1961-09-27,Self-Pay,Birmingham
P02898,Male,1964-09-04,Medicare,Birmingham
P02899,Female,1948-01-25,Medicare,Birmingham
P02900,Female,2004-03-08,Self-Pay,Tuscaloosa
P02901,Female,1975-12-19,Commercial,Montgomery
P02902,Female,1947-04-24,Medicare,Hoover
P02903,Female,1942-03-11,Medicare,Birmingham
P02904,Female,1965-06-11,Commercial,Birmingham
P02905,Female,1962-05-13,Commercial,Birmingham
P02906,Female,1942-01-01,Medicaid,Tuscaloosa
P02907,Male,1964-12-22,Commercial,Tuscaloosa
P02908,Female,1933-12-20,Medicaid,Birmingham
P02909,Male,2011-11-04,Self-Pay,Hoover
P02910,Male,1990-01-05,Commercial,Tuscaloosa
P02911,Male,2013-05-15,Commercial,Birmingham
P02912,Male,2015-03-22,Commercial,Hoover
P02913,Male,1979-09-16,Commercial,Tuscaloosa
P02914,Male,2002-01-24,Commercial,Hoover
P02915,Male,1985-10-21,Commercial,Birmingham
P02916,Male,1982-02-06,Self-Pay,Birmingham
P02917,Female,1965-12-21,Commercial,Huntsville
P02918,Male,1934-12-25,Medicare,Birmingham
P02919,Male,1943-12-04,Medicare,Montgomery
P02920,Female,1988-03-18,Commercial,Hoover
P02921,Male,1993-09-30,Commercial,Hoover
P02922,Male,1950-07-21,Medicaid,Huntsville
P02923,Male,2012-07-13,Medicaid,Hoover
P02924,Female,1972-03-19,Commercial,Birmingham
P02925,Female,1983-08-27,Commercial,Birmingham
P02926,Female,2006-12-30,Medicaid,Huntsville
P02927,Male,1965-08-13,Commercial,Hoover
P02928,Male,1993-09-18,Self-Pay,Montgomery
P02929,Male,2006-04-10,Medicaid,Hoover
P02930,Female,1961-04-02,Self-Pay,Hoover
P02931,Female,2007-11-29,Medicaid,Birmingham
P02932,Male,1960-03-18,Commercial,Birmingham
P02933,Male,2008-12-07,Commercial,Montgomery
P02934,Female,1982-05-20,Commercial,Birmingham
P02935,Female,1947-08-12,Medicare,Bessemer
P02936,Female,2002-09-14,Commercial,Birmingham
P02937,Male,1951-07-09,Commercial,Tuscaloosa
P02938,Male,1955-09-10,Medicare,Birmingham
P02939,Female,1938-03-18,Medicare,Huntsville
P02940,Male,2007-01-14,Medicaid,Birmingham
P02941,Male,1956-03-10,Medicare,Tuscaloosa
P02942,Male,1935-07-25,Medicare,Bessemer
P02943,Female,1951-07-02,Medicare,Tuscaloosa
P02944,Female,2006-07-22,Commercial,Birmingham
P02945,Male,1945-03-18,Medicare,Montgomery
P02946,Male,2013-06-14,Commercial,Hoover
P02947,Male,1968-07-15,Commercial,Birmingham
P02948,Male,1976-08-05,Commercial,Hoover
P02949,Female,1973-08-18,Commercial,Montgomery
P02950,Female,1974-06-14,Self-Pay,Hoover
P02951,Female,2021-04-25,Commercial,Huntsville
P02952,Male,1975-07-28,Self-Pay,Huntsville
P02953,Female,1935-03-13,Medicare,Hoover
P02954,Male,1982-03-06,Commercial,Birmingham
P02955,Male,1997-07-29,Commercial,Huntsville
P02956,Male,1929-02-04,Medicare,Birmingham
P02957,Male,2014-10-30,Medicaid,Birmingham
P02958,Male,1977-01-26,Commercial,Birmingham
P02959,Female,1975-09-16,Commercial,Montgomery
P02960,Male,1978-06-10,Self-Pay,Birmingham
P02961,Female,1936-09-20,Medicare,Birmingham
P02962,Female,1983-07-24,Medicaid,Birmingham
P02963,Male,1931-08-30,Medicare,Birmingham
P02964,Male,2017-04-19,Medicaid,Bessemer
P02965,Male,1954-12-03,Medicare,Tuscaloosa
P02966,Female,1967-03-02,Commercial,Huntsville
P02967,Female,2001-02-06,Commercial,Huntsville
P02968,Male,2002-06-10,Medicaid,Birmingham
P02969,Male,1955-06-16,Medicare,Montgomery
P02970,Female,1963-04-21,Commercial,Bessemer
P02971,Male,1965-10-21,Commercial,Huntsville
P02972,Male,2019-04-03,Medicaid,Huntsville
P02973,Male,1967-10-14,Medicaid,Hoover
P02974,Female,1930-04-30,Commercial,Montgomery
P02975,Male,2022-09-12,Commercial,Birmingham
P02976,Female,1979-04-04,Medicare,Huntsville
P02977,Female,1977-03-19,Commercial,Birmingham
P02978,Female,1938-10-17,Medicare,Tuscaloosa
P02979,Male,1997-05-21,Commercial,Montgomery
P02980,Male,1978-07-04,Commercial,Tuscaloosa
P02981,Female,1955-09-16,Commercial,Birmingham
P02982,Female,2018-06-01,Self-Pay,Huntsville
P02983,Female,1947-01-04,Unknown,Bessemer
P02984,Female,1946-01-01,Medicare,Tuscaloosa
P02985,Male,1955-01-17,Medicare,Montgomery
P02986,Female,1962-02-23,Commercial,Montgomery
P02987,Female,1952-06-22,Medicare,Montgomery
P02988,Male,1949-05-24,Medicare,Birmingham
P02989,Female,1938-08-20,Medicare,Hoover
P02990,Male,1983-11-15,Medicaid,Montgomery
P02991,Male,1980-06-07,Medicaid,Bessemer
P02992,Male,1963-03-10,Medicaid,Birmingham
P02993,Male,2005-10-09,Self-Pay,Birmingham
P02994,Female,1942-04-15,Medicare,Birmingham
P02995,Male,1950-04-03,Medicaid,Huntsville
P02996,Male,1964-03-31,Commercial,Montgomery
P02997,Female,1995-08-30,Unknown,Tuscaloosa
P02998,Male,1990-08-11,Commercial,Birmingham
P02999,Male,1982-08-03,Commercial,Birmingham
P03000,Male,1961-02-24,Commercial,Montgomery
P03001,Male,1950-02-07,Medicare,Birmingham
P03002,Female,1960-08-03,Unknown,Birmingham
P03003,Male,1935-01-12,Medicare,Birmingham
P03004,Female,1932-06-07,Medicare,Montgomery
P03005,Male,1957-08-14,Commercial,Hoover
P03006,Female,1989-01-01,Commercial,Birmingham
P03007,Male,1967-05-23,Commercial,Birmingham
P03008,Male,1983-05-11,Medicaid,Bessemer
P03009,Female,1964-01-14,Medicare,Hoover
P03010,Male,1946-04-14,Medicare,Hoover
P03011,Male,1988-12-22,Medicaid,Birmingham
P03012,Male,1975-06-09,Self-Pay,Birmingham
P03013,Male,2019-04-05,Medicaid,Montgomery
P03014,Female,1954-07-04,Medicare,Montgomery
P03015,Male,1977-07-29,Medicaid,Hoover
P03016,Male,1980-03-12,Self-Pay,Montgomery
P03017,Female,1973-05-23,Commercial,Hoover
P03018,Female,2003-04-28,Medicare,Montgomery
P03019,Female,1967-07-16,Medicare,Birmingham
P03020,Male,1953-09-22,Medicare,Birmingham
P03021,Female,1990-06-26,Self-Pay,Montgomery
P03022,Male,2011-01-16,Self-Pay,Bessemer
P03023,Male,1987-05-27,Commercial,Huntsville
P03024,Male,2005-04-18,Commercial,Huntsville
P03025,Female,1988-11-17,Medicaid,Montgomery
P03026,Male,1964-01-07,Commercial,Huntsville
P03027,Female,2013-10-04,Commercial,Birmingham
P03028,Male,1953-01-12,Medicare,Hoover
P03029,Female,2002-07-23,Commercial,Huntsville
P03030,Male,1939-01-31,Commercial,Tuscaloosa
P03031,Female,1954-02-10,Medicare,Montgomery
P03032,Female,1998-04-01,Medicaid,Hoover
P03033,Male,1970-02-01,Medicaid,Birmingham
P03034,Male,2013-05-24,Medicaid,Birmingham
P03035,Male,2014-02-26,Medicaid,Montgomery
P03036,Male,1933-10-31,Medicare,Birmingham
P03037,Female,1947-12-07,Medicare,Montgomery
P03038,Female,2009-06-17,Commercial,Birmingham
P03039,Male,1997-03-12,Self-Pay,Hoover
P03040,Male,2005-03-28,Self-Pay,Montgomery
P03041,Male,1986-06-23,Commercial,Hoover
P03042,Female,1996-06-25,Medicaid,Montgomery
P03043,Male,1992-05-24,Medicaid,Birmingham
P03044,Female,1973-02-19,Medicaid,Hoover
P03045,Male,2006-02-28,Self-Pay,Tuscaloosa
P03046,Male,1940-11-22,Commercial,Montgomery
P03047,Male,1954-05-29,Medicare,Birmingham
P03048,Female,1951-08-15,Medicare,Birmingham
P03049,Female,2007-03-16,Commercial,Tuscaloosa
P03050,Female,1956-07-01,Medicare,Bessemer
P03051,Female,1944-01-06,Commercial,Montgomery
P03052,Female,2007-07-28,Medicaid,Montgomery
P03053,Male,1952-04-29,Medicare,Hoover
P03054,Female,1990-11-23,Commercial,Tuscaloosa
P03055,Female,1949-01-26,Medicare,Montgomery
P03056,Male,1978-11-06,Commercial,Montgomery
P03057,Female,1947-08-16,Commercial,Montgomery
P03058,Female,2009-03-02,Medicaid,Montgomery
P03059,Male,1987-01-13,Commercial,Montgomery
P03060,Female,1998-07-09,Commercial,Birmingham
P03061,Female,2000-07-09,Medicaid,Birmingham
P03062,Male,1994-12-15,Medicare,Bessemer
P03063,Female,1987-01-09,Commercial,Tuscaloosa
P03064,Female,2011-12-26,Medicaid,Birmingham
P03065,Female,1956-12-23,Medicare,Hoover
P03066,Female,1971-07-13,Commercial,Tuscaloosa
P03067,Male,1945-12-31,Medicare,Montgomery
P03068,Female,1957-11-03,Commercial,Montgomery
P03069,Female,2009-05-17,Medicaid,Birmingham
P03070,Female,2017-04-19,Commercial,Hoover
P03071,Male,1983-09-15,Commercial,Birmingham
P03072,Female,1978-03-17,Medicaid,Montgomery
P03073,Male,2001-05-25,Commercial,Birmingham
P03074,Female,1949-10-10,Medicare,Tuscaloosa
P03075,Male,1968-04-16,Commercial,Tuscaloosa
P03076,Female,1952-05-30,Medicare,Tuscaloosa
P03077,Female,2013-03-11,Medicaid,Tuscaloosa
P03078,Male,1946-11-06,Self-Pay,Huntsville
P03079,Female,2004-10-09,Medicaid,Tuscaloosa
P03080,Male,1981-09-13,Self-Pay,Birmingham
P03081,Male,1982-08-30,Commercial,Birmingham
P03082,Male,1946-02-11,Medicaid,Tuscaloosa
P03083,Female,1997-04-09,Commercial,Birmingham
P03084,Male,2001-06-17,Medicaid,Huntsville
P03085,Female,1991-06-18,Commercial,Birmingham
P03086,Male,1989-02-12,Commercial,Montgomery
P03087,Male,2006-07-22,Commercial,Birmingham
P03088,Male,2007-10-11,Medicaid,Huntsville
P03089,Male,2002-11-13,Medicaid,Birmingham
P03090,Male,1979-09-03,Commercial,Tuscaloosa
P03091,Male,1991-05-08,Commercial,Birmingham
P03092,Female,1986-07-14,Commercial,Tuscaloosa
P03093,Male,1955-08-01,Medicaid,Birmingham
P03094,Female,2001-07-10,Commercial,Montgomery
P03095,Female,1937-01-11,Medicare,Tuscaloosa
P03096,Male,1952-01-03,Medicare,Bessemer
P03097,Female,2007-11-04,Medicaid,Huntsville
P03098,Male,1994-11-21,Commercial,Tuscaloosa
P03099,Female,2006-10-04,Medicaid,Montgomery
P03100,Female,1998-02-25,Medicare,Birmingham
P03101,Male,1989-07-18,Commercial,Tuscaloosa
P03102,Female,2011-02-20,Medicaid,Hoover
P03103,Male,2022-05-10,Commercial,Huntsville
P03104,Male,1982-06-14,Medicaid,Birmingham
P03105,Male,1957-09-21,Medicare,Hoover
P03106,Female,1995-08-29,Medicaid,Tuscaloosa
P03107,Male,1942-11-09,Medicare,Hoover
P03108,Female,1988-06-26,Commercial,Birmingham
P03109,Female,1938-09-21,Medicare,Hoover
P03110,Female,2001-09-17,Medicaid,Montgomery
P03111,Female,1972-12-18,Self-Pay,Birmingham
P03112,Female,1951-03-16,Medicare,Birmingham
P03113,Female,2018-01-24,Commercial,Bessemer
P03114,Female,1935-07-04,Medicare,Bessemer
P03115,Male,1989-06-20,Commercial,Birmingham
P03116,Female,1976-01-30,Self-Pay,Tuscaloosa
P03117,Female,1964-06-29,Commercial,Birmingham
P03118,Female,1962-05-19,Commercial,Bessemer
P03119,Female,2021-07-29,Unknown,Hoover
P03120,Male,1941-06-28,Medicare,Hoover
P03121,Male,1964-06-25,Commercial,Birmingham
P03122,Male,1929-04-17,Medicare,Tuscaloosa
P03123,Male,1979-05-26,Self-Pay,Birmingham
P03124,Female,1965-07-02,Commercial,Montgomery
P03125,Male,1982-12-05,Commercial,Hoover
P03126,Female,1939-02-05,Self-Pay,Tuscaloosa
P03127,Female,1944-02-12,Unknown,Montgomery
P03128,Female,1937-10-26,Medicare,Birmingham
P03129,Female,1976-09-16,Commercial,Birmingham
P03130,Male,1948-01-12,Medicare,Hoover
P03131,Female,1989-09-06,Commercial,Montgomery
P03132,Female,1980-03-11,Commercial,Birmingham
P03133,Female,1951-03-21,Medicare,Montgomery
P03134,Male,2016-02-22,Medicaid,Hoover
P03135,Male,1956-12-27,Medicare,Tuscaloosa
P03136,Male,2022-07-09,Commercial,Tuscaloosa
P03137,Male,1968-06-09,Medicaid,Birmingham
P03138,Male,1978-03-02,Medicaid,Birmingham
P03139,Female,1979-10-12,Unknown,Huntsville
P03140,Female,1977-09-12,Medicaid,Hoover
P03141,Female,1977-10-28,Commercial,Tuscaloosa
P03142,Female,1985-03-29,Commercial,Bessemer
P03143,Male,1981-01-02,Commercial,Birmingham
P03144,Female,1970-11-11,Medicaid,Hoover
P03145,Female,1951-10-08,Commercial,Birmingham
P03146,Male,1971-09-11,Commercial,Birmingham
P03147,Female,1962-02-11,Commercial,Bessemer
P03148,Female,1944-07-23,Medicare,Bessemer
P03149,Female,1929-09-21,Medicare,Birmingham
P03150,Male,2013-09-06,Unknown,Bessemer
P03151,Female,1956-05-28,Medicare,Birmingham
P03152,Female,2002-08-13,Commercial,Bessemer
P03153,Female,2005-11-11,Self-Pay,Montgomery
P03154,Male,1948-03-08,Medicare,Birmingham
P03155,Female,2017-07-31,Commercial,Tuscaloosa
P03156,Female,1943-09-30,Medicare,Montgomery
P03157,Male,1950-04-11,Commercial,Birmingham
P03158,Male,1929-04-04,Commercial,Birmingham
P03159,Female,1960-11-06,Medicaid,Tuscaloosa
P03160,Female,1941-12-06,Medicare,Birmingham
P03161,Female,2012-12-16,Commercial,Birmingham
P03162,Male,1939-03-28,Medicare,Birmingham
P03163,Female,2008-05-18,Commercial,Huntsville
P03164,Male,1994-03-18,Commercial,Birmingham
P03165,Male,2011-05-18,Commercial,Hoover
P03166,Male,1985-08-08,Commercial,Birmingham
P03167,Female,1952-05-31,Medicare,Birmingham
P03168,Male,1998-04-13,Medicaid,Tuscaloosa
P03169,Male,1945-08-09,Medicare,Birmingham
P03170,Male,1966-02-01,Medicare,Huntsville
P03171,Female,1964-02-08,Commercial,Hoover
P03172,Male,1934-03-15,Medicare,Huntsville
P03173,Male,1982-01-04,Commercial,Hoover
P03174,Male,1991-08-12,Commercial,Montgomery
P03175,Male,1929-11-21,Medicare,Birmingham
P03176,Female,1971-07-09,Medicare,Montgomery
P03177,Female,1965-04-04,Medicaid,Birmingham
P03178,Male,1995-03-23,Unknown,Birmingham
P03179,Male,2003-08-13,Self-Pay,Tuscaloosa
P03180,Male,2007-09-17,Medicaid,Birmingham
P03181,Female,2002-07-23,Medicaid,Hoover
P03182,Female,2005-03-14,Commercial,Montgomery
P03183,Male,1953-12-10,Medicare,Montgomery
P03184,Male,2018-09-04,Medicaid,Tuscaloosa
P03185,Female,1964-10-10,Medicaid,Bessemer
P03186,Female,1933-03-13,Medicare,Hoover
P03187,Male,1951-07-14,Medicare,Birmingham
P03188,Female,1985-12-01,Commercial,Montgomery
P03189,Female,2018-09-28,Medicaid,Birmingham
P03190,Female,1944-12-16,Medicare,Birmingham
P03191,Female,2023-07-12,Commercial,Birmingham
P03192,Female,1959-01-02,Commercial,Birmingham
P03193,Male,1960-06-08,Commercial,Birmingham
P03194,Male,2005-02-18,Commercial,Birmingham
P03195,Male,1953-04-05,Medicaid,Tuscaloosa
P03196,Male,2007-02-13,Commercial,Huntsville
P03197,Female,2002-09-10,Medicaid,Bessemer
P03198,Female,1946-01-19,Commercial,Birmingham
P03199,Female,1930-10-06,Medicare,Birmingham
P03200,Female,1998-07-26,Commercial,Tuscaloosa
P03201,Male,1936-04-28,Medicare,Birmingham
P03202,Female,1937-09-19,Medicare,Birmingham
P03203,Male,1950-09-27,Medicare,Tuscaloosa
P03204,Female,2010-11-15,Self-Pay,Montgomery
P03205,Female,1995-12-31,Commercial,Birmingham
P03206,Female,1959-07-03,Commercial,Huntsville
P03207,Female,1929-01-06,Medicare,Tuscaloosa
P03208,Male,1946-10-13,Medicare,Montgomery
P03209,Male,1984-07-25,Medicaid,Birmingham
P03210,Female,2001-01-25,Commercial,Huntsville
P03211,Male,1932-03-26,Unknown,Huntsville
P03212,Male,1997-12-31,Unknown,Birmingham
P03213,Female,1991-07-03,Commercial,Tuscaloosa
P03214,Female,1932-11-10,Medicare,Huntsville
P03215,Female,1970-10-03,Commercial,Birmingham
P03216,Female,1998-10-04,Medicaid,Hoover
P03217,Male,2023-05-23,Commercial,Hoover
P03218,Female,1983-10-21,Commercial,Huntsville
P03219,Male,1930-10-02,Medicare,Birmingham
P03220,Male,1982-10-11,Medicaid,Hoover
P03221,Female,1957-08-24,Medicare,Birmingham
P03222,Male,1999-05-07,Medicaid,Tuscaloosa
P03223,Female,1950-08-09,Medicare,Huntsville
P03224,Female,1950-09-04,Medicare,Hoover
P03225,Female,1966-06-27,Commercial,Tuscaloosa
P03226,Female,1950-05-22,Medicare,Birmingham
P03227,Female,1969-12-27,Medicare,Birmingham
P03228,Male,1988-02-12,Commercial,Huntsville
P03229,Male,1953-02-01,Medicare,Birmingham
P03230,Male,1944-05-27,Self-Pay,Huntsville
P03231,Female,1944-06-06,Medicare,Tuscaloosa
P03232,Male,2003-04-23,Medicaid,Montgomery
P03233,Female,1959-07-25,Unknown,Birmingham
P03234,Male,2023-08-21,Medicaid,Hoover
P03235,Male,1969-08-26,Commercial,Birmingham
P03236,Male,1969-11-04,Commercial,Bessemer
P03237,Female,1989-02-28,Commercial,Huntsville
P03238,Male,1929-09-06,Medicare,Tuscaloosa
P03239,Male,1940-09-20,Medicare,Huntsville
P03240,Female,2020-01-16,Commercial,Birmingham
P03241,Male,2004-07-01,Commercial,Tuscaloosa
P03242,Female,2004-05-20,Commercial,Montgomery
P03243,Female,1938-10-04,Medicare,Birmingham
P03244,Male,1974-09-22,Commercial,Bessemer
P03245,Male,1954-04-11,Medicare,Montgomery
P03246,Female,1947-07-21,Self-Pay,Bessemer
P03247,Female,1951-11-09,Commercial,Montgomery
P03248,Female,2015-03-03,Medicaid,Birmingham
P03249,Female,2010-08-07,Commercial,Tuscaloosa
P03250,Male,1986-05-03,Commercial,Birmingham
P03251,Female,1991-08-30,Commercial,Huntsville
P03252,Male,1953-06-11,Medicare,Birmingham
P03253,Female,2009-03-24,Commercial,Montgomery
P03254,Female,1988-02-13,Commercial,Birmingham
P03255,Female,2001-10-18,Commercial,Birmingham
P03256,Female,2006-05-01,Medicaid,Birmingham
P03257,Female,2007-02-02,Medicaid,Huntsville
P03258,Female,2005-05-12,Self-Pay,Birmingham
P03259,Female,1970-11-10,Commercial,Birmingham
P03260,Female,1985-10-24,Medicaid,Birmingham
P03261,Female,1982-10-19,Self-Pay,Birmingham
P03262,Male,1978-11-24,Commercial,Bessemer
P03263,Male,1953-04-01,Medicare,Hoover
P03264,Female,1942-01-14,Medicare,Birmingham
P03265,Female,1973-06-27,Commercial,Birmingham
P03266,Female,1962-05-28,Medicaid,Birmingham
P03267,Male,1953-03-25,Medicare,Birmingham
P03268,Male,1958-08-03,Medicare,Birmingham
P03269,Female,2011-07-13,Commercial,Birmingham
P03270,Female,1930-06-01,Medicare,Birmingham
P03271,Female,2008-09-12,Commercial,Birmingham
P03272,Female,1984-12-10,Self-Pay,Huntsville
P03273,Male,1962-06-08,Medicare,Birmingham
P03274,Female,1985-03-07,Medicaid,Huntsville
P03275,Female,2000-12-06,Commercial,Tuscaloosa
P03276,Female,1936-10-14,Medicare,Montgomery
P03277,Female,2017-09-28,Medicaid,Birmingham
P03278,Female,2000-03-14,Commercial,Montgomery
P03279,Female,1929-07-01,Medicare,Montgomery
P03280,Female,1954-06-20,Medicare,Bessemer
P03281,Female,2015-05-11,Commercial,Montgomery
P03282,Male,1952-09-23,Medicare,Birmingham
P03283,Female,1931-04-16,Medicare,Bessemer
P03284,Female,2014-12-21,Medicaid,Montgomery
P03285,Male,1984-11-21,Self-Pay,Birmingham
P03286,Female,1979-03-10,Self-Pay,Birmingham
P03287,Male,2011-05-06,Commercial,Bessemer
P03288,Male,2004-10-29,Medicaid,Birmingham
P03289,Female,2007-07-25,Commercial,Huntsville
P03290,Female,2006-12-14,Medicaid,Hoover
P03291,Male,1985-05-01,Commercial,Huntsville
P03292,Female,1979-04-01,Commercial,Birmingham
P03293,Female,2001-09-22,Commercial,Huntsville
P03294,Male,1996-08-27,Medicaid,Hoover
P03295,Female,2005-10-07,Commercial,Bessemer
P03296,Male,1948-08-12,Self-Pay,Birmingham
P03297,Male,2003-09-24,Commercial,Birmingham
P03298,Male,1937-10-03,Medicare,Birmingham
P03299,Male,1972-07-28,Self-Pay,Birmingham
P03300,Male,1947-02-22,Medicare,Bessemer
P03301,Female,1963-03-29,Commercial,Birmingham
P03302,Male,1998-09-15,Commercial,Birmingham
P03303,Male,1966-01-22,Commercial,Montgomery
P03304,Male,1997-10-17,Commercial,Birmingham
P03305,Male,2012-02-04,Commercial,Birmingham
P03306,Male,1999-09-11,Commercial,Huntsville
P03307,Female,1997-06-18,Medicaid,Hoover
P03308,Male,2011-10-19,Commercial,Montgomery
P03309,Female,2021-03-29,Medicaid,Tuscaloosa
P03310,Female,1934-09-08,Medicare,Birmingham
P03311,Female,1975-02-17,Commercial,Tuscaloosa
P03312,Male,1985-12-02,Commercial,Montgomery
P03313,Male,1935-07-02,Medicare,Birmingham
P03314,Female,2002-11-05,Commercial,Huntsville
P03315,Female,1985-02-11,Commercial,Hoover
P03316,Female,1943-08-02,Medicare,Tuscaloosa
P03317,Female,1963-04-30,Commercial,Huntsville
P03318,Female,1986-02-14,Self-Pay,Birmingham
P03319,Male,1999-06-20,Commercial,Hoover
P03320,Female,2020-12-12,Medicaid,Birmingham
P03321,Female,2015-10-13,Medicaid,Huntsville
P03322,Female,2008-10-16,Medicaid,Tuscaloosa
P03323,Female,1949-02-02,Medicare,Birmingham
P03324,Male,1963-02-04,Self-Pay,Birmingham
P03325,Female,1982-07-11,Commercial,Bessemer
P03326,Female,1949-02-11,Medicare,Birmingham
P03327,Male,2008-10-04,Self-Pay,Birmingham
P03328,Female,2003-04-29,Commercial,Birmingham
P03329,Male,1986-08-11,Commercial,Tuscaloosa
P03330,Male,1936-10-06,Medicare,Birmingham
P03331,Male,1965-10-02,Medicaid,Montgomery
P03332,Male,1943-08-01,Commercial,Huntsville
P03333,Female,2000-08-31,Commercial,Birmingham
P03334,Female,1943-10-16,Medicare,Tuscaloosa
P03335,Female,2017-09-02,Medicaid,Birmingham
P03336,Female,2002-11-16,Self-Pay,Birmingham
P03337,Female,1974-01-13,Commercial,Tuscaloosa
P03338,Female,2019-08-16,Commercial,Birmingham
P03339,Female,1942-11-23,Medicare,Montgomery
P03340,Female,1941-06-05,Commercial,Tuscaloosa
P03341,Male,1972-02-14,Commercial,Birmingham
P03342,Female,1994-08-23,Commercial,Bessemer
P03343,Female,2014-02-27,Commercial,Tuscaloosa
P03344,Female,1965-05-24,Medicaid,Birmingham
P03345,Male,1972-04-07,Commercial,Hoover
P03346,Female,1951-09-15,Medicare,Bessemer
P03347,Male,1966-12-19,Commercial,Hoover
P03348,Female,2011-08-28,Medicaid,Hoover
P03349,Female,2012-01-30,Medicaid,Hoover
P03350,Male,1949-03-19,Medicare,Birmingham
P03351,Female,2008-03-21,Medicaid,Birmingham
P03352,Female,1934-02-15,Medicare,Tuscaloosa
P03353,Female,2013-08-18,Commercial,Montgomery
P03354,Female,1954-09-06,Medicare,Huntsville
P03355,Female,1931-01-29,Medicare,Birmingham
P03356,Female,1982-06-07,Commercial,Hoover
P03357,Female,2018-09-15,Commercial,Birmingham
P03358,Male,1940-09-22,Medicare,Birmingham
P03359,Female,2006-02-15,Medicaid,Huntsville
P03360,Female,1973-12-13,Unknown,Birmingham
P03361,Male,1930-12-10,Medicare,Montgomery
P03362,Female,1953-04-07,Medicare,Hoover
P03363,Male,2020-01-01,Commercial,Huntsville
P03364,Female,1946-10-31,Unknown,Montgomery
P03365,Male,2008-01-06,Medicaid,Huntsville
P03366,Male,1952-07-30,Medicare,Montgomery
P03367,Female,1965-04-11,Medicaid,Montgomery
P03368,Male,1996-07-08,Commercial,Tuscaloosa
P03369,Male,1983-11-29,Self-Pay,Birmingham
P03370,Male,2012-10-26,Unknown,Birmingham
P03371,Female,1930-03-30,Medicare,Montgomery
P03372,Female,2001-11-28,Commercial,Birmingham
P03373,Female,1994-05-29,Commercial,Bessemer
P03374,Male,1976-08-27,Commercial,Birmingham
P03375,Female,1960-08-19,Commercial,Huntsville
P03376,Female,1975-01-19,Medicaid,Birmingham
P03377,Male,1976-05-25,Medicaid,Bessemer
P03378,Female,1968-05-22,Self-Pay,Birmingham
P03379,Male,1942-08-27,Medicare,Birmingham
P03380,Female,1986-08-15,Commercial,Montgomery
P03381,Male,1944-04-26,Medicare,Birmingham
P03382,Female,1949-12-18,Medicare,Birmingham
P03383,Female,1932-10-07,Unknown,Montgomery
P03384,Female,1937-05-27,Medicare,Montgomery
P03385,Female,1948-05-19,Medicare,Birmingham
P03386,Female,2000-11-29,Commercial,Tuscaloosa
P03387,Female,1950-03-20,Medicare,Birmingham
P03388,Male,1954-06-17,Medicare,Birmingham
P03389,Female,1996-10-07,Medicare,Tuscaloosa
P03390,Female,1959-04-02,Medicaid,Birmingham
P03391,Female,1999-01-05,Commercial,Hoover
P03392,Female,1974-07-31,Medicare,Birmingham
P03393,Male,1948-09-20,Medicare,Montgomery
P03394,Female,2006-09-14,Commercial,Tuscaloosa
P03395,Male,1991-05-30,Commercial,Birmingham
P03396,Male,1948-12-15,Commercial,Bessemer
P03397,Male,1980-07-09,Commercial,Montgomery
P03398,Male,1932-12-23,Medicare,Birmingham
P03399,Female,2023-12-18,Self-Pay,Bessemer
P03400,Male,1955-07-29,Medicare,Birmingham
P03401,Male,1946-04-04,Medicare,Birmingham
P03402,Male,1936-02-14,Medicare,Hoover
P03403,Female,2009-12-01,Medicaid,Birmingham
P03404,Female,1930-10-04,Medicare,Huntsville
P03405,Male,1986-08-01,Commercial,Tuscaloosa
P03406,Female,1990-06-06,Medicare,Montgomery
P03407,Male,1990-01-06,Self-Pay,Birmingham
P03408,Female,1963-04-27,Commercial,Birmingham
P03409,Female,1961-06-19,Commercial,Birmingham
P03410,Female,1978-12-10,Medicaid,Birmingham
P03411,Female,2017-12-03,Commercial,Bessemer
P03412,Female,1930-11-07,Medicare,Huntsville
P03413,Male,2002-05-05,Medicaid,Montgomery
P03414,Female,2015-09-03,Commercial,Huntsville
P03415,Male,1967-10-06,Commercial,Birmingham
P03416,Male,1984-05-02,Commercial,Birmingham
P03417,Male,1965-03-10,Medicaid,Hoover
P03418,Female,1940-07-25,Commercial,Montgomery
P03419,Male,2014-02-14,Unknown,Birmingham
P03420,Male,1997-04-09,Medicaid,Birmingham
P03421,Male,1974-04-15,Medicaid,Huntsville
P03422,Female,1949-02-19,Medicare,Birmingham
P03423,Male,1966-10-26,Commercial,Tuscaloosa
P03424,Female,1987-03-31,Commercial,Birmingham
P03425,Female,1966-01-17,Commercial,Hoover
P03426,Male,1930-01-04,Medicare,Hoover
P03427,Male,1978-06-05,Self-Pay,Montgomery
P03428,Female,1940-04-01,Medicare,Huntsville
P03429,Female,1949-02-11,Medicare,Birmingham
P03430,Male,1995-02-24,Self-Pay,Montgomery
P03431,Female,2000-02-09,Commercial,Montgomery
P03432,Female,1950-03-04,Medicare,Huntsville
P03433,Male,2004-08-15,Commercial,Bessemer
P03434,Male,1991-04-10,Medicaid,Montgomery
P03435,Female,2001-08-05,Medicare,Birmingham
P03436,Male,1966-03-15,Commercial,Hoover
P03437,Female,1996-03-12,Medicaid,Birmingham
P03438,Female,1961-01-25,Commercial,Hoover
P03439,Male,1935-06-01,Medicare,Bessemer
P03440,Male,1945-07-12,Commercial,Tuscaloosa
P03441,Female,1933-11-02,Commercial,Birmingham
P03442,Female,2021-05-14,Unknown,Bessemer
P03443,Female,1980-06-09,Commercial,Huntsville
P03444,Female,2003-06-28,Medicaid,Birmingham
P03445,Female,1936-04-30,Medicare,Bessemer
P03446,Female,1956-02-26,Medicare,Birmingham
P03447,Male,1993-11-08,Commercial,Hoover
P03448,Female,1970-07-28,Commercial,Hoover
P03449,Male,1966-04-13,Commercial,Bessemer
P03450,Male,1976-03-08,Unknown,Birmingham
P03451,Male,1978-03-23,Medicaid,Birmingham
P03452,Male,2018-03-16,Medicaid,Huntsville
P03453,Female,1981-02-23,Commercial,Montgomery
P03454,Female,1990-01-15,Commercial,Birmingham
P03455,Male,1946-05-25,Commercial,Birmingham
P03456,Female,1941-10-03,Medicare,Bessemer
P03457,Female,1952-06-10,Medicare,Huntsville
P03458,Female,2021-04-17,Commercial,Birmingham
P03459,Male,1944-11-26,Medicare,Birmingham
P03460,Female,1986-03-31,Commercial,Hoover
P03461,Female,1984-06-17,Commercial,Huntsville
P03462,Female,1934-01-25,Unknown,Tuscaloosa
P03463,Male,1941-10-16,Medicare,Huntsville
P03464,Female,2019-02-04,Commercial,Birmingham
P03465,Male,1989-07-22,Self-Pay,Montgomery
P03466,Male,1952-06-06,Medicare,Birmingham
P03467,Female,1972-05-06,Medicaid,Montgomery
P03468,Female,1999-06-04,Medicaid,Birmingham
P03469,Male,1974-02-06,Commercial,Birmingham
P03470,Male,1941-11-01,Medicare,Birmingham
P03471,Female,2002-04-10,Medicaid,Birmingham
P03472,Female,1953-01-11,Medicaid,Hoover
P03473,Female,1954-10-13,Medicare,Tuscaloosa
P03474,Female,1939-09-30,Medicare,Montgomery
P03475,Female,1995-07-12,Commercial,Tuscaloosa
P03476,Female,2003-04-12,Commercial,Tuscaloosa
P03477,Female,1971-01-16,Commercial,Birmingham
P03478,Male,1973-03-17,Commercial,Montgomery
P03479,Male,1985-03-18,Commercial,Birmingham
P03480,Male,1949-07-24,Commercial,Birmingham
P03481,Male,1948-05-11,Unknown,Birmingham
P03482,Male,2000-10-16,Self-Pay,Birmingham
P03483,Female,1948-07-16,Medicare,Tuscaloosa
P03484,Male,2002-10-25,Commercial,Birmingham
P03485,Female,1985-12-23,Commercial,Birmingham
P03486,Female,2021-02-23,Commercial,Montgomery
P03487,Male,1991-03-14,Commercial,Birmingham
P03488,Male,1932-06-29,Medicare,Tuscaloosa
P03489,Female,1981-12-27,Medicaid,Birmingham
P03490,Male,1956-11-30,Medicare,Montgomery
P03491,Female,2013-11-22,Commercial,Huntsville
P03492,Female,1963-04-15,Unknown,Birmingham
P03493,Female,1988-10-19,Commercial,Montgomery
P03494,Female,1953-10-02,Medicare,Hoover
P03495,Male,1935-02-21,Commercial,Birmingham
P03496,Female,1973-02-16,Commercial,Huntsville
P03497,Female,2014-03-29,Medicaid,Huntsville
P03498,Male,1978-09-11,Commercial,Birmingham
P03499,Male,2012-06-04,Commercial,Birmingham
P03500,Female,1981-10-20,Medicare,Birmingham
P03501,Female,2018-02-22,Commercial,Tuscaloosa
P03502,Female,1963-12-02,Commercial,Bessemer
P03503,Female,1994-04-05,Medicaid,Hoover
P03504,Male,2004-06-29,Commercial,Bessemer
P03505,Male,2022-03-31,Commercial,Birmingham
P03506,Female,1939-07-21,Medicare,Montgomery
P03507,Female,1944-11-05,Commercial,Bessemer
P03508,Female,1946-04-02,Medicaid,Huntsville
P03509,Male,2018-05-16,Commercial,Birmingham
P03510,Female,1990-07-16,Commercial,Birmingham
P03511,Female,1931-08-18,Medicare,Birmingham
P03512,Male,1969-08-29,Commercial,Tuscaloosa
P03513,Male,2011-07-10,Medicaid,Bessemer
P03514,Female,2010-09-28,Commercial,Birmingham
P03515,Female,1999-09-20,Commercial,Birmingham
P03516,Female,1931-09-22,Medicare,Birmingham
P03517,Male,2007-12-28,Commercial,Tuscaloosa
P03518,Female,1938-01-28,Medicare,Tuscaloosa
P03519,Female,1959-10-07,Commercial,Birmingham
P03520,Male,1936-11-02,Medicare,Huntsville
P03521,Female,1945-11-07,Medicare,Birmingham
P03522,Female,1992-01-07,Commercial,Tuscaloosa
P03523,Male,1945-07-11,Medicare,Hoover
P03524,Female,2007-09-04,Medicaid,Birmingham
P03525,Male,1996-08-07,Medicaid,Tuscaloosa
P03526,Male,2003-11-30,Medicaid,Huntsville
P03527,Female,2011-09-09,Commercial,Hoover
P03528,Male,2015-10-03,Commercial,Montgomery
P03529,Male,2006-03-14,Unknown,Hoover
P03530,Male,2012-12-11,Medicaid,Birmingham
P03531,Male,1987-07-30,Medicaid,Bessemer
P03532,Female,2017-03-19,Medicaid,Bessemer
P03533,Female,2018-03-03,Medicaid,Birmingham
P03534,Male,1929-06-28,Medicare,Bessemer
P03535,Female,2015-10-12,Medicaid,Huntsville
P03536,Female,2016-08-31,Self-Pay,Birmingham
P03537,Female,2021-10-12,Commercial,Hoover
P03538,Female,2011-05-05,Commercial,Birmingham
P03539,Male,1973-09-17,Medicaid,Tuscaloosa
P03540,Male,1945-05-16,Medicare,Bessemer
P03541,Male,1954-05-07,Commercial,Birmingham
P03542,Female,1968-01-24,Commercial,Hoover
P03543,Female,2015-08-19,Unknown,Birmingham
P03544,Male,1950-01-16,Commercial,Tuscaloosa
P03545,Female,2020-08-08,Commercial,Montgomery
P03546,Male,1964-04-28,Commercial,Birmingham
P03547,Male,1985-05-05,Commercial,Tuscaloosa
P03548,Female,1940-03-09,Medicare,Birmingham
P03549,Female,1994-07-14,Medicaid,Huntsville
P03550,Male,1963-03-18,Unknown,Huntsville
P03551,Female,1982-08-25,Self-Pay,Huntsville
P03552,Male,1974-07-06,Commercial,Birmingham
P03553,Male,1934-07-03,Medicare,Tuscaloosa
P03554,Female,1956-04-19,Medicare,Tuscaloosa
P03555,Male,1984-05-21,Commercial,Huntsville
P03556,Female,1981-12-04,Self-Pay,Tuscaloosa
P03557,Female,1957-03-12,Medicare,Montgomery
P03558,Male,1991-03-31,Commercial,Birmingham
P03559,Male,2008-11-24,Commercial,Birmingham
P03560,Male,1979-01-15,Self-Pay,Bessemer
P03561,Male,2017-05-05,Commercial,Birmingham
P03562,Male,2007-12-01,Medicaid,Bessemer
P03563,Female,1984-07-06,Medicaid,Tuscaloosa
P03564,Female,1948-03-02,Medicare,Bessemer
P03565,Female,1949-09-21,Medicare,Tuscaloosa
P03566,Female,1999-01-26,Self-Pay,Montgomery
P03567,Female,1983-08-02,Medicare,Huntsville
P03568,Male,2009-10-11,Commercial,Tuscaloosa
P03569,Female,1952-08-24,Unknown,Birmingham
P03570,Male,2000-06-24,Self-Pay,Birmingham
P03571,Male,1948-04-25,Medicare,Birmingham
P03572,Male,1944-01-29,Commercial,Bessemer
P03573,Female,1958-10-22,Medicare,Birmingham
P03574,Male,1992-01-17,Unknown,Huntsville
P03575,Male,1933-06-23,Medicare,Hoover
P03576,Female,1958-11-16,Self-Pay,Birmingham
P03577,Female,1962-01-28,Self-Pay,Bessemer
P03578,Female,1942-08-27,Medicare,Birmingham
P03579,Female,1940-05-20,Medicare,Tuscaloosa
P03580,Male,2016-04-22,Medicaid,Hoover
P03581,Female,1940-12-28,Medicare,Birmingham
P03582,Male,1951-10-13,Medicaid,Birmingham
P03583,Female,2004-04-26,Medicaid,Huntsville
P03584,Female,1994-09-05,Commercial,Birmingham
P03585,Male,1952-12-29,Medicare,Montgomery
P03586,Male,2003-12-24,Commercial,Tuscaloosa
P03587,Male,1981-03-06,Medicaid,Birmingham
P03588,Female,1958-11-06,Self-Pay,Birmingham
P03589,Female,1962-11-26,Commercial,Birmingham
P03590,Female,1937-06-10,Medicare,Montgomery
P03591,Female,2013-11-19,Medicaid,Tuscaloosa
P03592,Female,1995-05-08,Self-Pay,Birmingham
P03593,Male,1930-06-17,Medicaid,Tuscaloosa
P03594,Male,1969-05-10,Commercial,Hoover
P03595,Female,2000-07-06,Commercial,Tuscaloosa
P03596,Female,1996-03-23,Self-Pay,Birmingham
P03597,Female,1991-05-11,Commercial,Birmingham
P03598,Female,1971-08-03,Commercial,Birmingham
P03599,Male,1996-12-27,Commercial,Huntsville
P03600,Female,1964-09-24,Commercial,Huntsville
P03601,Male,1981-11-15,Self-Pay,Birmingham
P03602,Female,1966-12-27,Self-Pay,Birmingham
P03603,Female,2009-09-24,Commercial,Huntsville
P03604,Male,1964-10-18,Commercial,Birmingham
P03605,Female,1936-12-04,Commercial,Tuscaloosa
P03606,Female,2011-09-09,Unknown,Hoover
P03607,Male,1992-07-01,Commercial,Birmingham
P03608,Female,1958-10-28,Medicare,Tuscaloosa
P03609,Female,1965-09-24,Commercial,Birmingham
P03610,Female,1959-12-25,Self-Pay,Tuscaloosa
P03611,Female,1970-12-14,Commercial,Birmingham
P03612,Male,1959-11-05,Commercial,Hoover
P03613,Female,1966-07-20,Commercial,Hoover
P03614,Male,2016-05-03,Medicaid,Birmingham
P03615,Male,1952-03-20,Medicare,Tuscaloosa
P03616,Female,1981-05-17,Commercial,Huntsville
P03617,Female,2019-05-21,Medicaid,Bessemer
P03618,Female,1985-01-25,Commercial,Birmingham
P03619,Female,1982-09-30,Commercial,Birmingham
P03620,Female,2015-03-16,Commercial,Birmingham
P03621,Male,1929-01-25,Medicare,Montgomery
P03622,Female,2002-06-08,Commercial,Hoover
P03623,Female,1992-03-01,Medicaid,Birmingham
P03624,Male,1982-11-12,Medicaid,Huntsville
P03625,Male,1944-02-16,Medicare,Birmingham
P03626,Female,1953-06-10,Unknown,Tuscaloosa
P03627,Female,1950-10-13,Commercial,Hoover
P03628,Male,2001-12-10,Self-Pay,Tuscaloosa
P03629,Female,1943-04-14,Medicare,Huntsville
P03630,Male,1945-07-28,Medicaid,Birmingham
P03631,Male,1979-09-10,Commercial,Tuscaloosa
P03632,Female,1972-08-12,Commercial,Tuscaloosa
P03633,Female,2020-01-06,Commercial,Birmingham
P03634,Female,1951-07-29,Medicare,Montgomery
P03635,Female,1932-12-04,Medicare,Huntsville
P03636,Female,1979-09-21,Medicare,Bessemer
P03637,Male,1972-11-09,Commercial,Huntsville
P03638,Male,1976-04-26,Self-Pay,Birmingham
P03639,Male,2016-03-15,Commercial,Hoover
P03640,Male,1965-03-01,Commercial,Hoover
P03641,Male,1955-05-15,Medicare,Birmingham
P03642,Female,1935-03-27,Commercial,Hoover
P03643,Female,1935-08-02,Medicare,Birmingham
P03644,Male,1977-05-17,Commercial,Birmingham
P03645,Male,1932-11-23,Medicare,Montgomery
P03646,Female,1973-06-19,Medicaid,Birmingham
P03647,Male,1963-06-12,Medicaid,Hoover
P03648,Female,1966-12-21,Commercial,Montgomery
P03649,Female,1929-06-15,Medicare,Tuscaloosa
P03650,Male,1953-04-13,Unknown,Birmingham
P03651,Female,2012-08-20,Commercial,Tuscaloosa
P03652,Male,2017-06-17,Medicaid,Huntsville
P03653,Male,1985-09-19,Commercial,Montgomery
P03654,Male,1975-09-25,Medicaid,Birmingham
P03655,Female,1960-11-15,Medicaid,Birmingham
P03656,Male,1978-09-04,Commercial,Tuscaloosa
P03657,Female,1975-03-14,Commercial,Birmingham
P03658,Male,1936-01-26,Medicare,Montgomery
P03659,Female,1992-05-14,Medicaid,Huntsville
P03660,Male,1977-05-19,Commercial,Huntsville
P03661,Male,1971-05-22,Commercial,Bessemer
P03662,Female,1979-07-12,Self-Pay,Tuscaloosa
P03663,Female,1932-07-31,Medicare,Bessemer
P03664,Female,1932-05-20,Commercial,Tuscaloosa
P03665,Male,1975-03-21,Medicaid,Birmingham
P03666,Male,1981-08-03,Commercial,Montgomery
P03667,Male,1968-06-09,Commercial,Huntsville
P03668,Male,2006-07-14,Medicaid,Bessemer
P03669,Female,1983-09-19,Commercial,Birmingham
P03670,Male,2003-09-18,Commercial,Birmingham
P03671,Female,2010-12-04,Self-Pay,Montgomery
P03672,Male,2014-07-25,Medicaid,Birmingham
P03673,Female,1968-04-16,Self-Pay,Tuscaloosa
P03674,Male,2023-04-26,Medicaid,Tuscaloosa
P03675,Female,1962-01-07,Commercial,Birmingham
P03676,Female,1982-12-18,Commercial,Birmingham
P03677,Female,1989-03-30,Commercial,Montgomery
P03678,Male,1950-03-17,Commercial,Birmingham
P03679,Female,1972-07-26,Self-Pay,Huntsville
P03680,Female,1954-09-20,Commercial,Huntsville
P03681,Female,1956-08-24,Self-Pay,Tuscaloosa
P03682,Female,2020-04-27,Commercial,Hoover
P03683,Male,2003-02-21,Commercial,Birmingham
P03684,Male,1969-05-12,Commercial,Montgomery
P03685,Male,1931-06-28,Medicare,Birmingham
P03686,Male,2009-05-08,Commercial,Birmingham
P03687,Female,2013-12-07,Commercial,Bessemer
P03688,Female,1934-05-25,Medicare,Birmingham
P03689,Male,1932-12-17,Medicare,Birmingham
P03690,Male,2008-01-17,Medicaid,Bessemer
P03691,Female,1985-02-11,Medicare,Birmingham
P03692,Male,1964-06-30,Commercial,Birmingham
P03693,Female,2005-08-18,Commercial,Hoover
P03694,Female,1993-04-09,Medicaid,Montgomery
P03695,Female,1986-05-14,Medicaid,Montgomery
P03696,Male,1963-04-19,Commercial,Huntsville
P03697,Male,1994-06-27,Commercial,Bessemer
P03698,Male,1984-10-07,Commercial,Birmingham
P03699,Male,1996-12-06,Medicaid,Tuscaloosa
P03700,Male,1951-09-20,Unknown,Birmingham
P03701,Female,2009-06-22,Medicaid,Bessemer
P03702,Male,2002-07-31,Commercial,Bessemer
P03703,Female,2000-07-01,Commercial,Birmingham
P03704,Female,1937-09-22,Medicare,Montgomery
P03705,Female,1934-01-24,Medicare,Tuscaloosa
P03706,Female,1976-08-21,Commercial,Birmingham
P03707,Male,2009-02-27,Medicaid,Tuscaloosa
P03708,Female,1952-08-12,Unknown,Bessemer
P03709,Female,1977-07-24,Commercial,Birmingham
P03710,Female,1943-05-26,Medicare,Birmingham
P03711,Male,1989-09-27,Commercial,Bessemer
P03712,Female,1929-10-13,Medicare,Hoover
P03713,Female,1947-08-16,Medicare,Hoover
P03714,Female,2002-03-14,Medicaid,Huntsville
P03715,Male,1955-11-10,Medicare,Tuscaloosa
P03716,Male,1996-07-26,Medicaid,Birmingham
P03717,Female,1990-05-01,Commercial,Birmingham
P03718,Male,2000-04-19,Unknown,Montgomery
P03719,Male,1959-07-27,Commercial,Hoover
P03720,Male,1999-12-03,Commercial,Huntsville
P03721,Female,1963-12-27,Medicaid,Montgomery
P03722,Male,1968-07-14,Commercial,Birmingham
P03723,Male,1952-03-12,Medicare,Montgomery
P03724,Female,1929-12-22,Medicare,Huntsville
P03725,Female,2023-02-12,Commercial,Bessemer
P03726,Female,1929-04-30,Medicare,Birmingham
P03727,Female,2013-12-30,Medicaid,Birmingham
P03728,Male,1973-08-29,Commercial,Huntsville
P03729,Male,1991-10-13,Commercial,Bessemer
P03730,Female,1963-01-20,Medicaid,Bessemer
P03731,Male,1955-06-13,Medicare,Hoover
P03732,Female,1942-09-05,Medicare,Tuscaloosa
P03733,Male,1985-09-22,Commercial,Birmingham
P03734,Female,1935-06-10,Medicare,Huntsville
P03735,Male,1993-12-31,Commercial,Montgomery
P03736,Male,2004-09-30,Commercial,Montgomery
P03737,Male,1987-11-02,Commercial,Birmingham
P03738,Male,1973-05-20,Commercial,Bessemer
P03739,Female,1960-05-02,Medicaid,Birmingham
P03740,Male,1944-07-15,Medicare,Hoover
P03741,Male,2002-11-11,Commercial,Tuscaloosa
P03742,Female,1995-08-19,Commercial,Tuscaloosa
P03743,Male,1934-02-28,Medicaid,Huntsville
P03744,Female,1982-10-19,Self-Pay,Tuscaloosa
P03745,Female,2001-11-03,Commercial,Birmingham
P03746,Male,1930-11-22,Medicare,Birmingham
P03747,Female,1981-03-09,Commercial,Tuscaloosa
P03748,Female,1930-11-19,Medicare,Huntsville
P03749,Female,1936-06-03,Medicare,Hoover
P03750,Male,1937-01-02,Medicaid,Birmingham
P03751,Male,1968-05-12,Commercial,Birmingham
P03752,Female,1948-08-04,Medicare,Montgomery
P03753,Male,1932-10-18,Commercial,Hoover
P03754,Male,1999-01-01,Commercial,Tuscaloosa
P03755,Male,2020-11-06,Medicaid,Hoover
P03756,Male,1993-01-19,Self-Pay,Birmingham
P03757,Male,1963-11-10,Medicaid,Birmingham
P03758,Female,1972-12-25,Medicare,Birmingham
P03759,Female,2016-03-10,Medicaid,Huntsville
P03760,Male,1970-08-02,Commercial,Birmingham
P03761,Female,2007-08-24,Medicaid,Birmingham
P03762,Female,1975-04-15,Self-Pay,Bessemer
P03763,Female,1969-06-25,Medicaid,Hoover
P03764,Female,1963-02-02,Commercial,Hoover
P03765,Male,1984-07-15,Commercial,Hoover
P03766,Female,1985-04-16,Medicare,Birmingham
P03767,Male,1959-02-15,Commercial,Birmingham
P03768,Female,1952-07-16,Medicare,Montgomery
P03769,Female,1947-09-20,Commercial,Hoover
P03770,Female,1992-01-12,Commercial,Huntsville
P03771,Female,1983-10-11,Medicaid,Bessemer
P03772,Female,1992-12-18,Medicaid,Birmingham
P03773,Female,1973-06-04,Medicaid,Huntsville
P03774,Male,2011-01-06,Commercial,Birmingham
P03775,Female,1983-12-01,Commercial,Hoover
P03776,Female,2006-02-25,Medicaid,Montgomery
P03777,Female,1973-03-04,Medicaid,Birmingham
P03778,Female,1943-01-27,Commercial,Bessemer
P03779,Female,1930-08-01,Medicare,Tuscaloosa
P03780,Male,1981-10-01,Commercial,Hoover
P03781,Female,2018-06-29,Commercial,Birmingham
P03782,Male,2002-11-11,Commercial,Tuscaloosa
P03783,Male,2014-02-28,Commercial,Hoover
P03784,Male,1951-05-04,Medicare,Birmingham
P03785,Male,1930-07-09,Medicare,Hoover
P03786,Female,1971-06-27,Self-Pay,Birmingham
P03787,Male,2007-04-17,Commercial,Bessemer
P03788,Female,2021-06-25,Commercial,Birmingham
P03789,Male,1931-03-01,Medicare,Hoover
P03790,Female,1993-01-29,Unknown,Montgomery
P03791,Male,2013-01-20,Commercial,Huntsville
P03792,Male,2007-05-20,Commercial,Montgomery
P03793,Male,1999-04-05,Medicaid,Bessemer
P03794,Female,1961-09-10,Commercial,Birmingham
P03795,Male,1939-12-19,Medicare,Hoover
P03796,Male,1997-08-08,Commercial,Huntsville
P03797,Female,1958-02-17,Medicare,Birmingham
P03798,Female,2017-11-14,Commercial,Huntsville
P03799,Female,2023-06-16,Medicaid,Birmingham
P03800,Female,2018-10-23,Medicaid,Bessemer
P03801,Male,1936-07-29,Medicare,Huntsville
P03802,Female,1968-11-10,Commercial,Tuscaloosa
P03803,Male,1947-04-08,Medicare,Hoover
P03804,Male,2021-03-12,Commercial,Bessemer
P03805,Male,2021-03-31,Medicaid,Huntsville
P03806,Male,1943-04-19,Medicare,Montgomery
P03807,Male,2014-10-08,Commercial,Montgomery
P03808,Female,2009-06-22,Medicaid,Birmingham
P03809,Female,1974-11-24,Self-Pay,Birmingham
P03810,Male,1966-08-18,Medicare,Birmingham
P03811,Male,2002-07-01,Medicaid,Tuscaloosa
P03812,Female,1981-05-02,Commercial,Tuscaloosa
P03813,Male,1959-11-27,Commercial,Birmingham
P03814,Male,1981-03-11,Medicaid,Bessemer
P03815,Female,1987-07-18,Commercial,Birmingham
P03816,Male,2017-02-14,Medicaid,Huntsville
P03817,Male,1981-06-23,Commercial,Hoover
P03818,Female,1947-06-16,Medicare,Hoover
P03819,Female,1964-04-24,Self-Pay,Birmingham
P03820,Female,1939-03-08,Medicare,Huntsville
P03821,Male,2012-11-05,Commercial,Huntsville
P03822,Female,2022-06-29,Commercial,Birmingham
P03823,Male,1971-12-22,Commercial,Hoover
P03824,Male,2007-07-12,Medicaid,Tuscaloosa
P03825,Male,1967-03-11,Self-Pay,Birmingham
P03826,Female,1938-02-20,Medicare,Tuscaloosa
P03827,Female,1991-09-20,Commercial,Hoover
P03828,Female,1971-08-13,Medicaid,Montgomery
P03829,Female,1959-06-14,Commercial,Huntsville
P03830,Female,2009-08-10,Medicaid,Birmingham
P03831,Female,1938-10-29,Commercial,Montgomery
P03832,Female,2004-09-12,Commercial,Birmingham
P03833,Male,1947-08-07,Medicare,Bessemer
P03834,Female,1961-06-26,Commercial,Tuscaloosa
P03835,Female,2010-01-30,Commercial,Birmingham
P03836,Male,1955-06-17,Medicare,Huntsville
P03837,Male,2005-08-13,Commercial,Birmingham
P03838,Male,1967-05-05,Commercial,Montgomery
P03839,Male,1932-03-25,Medicare,Bessemer
P03840,Female,1933-07-28,Medicare,Huntsville
P03841,Male,1941-07-07,Commercial,Tuscaloosa
P03842,Male,1977-10-14,Commercial,Tuscaloosa
P03843,Male,1970-02-20,Medicaid,Hoover
P03844,Male,1995-02-19,Commercial,Birmingham
P03845,Female,1936-10-30,Medicare,Bessemer
P03846,Female,1978-08-28,Commercial,Birmingham
P03847,Male,1950-09-24,Medicare,Birmingham
P03848,Female,1989-01-30,Commercial,Birmingham
P03849,Female,1953-12-09,Medicare,Bessemer
P03850,Female,2002-10-18,Commercial,Bessemer
P03851,Female,1954-09-09,Medicare,Birmingham
P03852,Female,2019-06-11,Commercial,Birmingham
P03853,Female,2014-10-03,Commercial,Montgomery
P03854,Male,1990-06-20,Commercial,Hoover
P03855,Female,1978-04-04,Commercial,Bessemer
P03856,Female,1956-03-05,Medicaid,Bessemer
P03857,Female,1989-11-26,Medicaid,Huntsville
P03858,Male,2022-11-12,Medicaid,Birmingham
P03859,Male,1993-11-28,Commercial,Huntsville
P03860,Male,1982-02-03,Commercial,Bessemer
P03861,Male,1972-05-08,Commercial,Birmingham
P03862,Male,1962-06-22,Medicare,Montgomery
P03863,Male,2000-03-19,Medicaid,Hoover
P03864,Male,1966-06-02,Commercial,Bessemer
P03865,Female,1963-10-08,Commercial,Tuscaloosa
P03866,Male,1950-06-29,Medicare,Birmingham
P03867,Female,1974-04-20,Medicare,Hoover
P03868,Male,1947-12-19,Medicare,Birmingham
P03869,Female,2002-05-25,Commercial,Hoover
P03870,Female,1956-07-04,Medicare,Bessemer
P03871,Female,2019-12-07,Medicaid,Birmingham
P03872,Male,2014-09-27,Medicaid,Bessemer
P03873,Male,1941-07-22,Medicare,Birmingham
P03874,Female,1978-08-29,Medicaid,Huntsville
P03875,Female,1965-09-18,Commercial,Bessemer
P03876,Female,1966-05-10,Medicaid,Tuscaloosa
P03877,Male,1957-08-07,Medicare,Montgomery
P03878,Female,2000-07-04,Commercial,Bessemer
P03879,Female,2007-03-16,Self-Pay,Tuscaloosa
P03880,Male,2019-11-28,Commercial,Montgomery
P03881,Male,1941-08-23,Medicare,Birmingham
P03882,Male,2002-12-06,Medicare,Hoover
P03883,Male,1969-01-28,Commercial,Birmingham
P03884,Male,1980-10-26,Commercial,Montgomery
P03885,Female,2008-03-08,Medicaid,Huntsville
P03886,Female,1984-10-24,Commercial,Tuscaloosa
P03887,Male,2016-09-05,Medicaid,Bessemer
P03888,Female,2007-05-24,Medicaid,Birmingham
P03889,Male,2010-03-04,Commercial,Bessemer
P03890,Female,1945-10-29,Medicare,Birmingham
P03891,Female,1970-10-16,Commercial,Birmingham
P03892,Female,1936-02-15,Commercial,Tuscaloosa
P03893,Male,1982-09-06,Medicaid,Birmingham
P03894,Male,2004-10-17,Medicaid,Huntsville
P03895,Female,1966-04-05,Commercial,Huntsville
P03896,Female,1935-11-29,Medicare,Montgomery
P03897,Female,1973-02-19,Commercial,Birmingham
P03898,Female,2022-02-16,Medicaid,Birmingham
P03899,Female,1995-02-23,Self-Pay,Birmingham
P03900,Male,1936-09-16,Medicare,Hoover
P03901,Female,1974-11-21,Commercial,Birmingham
P03902,Female,1933-07-30,Unknown,Birmingham
P03903,Female,1975-09-01,Self-Pay,Montgomery
P03904,Female,2022-01-16,Commercial,Bessemer
P03905,Female,1941-05-16,Commercial,Montgomery
P03906,Male,1951-01-22,Medicare,Birmingham
P03907,Male,1956-04-02,Medicare,Tuscaloosa
P03908,Male,1931-04-16,Medicaid,Birmingham
P03909,Female,2005-11-22,Commercial,Birmingham
P03910,Male,1937-12-07,Medicare,Hoover
P03911,Male,2001-12-16,Self-Pay,Bessemer
P03912,Female,1931-05-30,Medicare,Tuscaloosa
P03913,Male,2005-10-20,Commercial,Birmingham
P03914,Female,1971-01-05,Commercial,Tuscaloosa
P03915,Male,1949-11-14,Commercial,Bessemer
P03916,Male,2016-01-22,Self-Pay,Birmingham
P03917,Male,2017-05-03,Commercial,Montgomery
P03918,Male,1943-11-24,Medicare,Birmingham
P03919,Male,2018-12-11,Commercial,Birmingham
P03920,Female,1965-08-10,Commercial,Montgomery
P03921,Male,1934-08-31,Medicare,Birmingham
P03922,Male,1965-09-08,Commercial,Huntsville
P03923,Male,1978-06-23,Commercial,Birmingham
P03924,Male,1984-11-15,Commercial,Tuscaloosa
P03925,Female,1963-11-15,Commercial,Tuscaloosa
P03926,Female,1969-04-23,Medicaid,Montgomery
P03927,Female,1976-01-06,Medicaid,Montgomery
P03928,Male,2009-09-24,Medicaid,Huntsville
P03929,Male,1961-01-26,Medicare,Hoover
P03930,Male,1953-08-29,Medicare,Birmingham
P03931,Male,1956-09-01,Medicare,Tuscaloosa
P03932,Male,2016-11-30,Commercial,Hoover
P03933,Female,1957-07-31,Medicare,Birmingham
P03934,Male,1954-07-04,Medicare,Bessemer
P03935,Male,2006-05-04,Commercial,Birmingham
P03936,Male,1943-11-05,Medicare,Birmingham
P03937,Male,1974-10-25,Medicaid,Bessemer
P03938,Male,1979-07-28,Medicaid,Tuscaloosa
P03939,Female,1955-12-07,Medicare,Huntsville
P03940,Male,1975-11-10,Commercial,Birmingham
P03941,Male,1972-05-17,Medicaid,Hoover
P03942,Female,1994-01-18,Commercial,Tuscaloosa
P03943,Female,1935-06-06,Medicare,Birmingham
P03944,Female,1931-11-10,Medicare,Huntsville
P03945,Female,2011-01-05,Commercial,Birmingham
P03946,Male,1954-06-25,Medicare,Birmingham
P03947,Female,2021-04-15,Commercial,Birmingham
P03948,Female,1988-10-22,Commercial,Birmingham
P03949,Male,1931-06-04,Medicare,Birmingham
P03950,Female,2007-12-05,Commercial,Huntsville
P03951,Male,1988-05-18,Commercial,Tuscaloosa
P03952,Female,2003-10-20,Commercial,Birmingham
P03953,Female,1954-02-04,Commercial,Tuscaloosa
P03954,Male,1979-12-13,Medicaid,Birmingham
P03955,Male,1967-05-08,Commercial,Hoover
P03956,Male,1934-11-12,Medicare,Montgomery
P03957,Male,1974-04-26,Commercial,Huntsville
P03958,Female,1954-07-05,Medicare,Tuscaloosa
P03959,Male,2014-01-13,Medicaid,Birmingham
P03960,Female,2003-05-09,Self-Pay,Birmingham
P03961,Female,1934-08-19,Medicare,Huntsville
P03962,Female,1942-12-01,Medicare,Tuscaloosa
P03963,Male,1961-05-29,Commercial,Tuscaloosa
P03964,Female,1988-07-25,Commercial,Bessemer
P03965,Female,2005-12-13,Medicaid,Birmingham
P03966,Female,1943-06-03,Medicaid,Montgomery
P03967,Male,1949-10-17,Medicare,Tuscaloosa
P03968,Female,2001-10-08,Commercial,Birmingham
P03969,Female,1967-12-29,Medicaid,Birmingham
P03970,Female,1965-08-19,Medicaid,Tuscaloosa
P03971,Male,1978-10-14,Commercial,Birmingham
P03972,Female,1935-12-06,Medicare,Huntsville
P03973,Male,2012-07-27,Commercial,Huntsville
P03974,Female,1999-10-13,Medicare,Hoover
P03975,Female,2014-11-14,Commercial,Tuscaloosa
P03976,Female,1958-07-15,Commercial,Tuscaloosa
P03977,Female,1962-12-09,Commercial,Hoover
P03978,Female,1930-01-05,Commercial,Montgomery
P03979,Female,1972-07-14,Self-Pay,Birmingham
P03980,Male,2009-01-03,Medicaid,Bessemer
P03981,Female,1981-02-14,Commercial,Birmingham
P03982,Female,2015-01-09,Commercial,Birmingham
P03983,Female,1960-06-17,Self-Pay,Huntsville
P03984,Female,1959-07-31,Self-Pay,Birmingham
P03985,Female,1942-04-14,Unknown,Birmingham
P03986,Female,1991-12-03,Medicaid,Birmingham
P03987,Female,1994-03-01,Self-Pay,Huntsville
P03988,Female,2017-09-05,Commercial,Tuscaloosa
P03989,Male,1984-12-30,Commercial,Birmingham
P03990,Male,1978-10-07,Commercial,Hoover
P03991,Male,1952-10-05,Medicare,Birmingham
P03992,Female,1952-12-27,Commercial,Bessemer
P03993,Male,2010-05-02,Medicaid,Birmingham
P03994,Female,1996-11-28,Commercial,Tuscaloosa
P03995,Female,1975-02-26,Medicaid,Hoover
P03996,Male,1992-07-20,Commercial,Tuscaloosa
P03997,Female,2021-04-14,Unknown,Bessemer
P03998,Female,1943-08-31,Medicare,Birmingham
P03999,Male,1954-11-14,Medicare,Huntsville
P04000,Male,1974-10-28,Self-Pay,Hoover
