admission_id,patient_id,department,diagnosis,admission_type,admission_date,discharge_date,outcome,total_charges
A004767,P02288,Pulmonology,Pneumonia,Urgent,12/14/2025,2025-12-24,Recovered,43712.16
A004679,P02775,ortho,Hip Fracture,Emergency,2025-12-03,2025-12-09,Improved,46056.71
A000237,P01887,Orthopedics,Joint Replacement,Emergency,02/11/2024,2024-02-15,Recovered,29673.31
A003586,P03423,Cardiology,Heart Failure,Emergency,2025-06-22,2025-06-29,Recovered,51663.46
A000923,P03886,Cardiology,Myocardial Infarction,Urgent,2024-05-25,2024-05-31,Improved,54484.23
A001388,P02602,Oncology,Lymphoma,Elective,2024-08-03,2024-08-13,Recovered,81908.66
A003619,P02076,General Medicine,Sepsis,Urgent,2025-06-26,2025-06-27,Recovered,7792.93
A000530,P03096,General Medicine,Diabetes Complication,Emergency,2024-03-26,2024-03-30,Recovered,11487.83
A000445,P03220,Cardiology,Myocardial Infarction,Elective,03/14/2024,2024-03-17,Recovered,27116.66
A002447,P03410,Neurology,Multiple Sclerosis,Urgent,2025-01-06,2025-01-18,Recovered,71250.01
A000984,P03327,Pediatrics,Bronchiolitis,Emergency,2024-06-01,2024-06-03,Recovered,7651.65
A001030,P01935,Pediatrics,Gastroenteritis,Elective,2024-06-09,2024-06-12,Improved,8983.4
A000188,P01594,Pediatrics,Gastroenteritis,Emergency,2024-02-02,2024-02-05,Recovered,8696.32
A004883,P00310,Pediatrics,Bronchiolitis,Urgent,2025-12-29,2025-12-31,Recovered,7863.36
A003694,P03846,General Medicine,Sepsis,Urgent,2025-07-06,2025-07-10,Recovered,17965.61
A004202,P00486,Pulmonology,COPD,Emergency,2025-09-17,2023-12-31,Transferred,36448.79
A003491,P03931,Neurology,Seizure Disorder,Emergency,2025-06-11,2025-06-15,Improved,33383.17
A002036,P01856,Pulmonology,Asthma,Emergency,2024-11-06,2024-11-08,Recovered,23703.73
A002505,P00278,General Medicine,Sepsis,Urgent,01/14/2025,2025-01-22,Transferred,22662.36
A003195,P02236,Cardiology,Myocardial Infarction,Emergency,2025-04-27,2025-05-03,Transferred,43105.57
A001283,P03242,Oncology,Lung Cancer,Emergency,2024-07-20,2024-07-24,Improved,33164.62
A000261,P01606,Cardiology,Arrhythmia,Emergency,2024-02-15,2024-02-22,Recovered,44767.06
A001124,P01538,Pediatrics,Pediatric Asthma,Urgent,2024-06-25,2024-06-26,Improved,8922.03
A000704,P02894,Orthopedics,Joint Replacement,Elective,2024-04-22,2024-04-25,Recovered,25493.1
A004444,P00593,Cardiology,Heart Failure,Emergency,10/28/2025,2025-11-02,Improved,45387.38
A002458,P03718,Neurology,Stroke,Urgent,01/08/2025,2025-01-12,Recovered,46758.42
A001993,P03374,Neurology,Multiple Sclerosis,Emergency,2024-10-29,2024-10-31,Recovered,39470.25
A004128,P02228,Pulmonology,Pneumonia,Urgent,2025-09-05,2025-09-18,Recovered,69040.87
A000803,P02683,General Medicine,Sepsis,Urgent,2024-05-06,2024-05-08,Improved,11897.19
A003359,P03788,Pediatrics,Gastroenteritis,Emergency,2025-05-20,2025-05-22,Improved,15532.14
A004560,P03183,Cardiology,Arrhythmia,Emergency,2025-11-15,2025-11-19,Recovered,29330.25
A001909,P00029,Oncology,Lung Cancer,Emergency,2024-10-19,2024-10-25,Recovered,58814.26
A000249,P03770,Neurology,Seizure Disorder,Urgent,2024-02-13,2024-02-16,Transferred,31668.79
A000120,P00438,General Medicine,Sepsis,Urgent,2024-01-20,2024-01-23,Recovered,7892.86
A002412,P01842,Pediatrics,Gastroenteritis,Elective,2025-01-01,2025-01-05,Improved,8805.39
A004566,P01392,Neurology,Stroke,Emergency,2025-11-16,2025-11-21,Recovered,33345.63
A002829,P03748,Pulmonology,COPD,Urgent,03/03/2025,2025-03-06,Recovered,17482.59
A000228,P03014,General Medicine,Diabetes Complication,Urgent,2024-02-09,2024-02-17,Recovered,26385.24
A004600,P03252,Cardiology,Arrhythmia,Emergency,2025-11-20,2025-11-21,Recovered,26220.59
A002140,P00816,Cardiology,Arrhythmia,Elective,2024-11-21,2024-11-25,Recovered,24459.28
A003170,P01499,Orthopedics,Hip Fracture,Urgent,2025-04-24,2025-05-05,Recovered,69549.19
A003677,P02189,Oncology,Breast Cancer,Urgent,2025-07-04,2025-07-08,Recovered,87562.78
A003596,P02123,Orthopedics,Spinal Disorder,Emergency,2025-06-23,2025-06-27,Recovered,34425.39
A002012,P02910,Cardiology,Arrhythmia,Urgent,2024-11-01,2024-11-10,Transferred,62452.93
A000043,P03739,Orthopedics,Joint Replacement,Urgent,2024-01-07,2024-01-11,Improved,31875.19
A001164,P03442,Pediatrics,Gastroenteritis,Urgent,2024-07-02,2024-07-04,Recovered,9537.4
A000159,P00168,Pediatrics,Bronchiolitis,Urgent,2024-01-28,2024-01-31,Recovered,15911.78
A001126,P02392,general medicine,Diabetes Complication,Elective,2024-06-26,2024-06-28,Transferred,15381.34
A000187,P03088,Pediatrics,Gastroenteritis,Emergency,02/02/2024,2024-02-05,Improved,11979.19
A000195,P00760,Orthopaedics,Spinal Disorder,Emergency,2024-02-04,2024-02-06,Transferred,17730.14
A003888,P00436,Pediatrics,Gastroenteritis,Urgent,2025-08-03,2025-08-10,Recovered,16118.89
A003610,P02782,pulmonology ,Asthma,Emergency,2025-06-25,2025-07-01,Recovered,25296.95
A001520,P00171,Pediatrics,Bronchiolitis,Emergency,2024-08-23,2024-08-26,Improved,10048.38
A003893,P02997,General Medicine,Diabetes Complication,Urgent,2025-08-03,2025-08-06,Improved,10870.86
A003884,P01390,Cardiology,Arrhythmia,Urgent,2025-08-02,2025-08-07,Improved,30206.41
A002684,P03826,Orthopedics,Joint Replacement,Emergency,2025-02-12,2025-02-16,Transferred,27926.05
A002322,P00661,Pediatrics,Gastroenteritis,Urgent,12/19/2024,2024-12-25,Recovered,25821.18
A004820,P03607,General Medicine,Sepsis,Urgent,2025-12-20,2025-12-22,Recovered,11943.02
A002820,P01834,Pediatrics,Gastroenteritis,Elective,03/02/2025,2025-03-09,Transferred,15271.46
A000405,P02469,Pediatrics,Bronchiolitis,Emergency,2024-03-09,2024-03-10,Improved,8081.07
A002413,P01788,Pediatrics,Pediatric Asthma,Emergency,2025-01-01,2025-01-07,Improved,13070.93
A002403,P00420,Pulmonology,Asthma,Emergency,12/31/2024,2025-01-06,Improved,20576.22
A002278,P00128,Cardiology,Arrhythmia,Elective,2024-12-12,2024-12-17,Improved,30412.74
A000992,P00622,General Medicine,Sepsis,Emergency,2024-06-03,2024-06-07,Recovered,11481.28
A003956,P01067,General Medicine,Diabetes Complication,Elective,08/11/2025,2025-08-20,Recovered,35180.31
A000571,P00889,Pediatrics,Pediatric Asthma,Urgent,03/31/2024,2024-03-31,Transferred,6731.03
A000778,P03072,pulmonology ,Pneumonia,Emergency,2024-05-02,2024-05-08,Recovered,34146.45
A002319,P03526,Orthopedics,Joint Replacement,Urgent,2024-12-19,2024-12-23,Improved,35103.41
A002724,P03516,General Medicine,Diabetes Complication,Emergency,2025-02-16,2025-02-23,Recovered,15971.58
A003623,P02711,Pediatrics,Pediatric Asthma,Elective,2025-06-27,2025-06-29,Recovered,11928.85
A003942,P00621,General Medicine,Kidney Infection,Emergency,2025-08-10,2025-08-12,Improved,19888.61
A004302,P02093,Cardiology,Arrhythmia,Elective,2025-10-05,2025-10-08,Transferred,28359.11
A001069,P01520,Pulmonology,Asthma,Urgent,2024-06-16,2024-06-18,Improved,27501.18
A000902,P02569,Orthopedics,Hip Fracture,Emergency,2024-05-22,2024-05-24,Recovered,24496.53
A000254,P03691,General Medicine,Diabetes Complication,Emergency,2024-02-13,2024-02-14,Recovered,12096.04
A002157,P03792,Pediatrics,Bronchiolitis,Elective,2024-11-24,2024-11-25,Recovered,8562.13
A003432,P00942,General Medicine,Sepsis,Emergency,2025-06-02,2025-06-12,Recovered,22809.7
A004792,P03077,Pediatrics,Gastroenteritis,Emergency,2025-12-17,2025-12-17,Recovered,9774.29
A003161,P03349,Pediatrics,Pediatric Asthma,Urgent,2025-04-23,2025-04-26,Recovered,8103.71
A002018,P00706,Cardiology,Heart Failure,Urgent,2024-11-03,2024-11-05,Recovered,31601.1
A002112,P00337,General Medicine,Diabetes Complication,Emergency,2024-11-17,2024-11-20,Deceased,13865.61
A001745,P02349,General Medicine,Sepsis,Emergency,2024-09-25,2024-09-26,Recovered,11555.05
A002604,P03029,General Medicine,Sepsis,Emergency,2025-01-31,2025-02-03,Recovered,10883.62
A004406,P03415,General Medicine,Sepsis,Urgent,2025-10-21,2025-10-26,Recovered,13446.16
A001221,P00236,Neurology,Stroke,Urgent,2024-07-10,2024-07-14,Improved,33612.13
A003741,P02787,Orthopedics,Joint Replacement,Emergency,2025-07-11,2025-07-13,Recovered,19035.22
A002085,P00416,Gen Med,Diabetes Complication,Emergency,2024-11-14,2024-11-20,Recovered,20532.34
A004317,P01601,Cardiology,Heart Failure,Urgent,10/08/2025,2025-10-13,Recovered,41807.56
A003539,P01648,Pulmonology,Pneumonia,Elective,2025-06-16,2025-06-18,Improved,16531.12
A002351,P02871,Orthopedics,Hip Fracture,Elective,2024-12-23,2024-12-23,Recovered,21134.3
A000720,P03890,Cardiology,Myocardial Infarction,Emergency,2024-04-24,2024-04-25,Recovered,23530.67
A000212,P00670,Pediatrics,Gastroenteritis,Urgent,2024-02-07,2024-02-10,Recovered,14225.41
A002875,P00636,Pulmonology,Asthma,Emergency,2025-03-10,2025-03-12,Recovered,15206.44
A000225,P02068,General Medicine,Sepsis,Elective,2024-02-08,2024-02-10,Recovered,7014.08
A001792,P02521,Pulmonology,Pneumonia,Emergency,10/03/2024,2024-10-04,Recovered,11235.1
A000660,P03802,Pulmonology,COPD,Urgent,2024-04-13,2024-04-20,Improved,30195.53
A000338,P03553,Orthopedics,Joint Replacement,Emergency,2024-02-27,2024-03-01,Deceased,24120.26
A003506,P01491,General Medicine,Kidney Infection,Urgent,2025-06-12,2025-06-13,Recovered,9435.45
A000598,P03662,General Medicine,Kidney Infection,Emergency,2024-04-04,2024-04-11,Recovered,33236.9
A004804,P01276,Neurology,Multiple Sclerosis,Emergency,12/18/2025,2025-12-30,Recovered,79037.65
A000946,P03496,Orthopedics,Spinal Disorder,Urgent,2024-05-28,2024-06-02,Recovered,53400.41
A001999,P01955,Cardiology,Myocardial Infarction,Elective,2024-10-31,2024-11-11,Improved,60262.28
A003585,P01409,Pediatrics,Pediatric Asthma,Emergency,2025-06-22,2025-06-25,Recovered,9884.65
A004839,P01551,General Medicine,Diabetes Complication,Urgent,2025-12-22,2025-12-23,Improved,7790.71
A003549,P00401,Pulmonology,Asthma,Urgent,2025-06-17,2025-06-20,Recovered,19111.44
A002237,P00389, Cardiology ,Heart Failure,Emergency,2024-12-06,2024-12-08,Recovered,31942.79
A000907,P01168,Cardiology,Arrhythmia,Urgent,05/23/2024,2024-05-25,Recovered,36842.72
A003345,P01289,Pediatrics,Bronchiolitis,Urgent,2025-05-19,2025-05-23,Transferred,13583.87
A001724,P00889,Pediatrics,Gastroenteritis,Emergency,2024-09-22,2024-10-01,Recovered,18662.05
A003660,P02162,Cardiology,Myocardial Infarction,Urgent,2025-07-02,2025-07-14,Recovered,49269.18
A002378,P01091,General Medicine,Sepsis,Urgent,2024-12-27,2024-12-30,Improved,10945.41
A003049,P03485,Neurology,Stroke,Emergency,2025-04-05,2025-04-10,Recovered,40001.05
A003754,P02586,pulmonology ,COPD,Emergency,2025-07-13,2025-07-17,Improved,31012.18
A002609,P03824,Pediatrics,Pediatric Asthma,Elective,2025-02-01,2025-02-05,Recovered,11795.14
A002193,P03423,Cardiology,Heart Failure,Emergency,11/29/2024,2024-12-04,Recovered,41550.74
A004558,P01991,Neurology,Multiple Sclerosis,Urgent,2025-11-15,2025-11-21,Recovered,42558.87
A002313,P02832,Neurology,Seizure Disorder,Emergency,2024-12-18,2024-12-25,Recovered,33718.82
A000699,P02044,Oncology,Lung Cancer,Emergency,04/21/2024,2024-04-26,Improved,69950.9
A004220,P01064,Neurology,Multiple Sclerosis,Elective,2025-09-20,2025-10-02,Improved,54495.15
A001658,P03660, Cardiology ,Heart Failure,Urgent,09/15/2024,2024-09-22,Deceased,50795.0
A000930,P03691,General Medicine,Kidney Infection,Elective,2024-05-26,2024-05-27,Recovered,9724.96
A000631,P01502,Neurology,Stroke,Urgent,2024-04-08,2024-04-09,Recovered,28059.74
A004242,P00789,Pulmonology,Asthma,Elective,09/24/2025,2025-09-25,Recovered,11273.4
A001300,P03119,Pediatrics,Gastroenteritis,Emergency,07/21/2024,2024-07-22,Recovered,7022.97
A000349,P01284,Pulmonology,Asthma,Elective,02/28/2024,2024-03-02,Recovered,21324.08
A003743,P03745,Cardiology,Heart Failure,Emergency,2025-07-11,2025-07-12,Recovered,17401.17
A002867,P03142,General Medicine,Sepsis,Urgent,2025-03-09,2025-03-10,Recovered,8688.77
A004391,P02548,cardiology,Heart Failure,Emergency,2025-10-19,2025-11-01,Improved,42853.65
A003449,P00534,General Medicine,Sepsis,Emergency,2025-06-05,2025-06-09,Recovered,11419.83
A000176,P00391,Oncology,Lung Cancer,Urgent,2024-01-31,,Recovered,38200.3
A002686,P02904,Cardiology,Myocardial Infarction,Urgent,2025-02-12,2025-02-13,Recovered,24363.69
A002062,P03518,Cardiology,Heart Failure,Elective,2024-11-10,2024-11-13,Recovered,36771.19
A000694,P01836,Pediatrics,Pediatric Asthma,Emergency,2024-04-19,2024-04-22,Recovered,12600.75
A004642,P02416,Cardiology,Myocardial Infarction,Urgent,2025-11-26,2025-11-27,Recovered,19834.07
A000172,P01421,Orthopedics,Spinal Disorder,Urgent,2024-01-29,2024-01-31,Deceased,30133.33
A000112,P01113,General Medicine,Diabetes Complication,Elective,01/19/2024,2024-01-21,Recovered,8425.56
A003439,P01776,Pediatrics,Gastroenteritis,Emergency,2025-06-03,2025-06-08,Improved,22695.53
A000473,P01920,General Medicine,Diabetes Complication,Emergency,2024-03-18,2024-03-21,Improved,16453.07
A002902,P02296,Pulmonology,Asthma,Emergency,2025-03-14,2025-03-25,Transferred,56696.45
A002396,P01581,Oncology,Lymphoma,Elective,2024-12-30,2025-01-05,Transferred,31564.23
A003664,P01714,Gen Med,Diabetes Complication,Urgent,2025-07-02,2025-07-08,Recovered,15610.46
A002343,P03961,Orthopedics,Spinal Disorder,Emergency,2024-12-22,2024-12-24,Recovered,24711.99
A000675,P03094,Orthopedics,Hip Fracture,Emergency,04/16/2024,2024-04-20,Recovered,24823.87
A001906,P03505,Pediatrics,Pediatric Asthma,Emergency,2024-10-19,2024-10-22,Recovered,9066.43
A004195,P02019,Pulmonology,COPD,Emergency,09/16/2025,2025-09-22,Recovered,47555.35
A004881,P00985,Pulmonology,Pneumonia,Emergency,2025-12-29,2026-01-01,Recovered,18884.29
A000876,P02573,Orthopedics,Spinal Disorder,Urgent,2024-05-18,2024-05-22,Recovered,17742.68
A002020,P02055,Orthopedics,Spinal Disorder,Elective,2024-11-04,2024-11-06,Improved,26178.74
A000780,P01798,Pediatrics,Bronchiolitis,Elective,2024-05-02,2024-05-09,Improved,13679.62
A003229,P03990,Neurology,Seizure Disorder,Elective,05/01/2025,2025-05-05,Improved,32023.61
A002189,P00187,Pediatrics,Gastroenteritis,Emergency,2024-11-28,2024-12-02,Recovered,9051.65
A002136,P00463, Cardiology ,Arrhythmia,Emergency,2024-11-21,2024-11-25,Improved,39965.19
A003511,P03948,Pulmonology,COPD,Elective,2025-06-12,2025-06-20,Recovered,54651.55
A004892,P01883,Pediatrics,Bronchiolitis,Elective,2025-12-30,2025-12-31,Recovered,11849.53
A004768,P01775,General Medicine,Kidney Infection,Urgent,2025-12-14,2025-12-23,Improved,30358.85
A000948,P02864,Neurology,Stroke,Emergency,2024-05-28,2024-05-30,Transferred,29487.64
A004235,P01872,General Medicine,Kidney Infection,Elective,2025-09-23,2025-09-26,Improved,14513.02
A004255,P02590,General Medicine,Kidney Infection,Emergency,2025-09-27,2025-09-28,Recovered,3888.6
A001429,P02530,Pulmonology,Pneumonia,Emergency,2024-08-10,2024-08-18,Recovered,43700.91
A004476,P02506,Pediatrics,Pediatric Asthma,Emergency,11/01/2025,2025-11-06,Recovered,11665.72
A000221,P00098,Pulmonology,COPD,Elective,2024-02-08,2024-02-16,Recovered,23930.99
A001265,P02483,Pediatrics,Gastroenteritis,Emergency,2024-07-16,2024-07-16,Recovered,7440.28
A002800,P01941,Pediatrics,Gastroenteritis,Urgent,2025-02-28,2025-03-02,Improved,4765.12
A002971,P03169,Cardiology,Myocardial Infarction,Emergency,2025-03-25,2025-03-28,Recovered,33582.07
A002596,P01817,Oncology,Lymphoma,Elective,2025-01-29,2025-02-03,Improved,33931.16
A000372,P01163,pulmonology ,COPD,Elective,2024-03-02,2024-03-08,Recovered,33809.36
A003569,P03743,Oncology,Lymphoma,Emergency,2025-06-20,2025-06-30,Improved,58726.67
A001662,P02928,General Medicine,Kidney Infection,Emergency,2024-09-15,2024-09-16,Recovered,8426.2
A000582,P00155,General Medicine,Diabetes Complication,Emergency,2024-04-02,2024-04-04,Improved,14278.24
A002947,P01040,Orthopedics,Spinal Disorder,Urgent,2025-03-21,2025-03-27,Recovered,32209.31
A000617,P00053,Orthopedics,Spinal Disorder,Elective,2024-04-06,2024-04-08,Recovered,
A003868,P01789,Cardiology,Heart Failure,Emergency,2025-07-31,2025-08-03,Recovered,24371.51
A000538,P00722,General  Medicine,Sepsis,Urgent,2024-03-27,2024-03-29,Improved,8470.49
A002081,P00259,Pediatrics,Bronchiolitis,Elective,2024-11-13,2024-11-16,Recovered,15233.61
A001964,P00363,Pulmonology,Asthma,Emergency,2024-10-26,2024-10-31,Improved,37749.09
A004014,P02107,Oncology,Breast Cancer,Emergency,2025-08-19,2025-08-22,Recovered,60840.89
A000036,P00184,Cardiology,Heart Failure,Emergency,2024-01-06,2024-01-13,Deceased,50366.46
A000138,P00086,Neurology,Stroke,Urgent,2024-01-24,2024-01-31,Recovered,36388.08
A001342,P00171,Pediatrics,Pediatric Asthma,Emergency,2024-07-26,2024-07-28,Improved,10426.71
A004573,P00377,Cardiology,Arrhythmia,Urgent,2025-11-17,2025-11-24,Recovered,38500.03
A004387,P01239,General Medicine,Sepsis,Emergency,10/18/2025,2025-10-19,Improved,14851.1
A000808,P02470,Oncology,Breast Cancer,Urgent,2024-05-07,2024-05-15,Recovered,70596.8
A002920,P03756,Orthopedics,Spinal Disorder,Emergency,2025-03-18,2025-03-20,Recovered,17555.83
A000791,P02973,Oncology,Breast Cancer,Emergency,2024-05-04,2024-05-14,Recovered,93182.51
A002149,P01686,Oncology,Breast Cancer,Urgent,2024-11-23,2024-12-02,Transferred,102868.6
A001226,P02618,Pediatrics,Pediatric Asthma,Emergency,2024-07-10,2024-07-11,Recovered,7068.55
A001102,P00663,Pediatrics,Gastroenteritis,Emergency,2024-06-20,2024-06-21,Recovered,9440.36
A004182,P01448,Pulmonology,COPD,Elective,09/13/2025,2025-09-15,Recovered,25809.76
A004496,P00506,Neurology,Seizure Disorder,Elective,11/05/2025,2025-11-15,Recovered,63346.3
A001033,P01083,General Medicine,Diabetes Complication,Elective,2024-06-10,2024-06-16,Recovered,12536.54
A002681,P03387,Cardiology,Myocardial Infarction,Emergency,2025-02-11,2025-02-17,Recovered,38581.28
A000109,P01327,Cardiology,Myocardial Infarction,Urgent,2024-01-19,2024-01-30,Recovered,88038.14
A003541,P03684,General Medicine,Sepsis,Emergency,2025-06-16,2025-06-24,Improved,17925.04
A003216,P01891,Pediatrics,Bronchiolitis,Urgent,2025-04-30,2025-05-03,Recovered,13701.74
A002618,P03753,General Medicine,Kidney Infection,Emergency,2025-02-01,2025-02-04,Improved,10992.18
A002361,P01413,General Medicine,Kidney Infection,Emergency,2024-12-24,2024-12-27,Recovered,8986.25
A004701,P03953,General Medicine,Diabetes Complication,Emergency,2025-12-06,2025-12-09,Recovered,14746.79
A002096,P02320,Cardiology,Myocardial Infarction,Emergency,2024-11-15,2024-11-16,Recovered,27329.71
A001273,P01048,General Medicine,Diabetes Complication,Urgent,07/18/2024,2024-07-19,Improved,11300.24
A001650,P03271,Pediatrics,Gastroenteritis,Urgent,2024-09-13,2024-09-14,Improved,6523.22
A004374,P03356,General Medicine,Kidney Infection,Emergency,2025-10-16,2025-10-19,Recovered,17344.14
A001911,P01520,Orthopedics,Joint Replacement,Emergency,2024-10-19,2024-10-21,Recovered,16760.14
A002785,P00365,Pediatrics,Bronchiolitis,Emergency,2025-02-25,2025-03-05,Transferred,27998.51
A003159,P03655,General Medicine,Diabetes Complication,Emergency,2025-04-23,2025-04-26,Recovered,19382.69
A004325,P00738,General Medicine,Diabetes Complication,Emergency,2025-10-09,2025-10-11,Recovered,13207.39
A004546,P02582,Neurology,Stroke,Elective,11/12/2025,2025-11-14,Recovered,18594.05
A000508,P03818,Oncology,Lymphoma,Emergency,2024-03-22,2024-03-25,Recovered,29715.55
A004252,P01176,Neurology,Seizure Disorder,Urgent,2025-09-25,2025-10-01,Improved,30325.15
A002936,P01352,Oncology,Lung Cancer,Urgent,2025-03-20,2025-03-27,Improved,52500.49
A000729,P03515,Cardiology,Arrhythmia,Emergency,2024-04-25,2024-05-04,Recovered,51956.47
A003478,P00584,Pediatrics,Gastroenteritis,Elective,06/09/2025,2025-06-12,Improved,13753.98
A003469,P00656,Cardiology,Heart Failure,Urgent,2025-06-08,2025-06-13,Recovered,57083.04
A002010,P00774,Neurology,Stroke,Emergency,2024-11-01,2024-11-06,Recovered,46921.34
A002309,P01528,Pediatrics,Gastroenteritis,Emergency,2024-12-18,2024-12-25,Recovered,11217.83
A004218,P03148,Neurology,Multiple Sclerosis,Urgent,09/20/2025,2025-09-24,Improved,40849.21
A004346,P02849,Oncology,Lymphoma,Urgent,2025-10-12,2025-10-18,Recovered,51426.86
A003861,P01001,pulmonology ,Asthma,Urgent,2025-07-30,2025-08-06,Recovered,29784.8
A004579,P02455,General Medicine,Diabetes Complication,Elective,2025-11-18,2025-11-20,Improved,16447.35
A000683,P01710,Oncology,Lymphoma,Emergency,2024-04-17,2024-04-19,Recovered,26073.33
A003447,P00397,Pediatrics,Pediatric Asthma,Emergency,06/04/2025,2025-06-07,Recovered,11846.16
A001623,P01670,Neurology,Stroke,Emergency,2024-09-08,2024-09-12,Improved,47865.26
A003543,P00686,Oncology,Lymphoma,Emergency,2025-06-16,2025-06-22,Recovered,59811.95
A003298,P02420,General Medicine,Sepsis,Urgent,2025-05-12,2025-05-17,Recovered,16792.06
A002851,P03119,Pediatrics,Pediatric Asthma,Emergency,2025-03-07,2025-03-09,Recovered,7972.53
A002877,P03817,Pulmonology,COPD,Elective,03/11/2025,2025-03-14,Improved,
A002844,P00557,General Medicine,Kidney Infection,Urgent,2025-03-06,2025-03-10,Recovered,10188.13
A001278,P01328,Pediatrics,Pediatric Asthma,Emergency,2024-07-19,2024-07-21,Recovered,7993.71
A004397,P01174,Pediatrics,Bronchiolitis,Emergency,2025-10-20,2025-10-23,Improved,10155.07
A002331,P00275,General Medicine,Diabetes Complication,Emergency,2024-12-20,2024-12-22,Transferred,16433.56
A004139,P02100,Neurology,Stroke,Urgent,2025-09-06,2025-09-11,Recovered,34001.53
A000205,P01333,General Medicine,Diabetes Complication,Urgent,02/06/2024,2024-02-06,Improved,8715.49
A000222,P03313,Pulmonology,Asthma,Urgent,2024-02-08,2024-02-16,Improved,23580.27
A002053,P00136,Oncology,Lymphoma,Emergency,11/09/2024,2024-11-14,Recovered,57232.99
A001393,P03233,Oncology,Breast Cancer,Urgent,2024-08-04,2024-08-11,Improved,74418.11
A003526,P02700,Pediatrics,Pediatric Asthma,Emergency,2025-06-14,2025-06-15,Transferred,9885.25
A003189,P01132,Orthopedics,Spinal Disorder,Elective,04/26/2025,2025-04-27,Recovered,14841.81
A002339,P03784,Pulmonology,COPD,Emergency,2024-12-21,2024-12-23,Improved,16632.31
A001680,P02581,Cardiology,Myocardial Infarction,Emergency,2024-09-17,2024-09-25,Recovered,35384.18
A000463,P02129,Pediatrics,Pediatric Asthma,Emergency,2024-03-16,2024-03-19,Recovered,10786.08
A004847,P02256,Pulmonology,Pneumonia,Urgent,2025-12-24,2025-12-30,Improved,25330.24
A000561,P03452,Pediatrics,Pediatric Asthma,Emergency,2024-03-30,2024-04-04,Recovered,15036.6
A000217,P01902,General Medicine,Sepsis,Emergency,2024-02-07,2024-02-18,Recovered,22359.04
A003685,P03352,Neurology,Stroke,Emergency,07/05/2025,2025-07-07,Recovered,30931.36
A003624,P02088,General Medicine,Kidney Infection,Urgent,2025-06-27,2025-06-28,Recovered,12847.75
A001114,P02593,Neurology,Stroke,Emergency,2024-06-22,2024-07-01,Recovered,48732.63
A002817,P01306,Orthopedics,Joint Replacement,Elective,2025-03-02,2025-03-02,Recovered,15200.61
A000375,P01943,Oncology,Breast Cancer,Emergency,2024-03-03,2024-03-17,Deceased,69581.99
A000909,P02204,Cardiology,Heart Failure,Emergency,2024-05-23,2024-05-24,Transferred,23029.92
A003468,P03692,Orthopedics,Joint Replacement,Urgent,2025-06-08,2025-06-12,Recovered,25536.35
A004510,P02920,Cardiology,Heart Failure,Emergency,2025-11-07,2025-11-08,Recovered,22441.59
A000998,P00355,Oncology,Lung Cancer,Emergency,2024-06-03,2024-06-15,Recovered,70490.61
A004341,P01682,Pediatrics,Bronchiolitis,Emergency,10/11/2025,2025-10-12,Recovered,9078.47
A000614,P03727,Pediatrics,Pediatric Asthma,Emergency,2024-04-06,2024-04-07,Recovered,10875.58
A002766,P01295,Orthopedics,Hip Fracture,Emergency,02/21/2025,2025-03-02,Improved,59679.44
A002383,P02325,Cardiology,Myocardial Infarction,Emergency,2024-12-29,2024-12-31,Transferred,36959.87
A001522,P00835,Oncology,Lung Cancer,Urgent,2024-08-23,2024-08-30,Recovered,49128.01
A002110,P00375,General Medicine,Sepsis,Elective,2024-11-17,2024-11-24,Transferred,40822.3
A002583,P03795,Oncology,Lung Cancer,Urgent,01/28/2025,2025-02-05,Deceased,95069.44
A002810,P00245,general medicine,Sepsis,,2025-03-01,2025-03-08,Improved,18958.99
A001398,P01353,Pulmonology,Pneumonia,Urgent,2024-08-05,2024-08-17,Recovered,41446.81
A000166,P01215,Pediatrics,Gastroenteritis,Emergency,2024-01-29,2024-02-01,Recovered,6227.81
A001465,P02015,Pulmonology,Pneumonia,Emergency,2024-08-14,2024-08-17,Recovered,26287.77
A002026,P01354,Cardiology,Heart Failure,Emergency,2024-11-04,2024-11-06,Improved,30714.84
A002101,P01754,Pulmonology,COPD,Urgent,2024-11-16,2024-11-22,Recovered,42795.0
A002654,P03866,Orthopedics,Joint Replacement,Urgent,2025-02-07,2025-02-08,Recovered,20156.64
A000433,P00550,Oncology,Lymphoma,Urgent,2024-03-13,2024-03-16,Recovered,42495.06
A003730,P00536,Pediatrics,Pediatric Asthma,Urgent,2025-07-10,2025-07-13,Recovered,8397.21
A002434,P00432,Neurology,Stroke,Elective,2025-01-04,2025-01-08,Recovered,
A004463,P03965,Cardiology,Myocardial Infarction,Urgent,10/30/2025,2025-11-02,Recovered,26601.4
A001457,P02564,General Medicine,Sepsis,Urgent,08/12/2024,2024-08-14,Improved,12245.1
A001118,P00976,General Medicine,Diabetes Complication,Urgent,2024-06-23,2024-06-28,Recovered,19121.41
A001576,P02495,Pulmonology,Pneumonia,Emergency,2024-09-01,2024-09-03,Improved,21602.49
A003516,P03245,Pulmonology,Asthma,Urgent,2025-06-13,2025-06-21,Transferred,43779.36
A003930,P00048,Cardiology,Myocardial Infarction,Emergency,08/08/2025,2025-08-12,Recovered,19299.48
A002079,P01838,Oncology,Breast Cancer,Elective,2024-11-13,2024-11-26,Recovered,97450.48
A002475,P03061,Cardiology,Myocardial Infarction,Elective,2025-01-09,2025-01-18,Recovered,43346.16
A000462,P03805,Pediatrics,Bronchiolitis,Emergency,2024-03-16,2024-03-17,Recovered,7917.67
A001778,P03599,pulmonology ,Asthma,Urgent,2024-10-01,2024-10-07,Recovered,29031.16
A004430,P02237,Neurology,Multiple Sclerosis,Elective,2025-10-26,2025-10-30,Improved,40935.39
A004722,P00833,Cardiology,Arrhythmia,Elective,2025-12-09,2025-12-09,Recovered,18258.44
A002337,P00562,Pediatrics,Gastroenteritis,Emergency,2024-12-21,2024-12-24,Improved,12538.9
A000449,P03817,ortho,Hip Fracture,Urgent,03/15/2024,2024-03-27,Recovered,55008.51
A002655,P00038,General Medicine,Sepsis,Emergency,02/07/2025,2025-02-10,Recovered,13408.79
A000132,P02747,General Medicine,Kidney Infection,Emergency,2024-01-23,2024-01-25,Transferred,11574.31
A002698,P00497,Pediatrics,Gastroenteritis,Emergency,2025-02-13,2025-02-16,Improved,14459.93
A001955,P03887,Pediatrics,Bronchiolitis,Emergency,2024-10-25,2024-10-28,Improved,8263.78
A001008,P02010,General Medicine,Sepsis,Elective,2024-06-06,2024-06-08,Transferred,9962.37
A002099,P01729,Orthopedics,Spinal Disorder,Emergency,2024-11-15,2024-11-16,Recovered,15030.88
A003055,P00789,Neurology,Multiple Sclerosis,Emergency,2025-04-07,2025-04-11,Improved,30767.69
A000157,P03966,General Medicine,Diabetes Complication,Emergency,2024-01-28,,Recovered,16308.14
A000027,P02694,Neurology,Stroke,Urgent,2024-01-05,2024-01-11,Recovered,45604.91
A004162,P00815,Orthopedics,Hip Fracture,Emergency,2025-09-09,2025-09-16,Improved,35080.68
A000994,P01730,Pediatrics,Pediatric Asthma,Emergency,2024-06-03,2024-06-05,Improved,13943.11
A001322,P03280,Neurology,Multiple Sclerosis,Emergency,2024-07-24,2024-07-28,Improved,26971.65
A003325,P02354,General Medicine,Sepsis,Urgent,05/16/2025,2025-05-21,Transferred,14047.36
A003922,P03575,General Medicine,Kidney Infection,Elective,2025-08-07,2025-08-14,Improved,17196.43
A002823,P03142,General Medicine,Sepsis,Elective,2025-03-03,2025-03-06,Recovered,16658.01
A003994,P00267,Oncology,Breast Cancer,Emergency,2025-08-16,2025-08-29,Recovered,68470.36
A004893,P02239,General Medicine,Kidney Infection,Urgent,2025-12-31,2026-01-01,Improved,11289.78
A000773,P02164,Cardiology,Heart Failure,Emergency,2024-05-02,2024-05-08,Improved,51149.8
A003077,P03472,Cardiology,Heart Failure,Emergency,2025-04-10,2025-04-16,Transferred,33461.82
A004103,P02098,Cardiology,Arrhythmia,Emergency,2025-09-01,2025-09-09,Improved,40991.58
A002344,P00092,CARDIOLOGY,Heart Failure,Emergency,2024-12-22,2024-12-26,Recovered,
A000777,P00223,Orthopedics,Hip Fracture,Emergency,2024-05-02,2024-05-05,Recovered,32687.28
A001770,P00894,Orthopedics,Joint Replacement,Emergency,2024-09-29,2024-10-03,Recovered,32311.93
A003043,P01974, Cardiology ,Arrhythmia,Emergency,2025-04-05,2025-04-07,Recovered,27109.21
A000836,P00697,General Medicine,Kidney Infection,Urgent,2024-05-11,2024-05-19,Improved,31386.37
A001198,P01570,Neurology,Multiple Sclerosis,Emergency,2024-07-06,2024-07-11,Recovered,36859.96
A004882,P01135,Neurology,Seizure Disorder,Elective,12/29/2025,2026-01-06,Recovered,35473.21
A003691,P03473,Oncology,Breast Cancer,Emergency,2025-07-06,2025-07-13,Improved,38599.62
A000829,P03445,Pulmonology,Pneumonia,Elective,2024-05-09,2024-05-13,Improved,23166.71
A001431,P00306,Pediatrics,Bronchiolitis,Urgent,2024-08-10,2024-08-13,Improved,9703.74
A001010,P01983,Pediatrics,Bronchiolitis,Emergency,2024-06-06,2024-06-07,Transferred,7509.24
A000601,P01874,General Medicine,Diabetes Complication,Urgent,2024-04-05,2024-04-12,Recovered,14763.34
A000003,P02437,Neurology,Multiple Sclerosis,Emergency,01/01/2024,2024-01-10,Recovered,53792.25
A004708,P02583,Oncology,Lung Cancer,Emergency,2025-12-07,2025-12-09,Recovered,28005.06
A002798,P00264,General Medicine,Diabetes Complication,Urgent,02/27/2025,2025-03-05,Recovered,18598.26
A002245,P02763,Pulmonology,Asthma,Elective,2024-12-07,,Improved,18326.1
A001424,P03458,Pediatrics,Pediatric Asthma,Emergency,2024-08-09,2024-08-14,Improved,13962.28
A003027,P02484,General Medicine,Sepsis,Elective,2025-04-03,2025-04-08,Recovered,17789.98
A003840,P00852,Cardiology,Arrhythmia,Emergency,2025-07-26,2025-07-27,Improved,18844.95
A002469,P01105,General Medicine,Kidney Infection,Urgent,2025-01-09,2025-01-13,Improved,19677.99
A004716,P03558,Pulmonology,Pneumonia,Emergency,12/08/2025,2025-12-12,Recovered,25929.55
A001450,P00386,Pediatrics,Pediatric Asthma,Emergency,2024-08-12,2024-08-14,Improved,14479.69
A001332,P00672,Cardiology,Arrhythmia,Emergency,2024-07-26,2024-08-02,Improved,43093.6
A001824,P00389,General  Medicine,Kidney Infection,Emergency,10/08/2024,2024-10-14,Recovered,15711.77
A003521,P03176,Oncology,Breast Cancer,Urgent,2025-06-13,2025-06-23,Transferred,79474.89
A000850,P00683,Neurology,Seizure Disorder,Elective,2024-05-14,2024-05-16,Recovered,24997.51
A002719,P03405,Oncology,Lung Cancer,Urgent,2025-02-16,2025-02-17,Improved,38406.32
A002815,P01450,Pediatrics,Bronchiolitis,Emergency,2025-03-02,2025-03-06,Improved,7209.7
A001872,P03018,Cardiology,Myocardial Infarction,Emergency,2024-10-15,2024-10-18,Recovered,30509.33
A000326,P00991,Orthopedics,Joint Replacement,Emergency,02/24/2024,2024-03-03,Recovered,25501.15
A000645,P02059,General Medicine,Sepsis,Urgent,2024-04-10,2024-04-11,Improved,16072.32
A004741,P01392,Neurology,Seizure Disorder,Elective,12/11/2025,2025-12-14,Transferred,44565.64
A004028,P00282,Neurology,Stroke,Urgent,2025-08-21,2025-08-31,Recovered,46331.64
A001245,P01958,Orthopedics,Joint Replacement,Urgent,07/13/2024,2024-07-15,Improved,25015.51
A003766,P00448,Orthopedics,Spinal Disorder,Emergency,2025-07-15,2025-07-19,Improved,52490.72
A003032,P00884,Pediatrics,Pediatric Asthma,Urgent,2025-04-03,2025-04-07,Recovered,11733.27
A001172,P02808,Oncology,Breast Cancer,Urgent,2024-07-03,2024-07-09,Recovered,46323.17
A004156,P00875,Oncology,Breast Cancer,Emergency,09/08/2025,2025-09-29,Transferred,149558.63
A001947,P01525,General Medicine,Diabetes Complication,Emergency,2024-10-23,2024-10-25,Recovered,20117.0
A004622,P01640,Oncology,Breast Cancer,Emergency,2025-11-23,2025-11-30,Deceased,55709.72
A002455,P03565,General Medicine,Kidney Infection,Emergency,2025-01-07,2025-01-08,Improved,7228.8
A004166,P00272,Pediatrics,Pediatric Asthma,Emergency,2025-09-11,,Recovered,15168.39
A004487,P03478,Orthopedics,Hip Fracture,Elective,2025-11-04,2025-11-08,Recovered,25679.94
A002713,P01400,Oncology,Lung Cancer,Emergency,2025-02-15,2025-02-19,Recovered,30175.51
A004709,P01033,Orthopedics,Joint Replacement,Emergency,2025-12-07,2025-12-12,Recovered,35994.61
A003100,P01139,General Medicine,Sepsis,Emergency,2025-04-14,2025-04-22,Recovered,27398.62
A000418,P01238,Pediatrics,Gastroenteritis,Emergency,2024-03-11,2024-03-12,Recovered,7884.8
A003857,P00273,Pediatrics,Bronchiolitis,Urgent,2025-07-30,2025-08-01,Improved,9685.0
A004529,P00960,Oncology,Lung Cancer,Emergency,2025-11-10,2025-11-17,Improved,83918.1
A002356,P01216,Pediatrics,Pediatric Asthma,Emergency,2024-12-23,2024-12-30,Recovered,12527.28
A002756,P01813,Pulmonology,Pneumonia,Elective,2025-02-20,2025-02-25,Recovered,35732.22
A002484,P03244,Oncology,Lung Cancer,Elective,01/10/2025,2025-01-11,Recovered,21409.75
A002973,P02372,Pulmonology,COPD,Urgent,2025-03-25,2025-03-29,Improved,27812.53
A003894,P02622,Oncology,Lung Cancer,Elective,2025-08-04,2025-08-17,Recovered,70287.36
A000742,P03636,General Medicine,Diabetes Complication,Emergency,2024-04-27,2024-04-30,Recovered,13538.83
A003819,P01830,Cardiology,Heart Failure,Emergency,2025-07-23,2025-07-28,Recovered,39397.56
A004327,P03391,General Medicine,Kidney Infection,Emergency,10/09/2025,2025-10-12,Recovered,15055.82
A003866,P03782,General Medicine,Sepsis,Emergency,2025-07-31,2025-08-02,Recovered,13301.73
A003878,P00123,General Medicine,Sepsis,Urgent,2025-08-02,2025-08-06,Transferred,10632.57
A001899,P02921,General Medicine,Diabetes Complication,Emergency,2024-10-18,2024-10-20,Recovered,11933.51
A002542,P02904,Orthopedics,Hip Fracture,Emergency,2025-01-20,2025-01-26,Improved,60708.9
A001209,P03859,Cardiology,Myocardial Infarction,Elective,2024-07-08,2024-07-13,Recovered,49094.32
A004710,P01057,Pulmonology,COPD,Emergency,2025-12-07,2025-12-10,Improved,11728.36
A004878,P02505,Pediatrics,Bronchiolitis,Urgent,2025-12-28,,Deceased,9451.57
A002231,P01313,Neurology,Seizure Disorder,Emergency,2024-12-04,2024-12-08,Improved,37251.0
A001490,P03858,Pediatrics,Pediatric Asthma,Elective,2024-08-17,2024-08-19,Improved,8779.83
A003734,P00079,General Medicine,Sepsis,Emergency,2025-07-10,2025-07-15,Improved,28230.06
A004528,P01459,Cardiology,Heart Failure,Emergency,2025-11-10,2025-11-15,Recovered,32826.4
A002723,P00713,General Medicine,Sepsis,Emergency,2025-02-16,2025-02-18,Recovered,11643.08
A004866,P02861,General Medicine,Sepsis,Urgent,2025-12-27,2025-12-27,Improved,5619.48
A000374,P00668,Neurology,Stroke,Emergency,2024-03-02,2024-03-10,Improved,79285.82
A001809,P02279,Neurology,Multiple Sclerosis,Urgent,10/06/2024,2024-10-07,Recovered,25643.75
A002232,P00273,Pediatrics,Pediatric Asthma,Elective,2024-12-05,2024-12-09,Improved,12394.57
A002198,P01870,Neurology,Stroke,Emergency,2024-11-30,2024-12-06,Improved,42005.02
A000394,P00545,Cardiology,Arrhythmia,Urgent,2024-03-07,2024-03-09,Recovered,20782.2
A004072,P00396,Pulmonology,Pneumonia,Elective,2025-08-28,2025-08-29,Recovered,17194.58
A000058,P00607,Oncology,Lymphoma,Emergency,2024-01-11,2024-01-12,Transferred,29077.26
A002544,P00158,Orthopedics,Joint Replacement,Emergency,2025-01-21,2025-01-25,Recovered,35122.2
A002994,P01097,Pulmonology,Pneumonia,Urgent,2025-03-28,2025-04-01,Improved,20296.32
A004601,P02451,Orthopedics,Joint Replacement,Emergency,2025-11-20,2025-11-25,Recovered,
A001470,P01853,General Medicine,Sepsis,Emergency,2024-08-15,2024-08-16,Transferred,7558.9
A002433,P03015,Oncology,Lung Cancer,Elective,2025-01-04,2025-01-06,Improved,26890.01
A002382,P02624,Neurology,Stroke,Elective,2024-12-28,2025-01-03,Recovered,65886.67
A002625,P03842,Orthopedics,Hip Fracture,Emergency,2025-02-03,2025-02-05,Recovered,25130.42
A001414,P01082,General Medicine,Kidney Infection,Emergency,2024-08-07,2024-08-08,Recovered,12195.58
A003108,P02510,Pediatrics,Gastroenteritis,Elective,2025-04-15,2025-04-18,Improved,8576.23
A001042,P01710,Oncology,Lymphoma,,06/11/2024,2024-06-14,Recovered,24472.72
A002119,P00104,Pediatrics,Pediatric Asthma,Emergency,2024-11-17,,Recovered,10932.92
A002550,P01374,general medicine,Kidney Infection,Emergency,2025-01-22,2025-01-25,Transferred,8046.77
A001224,P02289,Oncology,Lung Cancer,Urgent,2024-07-10,2024-07-14,Recovered,51844.04
A000604,P01699,Pulmonology,Asthma,Emergency,2024-04-05,2024-04-06,Recovered,15937.59
A001047,P02858,Oncology,Breast Cancer,Emergency,2024-06-12,2024-06-18,Recovered,47675.92
A001840,P03657,Oncology,Lymphoma,Emergency,2024-10-10,2024-10-21,Recovered,77793.49
A004635,P02383,Cardiology,Arrhythmia,Emergency,2025-11-25,2025-12-02,Improved,48251.96
A004656,P00192,Oncology,Breast Cancer,Emergency,2025-11-28,2025-12-01,Improved,43675.93
A001358,P01596,Pediatrics,Pediatric Asthma,Emergency,2024-07-29,2024-07-30,Recovered,5904.86
A004873,P02729,Cardiology,Arrhythmia,Emergency,2025-12-27,2025-12-30,Recovered,33474.66
A001931,P02283,Pulmonology,Asthma,Emergency,2024-10-21,2024-10-23,Recovered,29009.31
A002825,P03241,Pulmonology,Pneumonia,Emergency,2025-03-03,2025-03-08,Recovered,24380.74
A001370,P03593,Orthopedics,Joint Replacement,Emergency,2024-08-01,2024-08-07,Recovered,41006.95
A003134,P03444,Cardiology,Myocardial Infarction,Emergency,2025-04-20,2025-04-24,Improved,41913.41
A001040,P02035,Oncology,Lung Cancer,Emergency,2024-06-11,2024-06-20,Recovered,89441.97
A001032,P03295,Pulmonology,Asthma,Emergency,06/10/2024,2024-06-16,Improved,31363.52
A002982,P03931,Neurology,Multiple Sclerosis,Emergency,2025-03-26,2025-03-29,Recovered,30948.55
A001016,P01584,Cardiology,Arrhythmia,Emergency,06/07/2024,2024-06-14,Recovered,26863.56
A004615,P00060,Oncology,Lung Cancer,Emergency,2025-11-22,2025-11-26,Recovered,42794.65
A003412,P01547,pulmonology ,Pneumonia,Emergency,2025-05-29,2025-06-02,Recovered,21388.57
A001927,P00551,Oncology,Lymphoma,Elective,2024-10-20,2024-10-30,Recovered,40046.84
A003823,P00122,General Medicine,Kidney Infection,Emergency,07/24/2025,2025-07-28,Recovered,17614.41
A001540,P03049,Pediatrics,Bronchiolitis,Urgent,2024-08-25,2024-08-28,Improved,12498.41
A000533,P01701,Cardiology,Heart Failure,Urgent,2024-03-26,2024-04-11,Improved,74771.79
A004872,P03272,General Medicine,Diabetes Complication,Urgent,2025-12-27,2025-12-28,Recovered,9626.19
A002180,P03933,Cardiology,Heart Failure,Emergency,2024-11-27,2024-11-30,Recovered,31681.48
A002935,P00433,Oncology,Breast Cancer,Emergency,2025-03-20,2025-03-25,Improved,56334.71
A002836,P03235,general medicine,Kidney Infection,Urgent,2025-03-04,2025-03-08,Recovered,15164.11
A001709,P02218,Orthopedics,Hip Fracture,Elective,2024-09-20,2024-09-21,Transferred,22732.71
A003219,P00584,Pediatrics,Gastroenteritis,Emergency,2025-04-30,2025-05-03,Recovered,8986.19
A002803,P03717,General Medicine,Sepsis,Urgent,02/28/2025,2025-03-03,Recovered,13943.21
A000658,P01315,Pulmonology,Pneumonia,Emergency,2024-04-13,2024-04-16,Recovered,38486.41
A004433,P03940,General Medicine,Kidney Infection,Urgent,2025-10-27,2025-10-30,Improved,12200.6
A001169,P03826,Orthopedics,Hip Fracture,Elective,2024-07-03,2024-07-18,Improved,80156.62
A000882,P03397,Cardiology,Heart Failure,Urgent,2024-05-19,2024-05-21,Recovered,33499.02
A004664,P00602,Cardiology,Heart Failure,Elective,2025-11-29,2025-12-05,Recovered,40768.89
A000421,P00647,general medicine,Kidney Infection,Elective,2024-03-11,2024-03-15,Recovered,15652.35
A003958,P01254,Oncology,Lymphoma,Urgent,2025-08-11,2025-08-16,Recovered,33429.14
A004263,P01795,Neurology,Seizure Disorder,Emergency,09/28/2025,2025-10-05,Improved,44901.51
A001833,P01115,General Medicine,Diabetes Complication,Urgent,2024-10-09,2024-10-17,Recovered,24434.5
A003045,P00556,Gen Med,Kidney Infection,Emergency,2025-04-05,2025-04-13,Recovered,22752.18
A001464,P00600,pulmonology ,Pneumonia,Emergency,2024-08-14,2024-08-20,Transferred,22298.73
A004885,P03713,Neurology,Seizure Disorder,Emergency,2025-12-30,2026-01-02,Recovered,30855.37
A002748,P00076,Pulmonology,Asthma,Urgent,2025-02-19,2025-02-20,Improved,13126.45
A003669,P01000,Pulmonology,COPD,Urgent,2025-07-03,2025-07-07,Transferred,11337.37
A000458,P01005,Pediatrics,Pediatric Asthma,Urgent,2024-03-16,2024-03-19,Improved,10778.68
A002967,P02601,Cardiology,Heart Failure,Urgent,2025-03-24,2025-03-27,Recovered,44271.57
A001411,P02624,Orthopedics,Joint Replacement,Emergency,2024-08-06,2024-08-10,Transferred,15968.96
A002360,P03023,Orthopaedics,Hip Fracture,Emergency,2024-12-24,2024-12-25,Recovered,18264.91
A000641,P00620,Pediatrics,Bronchiolitis,Emergency,2024-04-09,2024-04-12,Transferred,8229.29
A004833,P00859,Cardiology,Myocardial Infarction,Elective,2025-12-21,2025-12-28,Recovered,37410.3
A002496,P01059,Pulmonology,Pneumonia,Emergency,2025-01-13,2025-01-17,Transferred,19761.0
A002646,P00231,General Medicine,Sepsis,Elective,2025-02-07,2025-02-10,Recovered,8770.21
A002648,P03281,Pediatrics,Gastroenteritis,Elective,2025-02-07,2025-02-13,Recovered,13920.27
A000875,P03049,Pediatrics,Gastroenteritis,Emergency,2024-05-18,2024-05-24,Improved,12045.5
A001595,P00973,Orthopaedics,Joint Replacement,Emergency,2024-09-04,2024-09-11,Improved,55491.95
A000329,P03859,General Medicine,Sepsis,Urgent,2024-02-25,2024-02-26,Transferred,13086.9
A001378,P01842,Pediatrics,Gastroenteritis,Urgent,2024-08-02,2024-08-03,Transferred,10589.69
A003417,P02169,General Medicine,Sepsis,Emergency,2025-05-29,2025-06-02,Recovered,
A001504,P01287,Oncology,Lung Cancer,Elective,2024-08-20,2024-08-31,Improved,81598.68
A001950,P01238,Pediatrics,Gastroenteritis,Emergency,10/24/2024,2024-10-26,Transferred,6753.68
A001773,P00371,Gen Med,Kidney Infection,Emergency,2024-09-30,2024-10-04,Recovered,13927.21
A001715,P02338,Neurology,Stroke,Emergency,2024-09-21,2024-10-07,Improved,115077.03
A002074,P03838,Cardiology,Arrhythmia,Emergency,2024-11-12,2024-11-19,Recovered,36404.22
A003485,P03715,General Medicine,Diabetes Complication,Emergency,2025-06-10,,Recovered,23417.18
A001134,P00070,Pulmonology,Asthma,Elective,2024-06-27,2024-07-02,Recovered,24185.67
A001132,P02240,Cardiology,Arrhythmia,Emergency,2024-06-26,2024-07-06,Improved,50947.51
A000030,P02894,Orthopedics,Hip Fracture,Emergency,2024-01-05,2024-01-08,Recovered,23810.83
A004381,P03965,Cardiology,Heart Failure,Emergency,2025-10-17,2025-10-25,Recovered,39946.3
A004221,P00071,Gen Med,Sepsis,Emergency,2025-09-20,2025-09-26,Recovered,17403.53
A001888,P00574,Pediatrics,Pediatric Asthma,Emergency,10/17/2024,2024-10-20,Recovered,5407.59
A000863,P03267,Pulmonology,Pneumonia,Emergency,05/16/2024,2024-05-21,Recovered,20453.32
A000244,P00623,Pediatrics,Gastroenteritis,Emergency,2024-02-12,2024-02-14,Recovered,6558.14
A003424,P00945,Pediatrics,Gastroenteritis,Urgent,2025-05-30,2025-05-30,Recovered,8124.99
A001158,P01209,cardiology,Heart Failure,Emergency,2024-07-01,2024-07-02,Recovered,36868.02
A000767,P02767,General Medicine,Kidney Infection,Emergency,05/01/2024,2024-05-02,Improved,9762.94
A002235,P01041,Neurology,Multiple Sclerosis,Emergency,2024-12-05,2024-12-07,Recovered,35060.29
A004086,P03145,General Medicine,Sepsis,Urgent,2025-08-29,2025-09-03,Recovered,20793.85
A000376,P02414,Pulmonology,Asthma,Urgent,2024-03-03,2024-03-05,Recovered,14133.35
A003955,P03090,General Medicine,Sepsis,Emergency,2025-08-11,2025-08-17,Recovered,17324.32
A000223,P01614,Oncology,Breast Cancer,Elective,2024-02-08,,Recovered,25604.43
A001408,P03279,General Medicine,Sepsis,Emergency,08/06/2024,2024-08-08,Improved,11798.13
A002279,P00156,Oncology,Breast Cancer,Elective,2024-12-13,2024-12-14,Improved,26080.68
A000872,P00915,General Medicine,Sepsis,Urgent,2024-05-18,2024-05-23,Improved,17319.61
A003006,P00610,Cardiology,Heart Failure,Emergency,03/31/2025,2025-04-07,Recovered,61030.61
A001017,P03811,General Medicine,Sepsis,Emergency,2024-06-07,2024-06-08,Recovered,11118.1
A000619,P01316,Cardiology,Heart Failure,Emergency,2024-04-06,2024-04-11,Recovered,43295.32
A000709,P03397,Cardiology,Arrhythmia,Elective,04/22/2024,2024-04-27,Recovered,50715.5
A000751,P01527,Pulmonology,COPD,Elective,2024-04-28,2024-05-04,Improved,28790.0
A000098,P03564,Cardiology,Heart Failure,Emergency,2024-01-17,2024-01-20,Recovered,23223.34
A000790,P03732,Pulmonology,Pneumonia,Urgent,2024-05-04,2024-05-09,Improved,34229.81
A003111,P00150,Pediatrics,Pediatric Asthma,Urgent,2025-04-16,2025-04-19,Recovered,11356.65
A000726,P01808,Cardiology,Heart Failure,Emergency,2024-04-25,2024-04-27,Improved,28828.6
A002638,P03508,Orthopedics,Hip Fracture,Urgent,2025-02-05,2025-02-06,Improved,26814.72
A001036,P00163,Oncology,Breast Cancer,Emergency,2024-06-11,2024-06-15,Transferred,37148.43
A004641,P01995,Oncology,Lung Cancer,Urgent,2025-11-26,2025-12-01,Recovered,38975.67
A004719,P01712,Cardiology,Arrhythmia,Emergency,12/08/2025,2025-12-19,Recovered,60604.88
A003806,P00217,Pediatrics,Pediatric Asthma,Urgent,2025-07-21,2025-07-24,Recovered,11671.95
A004754,P02960,General Medicine,Kidney Infection,Emergency,2025-12-13,2025-12-16,Recovered,12623.56
A002429,P02561,Gen Med,Kidney Infection,Emergency,2025-01-04,2025-01-06,Improved,14061.16
A004721,P00766,Oncology,Lymphoma,Urgent,12/09/2025,2025-12-15,Recovered,56060.95
A000728,P03496,Neurology,Stroke,Emergency,2024-04-25,2024-05-02,Recovered,40076.09
A001577,P01624,Pediatrics,Gastroenteritis,Urgent,2024-09-02,2024-09-03,Recovered,5866.28
A001196,P03298,Cardiology,Myocardial Infarction,Elective,2024-07-06,2024-07-09,Improved,20502.87
A000991,P02871,Pulmonology,Asthma,Emergency,2024-06-02,2024-06-11,Recovered,
A004714,P03849,Cardiology,Myocardial Infarction,Urgent,2025-12-08,2025-12-10,Recovered,24769.02
A003188,P03065,General Medicine,Sepsis,Emergency,2025-04-26,2025-04-29,Recovered,11639.51
A002019,P01283,Cardiology,Arrhythmia,Emergency,2024-11-04,2024-11-07,Recovered,31522.48
A004272,P00488,Neurology,Seizure Disorder,Elective,09/30/2025,2025-10-04,Recovered,32453.43
A001838,P03130,Cardiology,Arrhythmia,Emergency,2024-10-10,2024-10-11,Improved,27566.4
A003408,P02091,Cardiology,Arrhythmia,Elective,2025-05-28,2025-06-03,Recovered,27053.55
A002526,P00129,General Medicine,Kidney Infection,Urgent,2025-01-18,2025-01-19,Recovered,18278.59
A000355,P03727,Pediatrics,Bronchiolitis,Urgent,2024-02-29,2024-03-02,Improved,11468.8
A000952,P03173,General Medicine,Kidney Infection,Elective,2024-05-29,2024-06-02,Recovered,15032.49
A001930,P02617,Cardiology,Heart Failure,Urgent,2024-10-21,2024-10-26,Recovered,45039.87
A002028,P01980,General Medicine,Kidney Infection,Emergency,2024-11-05,2024-11-06,Recovered,13749.17
A004150,P00777,Oncology,Lymphoma,Urgent,09/08/2025,2025-09-20,Recovered,76942.44
A004764,P02975,Pediatrics,Gastroenteritis,Emergency,2025-12-14,2025-12-15,Recovered,7859.59
A003767,P00240,Cardiology,Myocardial Infarction,Emergency,2025-07-15,2025-07-16,Recovered,18700.57
A003617,P00516,Pediatrics,Bronchiolitis,Elective,06/26/2025,2025-07-01,Recovered,12405.25
A002460,P02260,Cardiology,Arrhythmia,Elective,2025-01-08,2025-01-13,Deceased,32139.26
A001801,P00187,Pediatrics,Pediatric Asthma,Elective,2024-10-05,2024-10-08,Recovered,10941.14
A000134,P00926,Cardiology,Heart Failure,Urgent,2024-01-24,2024-02-01,Recovered,85895.16
A004025,P03915,Pulmonology,COPD,Emergency,2025-08-21,2025-08-29,Recovered,36219.98
A001707,P02129,Pediatrics,Bronchiolitis,Emergency,2024-09-20,2024-09-22,Recovered,13545.24
A001173,P03021,General Medicine,Kidney Infection,Urgent,07/03/2024,2024-07-05,Improved,13240.84
A001201,P02448,Cardiology,Myocardial Infarction,Urgent,2024-07-06,2024-07-09,Recovered,26479.12
A002658,P00557,General Medicine,Sepsis,Urgent,2025-02-08,2025-02-13,Improved,19234.57
A004606,P03589,Neurology,Stroke,Elective,2025-11-20,2025-11-26,Improved,26523.31
A002514,P02289,Cardiology,Arrhythmia,Elective,2025-01-16,2025-01-20,Recovered,37374.2
A001502,P03563,Neurology,Seizure Disorder,Elective,2024-08-19,2024-08-21,Improved,33299.59
A004747,P00507,Oncology,Breast Cancer,Emergency,2025-12-13,2025-12-20,Recovered,75125.86
A001287,P03044,Orthopedics,Hip Fracture,Elective,2024-07-20,2024-07-26,Recovered,44641.75
A002449,P02631,Cardiology,Myocardial Infarction,Elective,2025-01-06,2025-01-09,Recovered,23050.7
A000708,P02728,Pediatrics,Gastroenteritis,Urgent,2024-04-22,2024-04-27,Recovered,15636.72
A001678,P02556,Pediatrics,Bronchiolitis,Emergency,2024-09-17,2024-09-20,Recovered,8954.62
A000985,P03413,pulmonology ,COPD,Elective,2024-06-01,2024-06-12,Transferred,52305.48
A001886,P02663,Pediatrics,Gastroenteritis,Emergency,10/17/2024,2024-10-18,Transferred,9835.82
A001400,P00964,General Medicine,Sepsis,Elective,2024-08-05,2024-08-08,Recovered,10167.89
A002574,P03971,Oncology,Lymphoma,Emergency,2025-01-26,2025-01-27,Transferred,28846.02
A002718,P03560,Cardiology,Heart Failure,Urgent,2025-02-15,2025-02-19,Recovered,23996.35
A004861,P01302,General Medicine,Diabetes Complication,Elective,12/26/2025,2025-12-29,Improved,18157.61
A003902,P03909,pulmonology ,Pneumonia,Emergency,2025-08-04,2025-08-08,Recovered,18465.62
A003322,P03854,General Medicine,Diabetes Complication,Elective,2025-05-15,2025-05-18,Recovered,13297.5
A002899,P03158,Neurology,Seizure Disorder,Emergency,2025-03-14,2025-03-21,Transferred,40295.31
A003173,P02891,Pediatrics,Bronchiolitis,Emergency,2025-04-24,2025-04-25,Recovered,9688.46
A003538,P00869,Cardiology,Arrhythmia,Elective,2025-06-16,2025-06-24,Recovered,58145.81
A001817,P03670,Orthopedics,Hip Fracture,Elective,2024-10-07,2024-10-14,Recovered,36824.34
A003810,P02704,Oncology,Lung Cancer,Emergency,07/22/2025,2025-08-09,Improved,152703.01
A000796,P03509,Pediatrics,Pediatric Asthma,Urgent,2024-05-05,2024-05-10,Transferred,15963.77
A000535,P00053,Orthopedics,Hip Fracture,Emergency,2024-03-27,2024-04-01,Improved,31370.28
A000045,P02447,General Medicine,Kidney Infection,Emergency,2024-01-08,2024-01-10,Recovered,12053.72
A004569,P01134,Pulmonology,Asthma,Emergency,2025-11-16,2025-11-18,Transferred,19189.58
A004567,P00962,Pulmonology,Asthma,Emergency,2025-11-16,2025-11-18,Deceased,21668.92
A004886,P01948,Oncology,Lung Cancer,Elective,12/30/2025,2026-01-08,Recovered,87165.36
A002480,P00224,Cardiology,Myocardial Infarction,Emergency,2025-01-10,2025-01-16,Recovered,41289.23
A004751,P02988,Neurology,Stroke,Elective,2025-12-13,2025-12-22,Recovered,42724.66
A000695,P00935, Cardiology ,Heart Failure,Emergency,2024-04-20,2024-04-27,Improved,36133.45
A001693,P00414,Pediatrics,Pediatric Asthma,Elective,2024-09-19,2024-09-21,Recovered,7397.38
A004746,P00321,Orthopedics,Joint Replacement,Emergency,2025-12-12,2025-12-14,Recovered,14529.41
A002310,P02222,Pediatrics,Pediatric Asthma,Emergency,2024-12-18,2024-12-23,Improved,11801.24
A000016,P02049,Orthopedics,Joint Replacement,Elective,01/03/2024,2024-01-08,Recovered,32144.99
A003269,P02829,Oncology,Lung Cancer,Elective,2025-05-07,2025-05-17,Recovered,67103.93
A001937,P02907,Pulmonology,COPD,Emergency,2024-10-22,2024-10-28,Improved,24532.18
A002501,P02219,Cardiology,Arrhythmia,Emergency,2025-01-14,2025-01-18,Transferred,39716.18
A003303,P01769,Pediatrics,Pediatric Asthma,Elective,2025-05-13,2025-05-17,Recovered,14340.62
A003975,P00834,Pediatrics,Gastroenteritis,Elective,2025-08-13,2025-08-13,Recovered,6308.81
A003334,P01330,General Medicine,Diabetes Complication,Emergency,2025-05-17,2025-05-19,Recovered,
A003628,P00010,Pediatrics,Gastroenteritis,Emergency,2025-06-28,2025-06-30,Recovered,10617.21
A001444,P00515,General Medicine,Kidney Infection,Emergency,2024-08-11,2024-08-20,Recovered,34987.17
A002760,P00260,Cardiology,Myocardial Infarction,Emergency,2025-02-20,2025-02-21,Improved,20193.21
A004766,P02523,Gen Med,Diabetes Complication,Emergency,2025-12-14,2025-12-17,Recovered,21566.29
A000894,P02054,General Medicine,Kidney Infection,Emergency,2024-05-20,2024-06-04,Recovered,26489.25
A000204,P03194,General Medicine,Kidney Infection,Urgent,2024-02-06,2024-02-11,Improved,18531.12
A004563,P03760,Cardiology,Arrhythmia,Elective,2025-11-16,2025-11-17,Recovered,24546.47
A001335,P03511,Orthopedics,Hip Fracture,Elective,07/26/2024,2024-07-29,Recovered,31429.17
A001925,P00675,General Medicine,Diabetes Complication,Emergency,2024-10-20,2024-10-24,Transferred,17778.61
A000980,P03917,Pediatrics,Bronchiolitis,Emergency,2024-06-01,2024-06-04,Transferred,7071.24
A004228,P03441,Pulmonology,Pneumonia,Elective,2025-09-21,2025-10-03,Recovered,41647.77
A004409,P03723,Cardiology,Heart Failure,Emergency,2025-10-21,2025-10-26,Improved,42956.75
A000395,P02439,Cardiology,Myocardial Infarction,Urgent,2024-03-07,2024-03-10,Improved,41430.18
A003896,P00887,Pediatrics,Pediatric Asthma,Emergency,2025-08-04,2025-08-06,Recovered,6452.61
A003129,P03901,Pulmonology,COPD,Emergency,2025-04-19,2025-05-06,Improved,58577.52
A004851,P03999,General Medicine,Kidney Infection,Emergency,2025-12-25,2025-12-30,Recovered,13201.24
A003143,P01324,Pulmonology,COPD,Elective,2025-04-20,2025-04-24,Recovered,22950.37
A001155,P03330,Cardiology,Heart Failure,Emergency,2024-06-30,2024-07-08,Recovered,58100.09
A000974,P02426,Cardiology,Myocardial Infarction,Emergency,2024-05-31,2024-06-04,Recovered,32505.55
A000116,P00757,Neurology,Multiple Sclerosis,Emergency,2024-01-20,2024-01-23,Recovered,38483.38
A003923,P01677,Pediatrics,Pediatric Asthma,Elective,2025-08-07,2025-08-09,Recovered,9003.06
A004039,P02407,General Medicine,Kidney Infection,Urgent,2025-08-23,2025-08-30,Transferred,29599.67
A003833,P01156,Neurology,Seizure Disorder,Elective,2025-07-26,2025-07-29,Improved,29810.89
A004095,P00568,General Medicine,Diabetes Complication,Emergency,2025-08-31,2025-09-05,Recovered,25102.8
A001256,P00748,Neurology,Multiple Sclerosis,Urgent,2024-07-15,2024-07-21,Improved,49937.7
A003499,P03421,General Medicine,Kidney Infection,Urgent,06/12/2025,2025-06-17,Recovered,22077.62
A004705,P03222,Orthopedics,Joint Replacement,Elective,2025-12-06,2025-12-13,Transferred,49662.01
A002933,P00572,Pulmonology,Pneumonia,Urgent,2025-03-20,2025-03-26,Recovered,22032.72
A002667,P02314,Pediatrics,Gastroenteritis,Urgent,2025-02-10,2025-02-13,Recovered,9883.93
A001743,P01180,Pediatrics,Bronchiolitis,Emergency,2024-09-25,2024-09-29,Improved,12083.98
A001576,P02495,Pulmonology,Pneumonia,Emergency,2024-09-01,2024-09-03,Improved,21602.49
A002483,P02386,General Medicine,Kidney Infection,Emergency,2025-01-10,2025-01-17,Improved,25201.52
A002512,P02989,Neurology,Seizure Disorder,Emergency,2025-01-15,2025-01-17,Recovered,33940.5
A004403,P03953,General Medicine,Sepsis,Emergency,2025-10-21,2025-10-24,Improved,11234.94
A004460,P03893,Oncology,Lymphoma,,2025-10-30,2025-11-05,Recovered,44034.12
A002090,P03204,Pediatrics,Pediatric Asthma,Emergency,2024-11-15,2024-11-16,Recovered,5173.7
A002374,P02968,Cardiology,Myocardial Infarction,Emergency,2024-12-26,2024-12-27,Improved,18817.65
A004613,P01571,Pediatrics,Bronchiolitis,Emergency,11/22/2025,2025-11-25,Recovered,12492.97
A000363,P01225,General Medicine,Sepsis,Emergency,03/01/2024,2024-03-06,Improved,13686.38
A001397,P03242,Oncology,Breast Cancer,Elective,08/04/2024,2024-08-07,Transferred,50229.21
A004351,P02207,Pediatrics,Bronchiolitis,Emergency,2025-10-13,2025-10-15,Improved,14478.37
A001031,P00207,Cardiology,Myocardial Infarction,Urgent,2024-06-09,2024-06-24,Recovered,70736.91
A000103,P00447,Oncology,Lung Cancer,Emergency,2024-01-18,2024-01-20,Recovered,41638.16
A000039,P03598,Cardiology,Heart Failure,Elective,2024-01-07,2024-01-09,Improved,40240.53
A002476,P03083,Oncology,Lymphoma,Urgent,2025-01-09,2025-01-16,Recovered,59110.25
A000431,P03351,Pediatrics,Gastroenteritis,Emergency,2024-03-13,2024-03-15,Recovered,11581.35
A001614,P00150,Pediatrics,Gastroenteritis,Emergency,2024-09-07,2024-09-12,Recovered,16895.43
A002302,P00362,General Medicine,Sepsis,Urgent,2024-12-16,2024-12-19,Recovered,10722.04
A004110,P03498,Oncology,Breast Cancer,Elective,2025-09-02,2025-09-23,Recovered,138353.2
A004876,P00845,Pediatrics,Pediatric Asthma,Elective,2025-12-28,2026-01-04,Recovered,15203.3
A000657,P03081,Orthopedics,Joint Replacement,Elective,2024-04-13,2024-04-17,Recovered,33018.72
A000091,P00211,Pulmonology,COPD,Urgent,2024-01-17,2024-01-18,Recovered,20014.22
A003566,P02780,Pediatrics,Bronchiolitis,Emergency,2025-06-19,2025-06-21,Improved,6945.81
A002224,P02120,Neurology,Seizure Disorder,Urgent,12/03/2024,2024-12-05,Improved,20079.62
A001868,P03871,Pediatrics,Bronchiolitis,Urgent,2024-10-14,2024-10-15,Recovered,8463.64
A002399,P03590,Cardiology,Myocardial Infarction,Urgent,2024-12-31,2025-01-07,Deceased,61916.68
A004141,P03367,Cardiology,Arrhythmia,Emergency,2025-09-06,2025-09-11,Recovered,39064.45
A000282,P01257,Pulmonology,Asthma,Elective,2024-02-18,2024-02-25,Recovered,25058.74
A003796,P03128,Oncology,Breast Cancer,Emergency,2025-07-19,2025-07-31,Recovered,72014.27
A000766,P00315,general medicine,Kidney Infection,Emergency,2024-05-01,2024-05-02,Recovered,8965.68
A000068,P02219,General  Medicine,Kidney Infection,Urgent,2024-01-12,2024-01-15,Improved,16384.79
A003318,P00586,General Medicine,Kidney Infection,Elective,2025-05-15,2025-05-25,Recovered,23067.93
A001152,P03696,Pulmonology,COPD,Emergency,2024-06-30,2024-06-30,Recovered,15457.17
A004554,P02725,Orthopedics,Spinal Disorder,Emergency,2025-11-15,2025-11-25,Recovered,49793.17
A004373,P02911,Pediatrics,Pediatric Asthma,Emergency,2025-10-16,2025-10-18,Recovered,6887.34
A002842,P01219,Orthopedics,Joint Replacement,Elective,2025-03-05,2025-03-07,Recovered,16845.17
A001062,P03825,Orthopedics,Joint Replacement,Elective,2024-06-14,2024-06-16,Improved,40831.87
A004087,P01187,Pediatrics,Pediatric Asthma,Elective,2025-08-29,2025-08-31,Improved,7931.43
A003882,P03111,Orthopedics,Spinal Disorder,Urgent,08/02/2025,2025-08-06,Improved,32492.34
A004161,P02716,General Medicine,Kidney Infection,Emergency,2025-09-09,2025-09-18,Improved,25462.56
A000526,P02748,Oncology,Breast Cancer,Emergency,2024-03-26,2024-04-04,Improved,97787.78
A004791,P00313,Pediatrics,Gastroenteritis,Elective,2025-12-16,2025-12-20,Recovered,11126.07
A002071,P02223,Pediatrics,Pediatric Asthma,Emergency,2024-11-12,2024-11-16,Recovered,10286.61
A004251,P01512,general medicine,Sepsis,Elective,2025-09-25,2025-10-03,Recovered,16413.58
A003804,P01959,Oncology,Lung Cancer,Emergency,2025-07-20,,Transferred,47917.64
A002560,P02715,Oncology,Breast Cancer,Elective,2025-01-23,2025-01-30,Recovered,34406.54
A000927,P02658,General Medicine,Sepsis,Emergency,05/26/2024,2024-05-30,Recovered,15977.46
A002000,P01328,Pediatrics,Bronchiolitis,Urgent,10/31/2024,2024-11-02,Recovered,-12483.06
A001139,P02637,General Medicine,Kidney Infection,Emergency,2024-06-28,2024-07-08,Transferred,38426.39
A001309,P00549,General Medicine,Kidney Infection,Emergency,2024-07-22,2024-07-25,Recovered,11212.46
A003650,P03555,General Medicine,Kidney Infection,Urgent,2025-06-30,2025-07-01,Recovered,9124.35
A002453,P01542,Cardiology,Myocardial Infarction,Emergency,2025-01-07,2025-01-07,Recovered,30389.89
A002285,P03967,Neurology,Stroke,Elective,2024-12-13,2024-12-20,Improved,43891.44
A000354,P02648,Cardiology,Heart Failure,Emergency,2024-02-29,2024-03-03,Recovered,46783.87
A003127,P01166,Pediatrics,Pediatric Asthma,Elective,2025-04-19,2025-04-25,Recovered,15945.23
A003102,P01807,Pediatrics,Gastroenteritis,Urgent,04/15/2025,2025-04-16,Improved,4670.92
A004761,P00691,CARDIOLOGY,Myocardial Infarction,Elective,2025-12-14,2025-12-17,Improved,30025.12
A004224,P02993,Orthopedics,Spinal Disorder,Elective,09/20/2025,2025-09-23,Transferred,22588.54
A004632,P03766,General Medicine,Kidney Infection,Urgent,2025-11-25,2025-11-27,Recovered,8342.88
A002299,P02125,Orthopedics,Joint Replacement,Urgent,2024-12-16,2024-12-19,Recovered,27521.0
A002728,P02708,General Medicine,Kidney Infection,Elective,02/17/2025,2025-02-18,Improved,8617.72
A004875,P03615,General Medicine,Diabetes Complication,Emergency,12/28/2025,2025-12-29,Recovered,9021.24
A001005,P01638,Orthopedics,Joint Replacement,Emergency,2024-06-05,2024-06-05,Improved,20356.1
A001565,P03092,Oncology,Lymphoma,Emergency,2024-08-30,2024-09-01,Recovered,44358.86
A002107,P00320,General Medicine,Sepsis,Urgent,2024-11-16,2024-11-20,Recovered,17923.14
A001268,P03335,Pediatrics,Pediatric Asthma,Emergency,2024-07-17,2024-07-19,Recovered,8062.13
A000890,P02976,Oncology,Breast Cancer,Emergency,2024-05-19,2024-05-25,Improved,36678.02
A001422,P00689,Oncology,Breast Cancer,Emergency,2024-08-09,2024-08-14,Recovered,44553.46
A000711,P00149,General Medicine,Kidney Infection,Urgent,2024-04-22,2024-04-25,Recovered,23822.24
A001301,P01896,Neurology,Stroke,Urgent,2024-07-21,2024-08-06,Recovered,59077.67
A004190,P03453,Cardiology,Arrhythmia,Emergency,2025-09-14,2025-09-18,Improved,37162.48
A003932,P02442,Pediatrics,Pediatric Asthma,Emergency,2025-08-08,2025-08-11,Recovered,14307.71
A000498,P00331,General Medicine,Kidney Infection,Emergency,2024-03-21,2024-03-22,Improved,11736.89
A004033,P03862,Oncology,Lung Cancer,Emergency,2025-08-22,2025-08-30,Recovered,64560.8
A002909,P02161,General Medicine,Diabetes Complication,Urgent,03/15/2025,2025-03-18,Recovered,
A002516,P02501,Cardiology,Arrhythmia,Emergency,2025-01-16,2025-01-18,Improved,
A002258,P00024,Neurology,Seizure Disorder,Urgent,2024-12-10,2024-12-19,Transferred,48947.13
A003356,P02629,Pulmonology,COPD,Elective,2025-05-20,2025-05-21,Improved,13520.82
A002293,P02722,General Medicine,Kidney Infection,Emergency,2024-12-15,2024-12-16,Recovered,9319.84
A002335,P03362, Cardiology ,Heart Failure,Elective,2024-12-20,2024-12-25,Recovered,55299.45
A004285,P00928,Pulmonology,Asthma,Emergency,10/02/2025,2025-10-05,Improved,19175.76
A002589,P00831,Cardiology,Arrhythmia,Urgent,2025-01-28,2025-02-03,Recovered,35528.29
A001130,P01801,Pediatrics,Bronchiolitis,Emergency,2024-06-26,2024-06-27,Improved,7087.95
A001924,P01474,General Medicine,Sepsis,Emergency,10/20/2024,2024-10-23,Recovered,11238.97
A003336,P01619,Pediatrics,Gastroenteritis,Emergency,2025-05-17,2025-05-17,Recovered,6786.45
A001543,P02856,Pediatrics,Bronchiolitis,Emergency,2024-08-26,2024-08-28,Transferred,10422.64
A001561,P02017,General Medicine,Diabetes Complication,Emergency,2024-08-30,2024-09-03,Improved,12069.36
A002932,P01401,General Medicine,Diabetes Complication,Emergency,2025-03-20,2025-03-31,Improved,29131.56
A001205,P00143,Oncology,Breast Cancer,Urgent,2024-07-07,2024-07-10,Improved,46902.9
A004330,P00552,Cardiology,Myocardial Infarction,Urgent,10/10/2025,2025-10-14,Recovered,25058.44
A004234,P03545,Pediatrics,Gastroenteritis,Urgent,2025-09-23,2025-09-28,Improved,12073.2
A003597,P01330,General Medicine,Sepsis,Emergency,2025-06-23,2025-06-29,Improved,20461.33
A004853,P00918,Neurology,Stroke,Urgent,12/25/2025,2025-12-31,Recovered,35579.36
A001910,P03878,Cardiology,Heart Failure,Elective,2024-10-19,2024-10-23,Recovered,51184.0
A001708,P03403,Pediatrics,Bronchiolitis,Emergency,2024-09-20,2024-09-22,Recovered,11241.56
A002645,P03686,Pediatrics,Bronchiolitis,Emergency,02/07/2025,2025-02-11,Recovered,9666.54
A004778,P03965,General Medicine,Kidney Infection,,2025-12-15,2025-12-17,Improved,12527.33
A000189,P02469,Pediatrics,Bronchiolitis,Elective,2024-02-02,2024-02-05,Transferred,11784.02
A000074,P03051,General Medicine,Diabetes Complication,Urgent,2024-01-13,2024-01-17,Recovered,19583.22
A003591,P00885,General Medicine,Diabetes Complication,Emergency,2025-06-22,2025-06-30,Improved,21032.85
A000163,P02545,General Medicine,Diabetes Complication,Emergency,2024-01-29,2024-02-04,Improved,14988.21
A002330,P01618,Orthopedics,Joint Replacement,Emergency,2024-12-20,,Deceased,37661.64
A002979,P02986,Orthopedics,Hip Fracture,Urgent,2025-03-26,2025-03-28,Recovered,26266.88
A001808,P00121,Pulmonology,Asthma,Emergency,10/06/2024,2024-10-08,Recovered,20710.87
A002850,P02661,General Medicine,Kidney Infection,Urgent,03/07/2025,,Improved,9623.0
A004690,P02046,Oncology,Breast Cancer,Elective,2025-12-05,2025-12-07,Recovered,27404.89
A003060,P03003,pulmonology ,COPD,Emergency,2025-04-07,2023-12-31,Recovered,-36548.88
A003644,P03675,General Medicine,Sepsis,Urgent,2025-06-30,2025-07-02,Recovered,17330.97
A003427,P01115,General Medicine,Diabetes Complication,Urgent,2025-05-31,2025-06-02,Recovered,11081.45
A003388,P02457,Orthopedics,Hip Fracture,Emergency,2025-05-24,2025-05-28,Transferred,27301.33
A004489,P03803,General Medicine,Kidney Infection,Urgent,2025-11-04,2025-11-05,Improved,6754.74
A002022,P01157,Pediatrics,Pediatric Asthma,Emergency,2024-11-04,2024-11-05,Recovered,5312.78
A001330,P01061,General Medicine,Sepsis,Emergency,07/26/2024,2024-07-30,Improved,16459.78
A001883,P03059,Cardiology,Arrhythmia,Urgent,2024-10-16,2024-10-21,Recovered,92016.58
A003649,P02374,Neurology,Seizure Disorder,Emergency,06/30/2025,2025-07-03,Improved,30127.03
A001011,P03481,General Medicine,Kidney Infection,Emergency,2024-06-06,2024-06-10,Recovered,16016.2
A002215,P02808,Oncology,Lymphoma,Emergency,2024-12-03,2024-12-15,Improved,81069.8
A001068,P03764,Neurology,Multiple Sclerosis,Elective,2024-06-15,2024-06-19,Improved,36286.89
A000898,P01338,General Medicine,Sepsis,Emergency,2024-05-21,2024-05-21,Improved,8055.24
A002753,P02104,Pediatrics,Gastroenteritis,Elective,2025-02-20,2025-02-26,Improved,20774.28
A004005,P03889,Pediatrics,Gastroenteritis,Emergency,2025-08-17,2025-08-20,Improved,11023.33
A003496,P00818,Pediatrics,Gastroenteritis,Urgent,2025-06-11,2025-06-12,Improved,8133.64
A002325,P00744,Pulmonology,Asthma,Emergency,2024-12-20,2024-12-21,Improved,16634.18
A001928,P01962,Orthopedics,Hip Fracture,Elective,2024-10-21,2024-10-30,Recovered,85140.51
A004113,P01018,Cardiology,Arrhythmia,Emergency,09/03/2025,2025-09-04,Recovered,21028.14
A001319,P00029,Oncology,Lymphoma,Elective,2024-07-23,2024-07-25,Recovered,53532.91
A001526,P00525,Neurology,Multiple Sclerosis,Emergency,2024-08-24,2024-08-27,Improved,31693.87
A000844,P02032,Pediatrics,Bronchiolitis,Urgent,2024-05-12,2024-05-15,Improved,9362.06
A004022,P02367,Neurology,Seizure Disorder,Urgent,08/20/2025,2025-08-22,Improved,38073.72
A003251,P01450,Pediatrics,Gastroenteritis,Emergency,05/04/2025,2025-05-05,Transferred,10851.76
A002599,P02100,Neurology,Multiple Sclerosis,Elective,2025-01-30,2025-02-08,Recovered,57851.77
A003757,P03195,Orthopedics,Joint Replacement,Urgent,2025-07-13,2025-07-18,Recovered,37965.57
A004034,P01988,Oncology,Lung Cancer,Emergency,2025-08-22,2025-09-02,Improved,44501.79
A003141,P03911,Pulmonology,Pneumonia,Urgent,2025-04-20,2025-04-21,Improved,12576.93
A000248,P01160,Neurology,Multiple Sclerosis,Urgent,2024-02-13,2024-02-15,Transferred,19964.64
A004650,P01748,Cardiology,Arrhythmia,Emergency,2025-11-27,2025-12-05,Improved,60995.28
A004465,P02268,Orthopedics,Spinal Disorder,Emergency,2025-10-31,2025-11-02,Recovered,21880.81
A001225,P00615,General Medicine,Diabetes Complication,Emergency,2024-07-10,2024-07-17,Recovered,20903.53
A001879,P00811,Pediatrics,Gastroenteritis,Emergency,2024-10-16,2024-10-21,Improved,15448.06
A001472,P00023,Pediatrics,Gastroenteritis,Emergency,2024-08-15,2024-08-17,Improved,7108.33
A004331,P03147,Pulmonology,COPD,Emergency,10/10/2025,2025-10-16,Recovered,27547.58
A003365,P02427,Pediatrics,Pediatric Asthma,Emergency,2025-05-21,2025-05-23,Recovered,7195.02
A004154,P00541,General Medicine,Kidney Infection,Emergency,2025-09-08,2025-09-09,Improved,5070.69
A000486,P01797,Pulmonology,Pneumonia,Emergency,2024-03-20,2024-04-08,Improved,67209.82
A002988,P00763,Orthopedics,Joint Replacement,Elective,2025-03-27,2025-03-28,Improved,22754.8
A003921,P00740,Neurology,Stroke,Emergency,08/07/2025,2025-08-12,Recovered,49894.32
A004621,P03118,General Medicine,Diabetes Complication,Emergency,2025-11-23,2025-11-25,Recovered,14325.33
A000455,P00201,Cardiology,Myocardial Infarction,Emergency,2024-03-16,2024-03-21,Recovered,55787.77
A001915,P00638,Orthopedics,Joint Replacement,Emergency,2024-10-20,2024-10-23,Recovered,27568.76
A004130,P00905,Oncology,Breast Cancer,Elective,2025-09-05,2025-09-13,Recovered,60628.87
A002169,P02099,Cardiology,Arrhythmia,Urgent,2024-11-26,2024-12-02,Improved,64398.58
A001857,P02938,Orthopedics,Spinal Disorder,Urgent,2024-10-12,2024-10-20,Improved,41139.8
A001323,P02957,Pediatrics,Bronchiolitis,Elective,2024-07-24,2024-07-29,Recovered,12637.78
A000281,P03949,Pulmonology,COPD,,2024-02-18,2024-02-19,Recovered,15446.34
A001793,P02234,Pediatrics,Gastroenteritis,Urgent,2024-10-03,2024-10-11,Recovered,13901.68
A003737,P00506,Neurology,Seizure Disorder,Emergency,2025-07-11,2025-07-15,Improved,31364.04
A003542,P03740,Oncology,Lymphoma,Emergency,2025-06-16,2025-06-23,Improved,81350.62
A002013,P00177,Neurology,Stroke,Elective,2024-11-02,2024-11-10,Recovered,42578.65
A001269,P00098,Pulmonology,COPD,Urgent,07/17/2024,2024-07-26,Improved,28611.42
A003241,P01251,Cardiology,Arrhythmia,Elective,2025-05-03,2025-05-07,Transferred,36134.7
A004780,P01878,Oncology,Breast Cancer,Emergency,2025-12-16,2025-12-20,Transferred,46895.67
A002611,P00885,General Medicine,Sepsis,Urgent,2025-02-01,2025-02-03,Improved,12673.49
A001106,P03510,Neurology,Seizure Disorder,Elective,06/21/2024,2024-06-23,Recovered,23578.61
A001280,P01763,Pediatrics,Pediatric Asthma,Elective,2024-07-19,2024-07-21,Transferred,4853.78
A000429,P03594,Pulmonology,Pneumonia,Urgent,2024-03-12,2024-03-25,Recovered,47825.31
A000531,P02640,Neurology,Stroke,Emergency,2024-03-26,2024-04-01,Recovered,26604.95
A001117,P00987,General Medicine,Kidney Infection,Urgent,2024-06-23,2024-07-01,Recovered,22729.75
A002039,P02522,Pediatrics,Pediatric Asthma,Urgent,2024-11-07,2024-11-12,Recovered,10172.86
A000895,P01821,General Medicine,Kidney Infection,Urgent,2024-05-20,2024-05-21,Improved,10185.19
A002139,P01340,General  Medicine,Sepsis,Emergency,2024-11-21,2024-11-22,Improved,7255.61
A002522,P00988,Cardiology,Heart Failure,Elective,2025-01-17,2025-01-19,Improved,32203.34
A004676,P00042,General Medicine,Diabetes Complication,Emergency,2025-12-03,2025-12-10,Recovered,12113.75
A004318,P03082,General Medicine,Kidney Infection,Emergency,2025-10-08,2025-10-12,Improved,13671.94
A002765,P02281,Orthopedics,Hip Fracture,Emergency,2025-02-21,2025-02-24,Transferred,17687.25
A000021,P00839,Pediatrics,Pediatric Asthma,,2024-01-04,2024-01-04,Improved,4958.5
A003740,P00654,Neurology,Stroke,Urgent,2025-07-11,2025-07-14,Improved,-30639.13
A002338,P00564,Pediatrics,Bronchiolitis,Elective,2024-12-21,2024-12-24,Recovered,11541.33
A001498,P02926,Pediatrics,Bronchiolitis,Elective,2024-08-19,2024-08-20,Improved,7361.14
A003175,P00390,Pediatrics,Pediatric Asthma,Emergency,2025-04-25,2025-05-02,Recovered,15553.94
A003752,P02880,Orthopedics,Joint Replacement,Emergency,2025-07-12,2025-07-20,Recovered,33600.64
A001142,P01983,Pediatrics,Gastroenteritis,Elective,2024-06-28,2024-07-05,Improved,17111.99
A000402,P02225,CARDIOLOGY,Arrhythmia,Emergency,2024-03-07,2024-03-09,Transferred,23049.85
A003221,P01236,Cardiology,Myocardial Infarction,Elective,2025-04-30,2025-05-02,Improved,22307.83
A003775,P03730,Oncology,Lymphoma,Emergency,2025-07-16,2025-07-19,Recovered,40519.61
A001726,P00212,Oncology,Lymphoma,Elective,09/22/2024,2024-09-24,Improved,35874.53
A001963,P02284,General Medicine,Diabetes Complication,Urgent,2024-10-26,2024-10-28,Recovered,14550.66
A004201,P01440,Orthopedics,Joint Replacement,Urgent,2025-09-17,2025-09-19,Recovered,17371.13
A001071,P02619,Pulmonology,Asthma,Elective,2024-06-16,2024-06-18,Improved,26654.15
A002600,P03504,General Medicine,Sepsis,Urgent,2025-01-30,2025-02-10,Improved,46785.67
A000644,P00202,Oncology,Lung Cancer,Urgent,2024-04-10,2024-04-12,Improved,36266.44
A002664,P01857,pulmonology ,COPD,Emergency,2025-02-09,2025-02-14,Improved,22240.23
A001804,P03169,Cardiology,Heart Failure,Emergency,2024-10-06,2024-10-11,Improved,43364.66
A002739,P03296,CARDIOLOGY,Heart Failure,Emergency,2025-02-18,2025-03-01,Improved,80666.5
A001297,P01717,general medicine,Diabetes Complication,Emergency,07/21/2024,,Improved,11686.99
A001979,P00679,General Medicine,Diabetes Complication,Urgent,2024-10-28,2024-11-01,Improved,13695.33
A002497,P02029,Oncology,Breast Cancer,Emergency,2025-01-13,2025-01-19,Recovered,61022.41
A002570,P00996,Neurology,Stroke,Urgent,01/25/2025,2025-02-03,Improved,61965.88
A002492,P03969,General Medicine,Kidney Infection,Emergency,2025-01-13,2025-01-19,Improved,15023.9
A003984,P03832,Oncology,Lymphoma,Emergency,2025-08-14,2025-08-16,Improved,45402.13
A003301,P00796,Oncology,Lymphoma,Urgent,2025-05-12,2025-05-14,Improved,46885.85
A002883,P01999,Orthopedics,Spinal Disorder,Emergency,03/11/2025,2025-03-21,Improved,50299.06
A004120,P01634,Cardiology,Myocardial Infarction,Emergency,09/04/2025,2025-09-07,Recovered,33373.24
A003415,P03538,Pediatrics,Bronchiolitis,Emergency,2025-05-29,2025-05-31,Deceased,9423.49
A001045,P00642, Cardiology ,Myocardial Infarction,Emergency,2024-06-11,2024-06-12,Deceased,25200.94
A002616,P02259,Pediatrics,Gastroenteritis,Emergency,02/01/2025,2025-02-04,Recovered,
A000259,P01890,Neurology,Multiple Sclerosis,Urgent,2024-02-14,2024-02-18,Recovered,27227.15
A003282,P03928,Pediatrics,Gastroenteritis,Urgent,05/09/2025,2025-05-10,Improved,12426.36
A004865,P03507,Neurology,Multiple Sclerosis,Elective,2025-12-27,2026-01-07,Recovered,41423.43
A002779,P01646,General Medicine,Diabetes Complication,Urgent,2025-02-23,2025-03-02,Improved,23085.78
A001056,P00101,pulmonology ,Pneumonia,Emergency,2024-06-13,2024-06-18,Improved,20082.09
A000616,P00553,Oncology,Breast Cancer,Emergency,2024-04-06,2024-04-26,Recovered,144298.45
A002185,P03859,Cardiology,Arrhythmia,Elective,11/28/2024,2024-12-09,Recovered,59238.29
A004038,P00916,Orthopedics,Spinal Disorder,Urgent,2025-08-23,2025-08-25,Recovered,15884.3
A001343,P01770,General Medicine,Diabetes Complication,Emergency,2024-07-27,2024-07-28,Improved,16965.67
A001960,P01828,Orthopedics,Hip Fracture,Urgent,2024-10-25,2024-10-27,Recovered,31668.29
A004288,P00578,General Medicine,Sepsis,Emergency,2025-10-03,2025-10-04,Recovered,14601.27
A004446,P02118,General Medicine,Diabetes Complication,Emergency,10/28/2025,2025-10-29,Recovered,8826.56
A001919,P00340,Cardiology,Arrhythmia,Emergency,2024-10-20,2024-10-31,Recovered,75494.46
A002536,P03281,Pediatrics,Pediatric Asthma,Urgent,2025-01-20,2025-01-24,Improved,12428.76
A000310,P02322,Pediatrics,Gastroenteritis,Elective,2024-02-22,2024-02-29,Improved,18408.59
A003280,P02661,Oncology,Lymphoma,Emergency,2025-05-09,2025-05-11,Recovered,49221.22
A002122,P02364,Pediatrics,Bronchiolitis,Emergency,2024-11-18,2024-11-20,Recovered,11491.57
A001178,P02330,Pediatrics,Pediatric Asthma,Emergency,07/04/2024,2024-07-05,Recovered,6705.46
A000371,P01889,Pediatrics,Gastroenteritis,Emergency,2024-03-02,2024-03-08,Recovered,10252.21
A004825,P00896,General Medicine,Kidney Infection,Emergency,2025-12-20,2025-12-28,Recovered,22641.34
A002405,P00824,Oncology,Lymphoma,Emergency,12/31/2024,2025-01-08,Improved,49770.85
A002784,P01672,Cardiology,Myocardial Infarction,Emergency,2025-02-25,2025-03-02,Transferred,46777.62
A002181,P03657,Neurology,Stroke,Emergency,2024-11-27,2024-12-06,Improved,73076.49
A000968,P01170,Orthopedics,Joint Replacement,Elective,2024-05-31,2024-06-07,Transferred,34025.45
A000492,P00752,Pediatrics,Bronchiolitis,Urgent,2024-03-20,2024-03-26,Recovered,14833.15
A002714,P01741,Orthopedics,Spinal Disorder,Emergency,2025-02-15,2025-02-23,Recovered,48433.89
A004799,P02506,Pediatrics,Pediatric Asthma,Elective,2025-12-17,2025-12-20,Improved,14532.7
A001373,P01382,Orthopedics,Hip Fracture,Elective,2024-08-02,2024-08-04,Recovered,23462.39
A004408,P00334,Pulmonology,COPD,Urgent,2025-10-21,2025-10-23,Recovered,17980.62
A001671,P03738,Cardiology,Heart Failure,Urgent,09/16/2024,2024-09-26,Deceased,54181.63
A001170,P00285,General Medicine,Kidney Infection,Elective,2024-07-03,2024-07-08,Recovered,23459.41
A001326,P01546,Pulmonology,Asthma,Urgent,2024-07-24,2024-07-28,Recovered,21290.63
A003657,P02599,General Medicine,Sepsis,Urgent,2025-07-01,2025-07-02,Recovered,10498.1
A003252,P01419,Cardiology,Heart Failure,Urgent,2025-05-05,2025-05-10,Transferred,42536.66
A001844,P02912,Pediatrics,Bronchiolitis,Urgent,2024-10-10,2024-10-11,Recovered,7707.12
A001877,P03544,Oncology,Lung Cancer,Urgent,2024-10-15,2024-10-21,Recovered,68660.03
A000944,P02458,Cardiology,Heart Failure,Emergency,2024-05-27,2024-06-14,Recovered,76113.68
A004494,P00531,Oncology,Lung Cancer,Elective,11/05/2025,2025-11-08,Recovered,34797.51
A000651,P01202,General Medicine,Diabetes Complication,Emergency,2024-04-11,2024-04-18,Recovered,19163.85
A003243,P01524,Pediatrics,Pediatric Asthma,Urgent,2025-05-03,2025-05-05,Recovered,15968.1
A000314,P01454,Oncology,Breast Cancer,Emergency,2024-02-22,2024-02-26,Improved,28399.59
A001111,P03658,cardiology,Myocardial Infarction,Emergency,2024-06-22,2024-06-28,Improved,36909.14
A000130,P02411,Orthopedics,Hip Fracture,Urgent,2024-01-23,2024-01-25,Recovered,
A003081,P03946,Neurology,Multiple Sclerosis,Emergency,2025-04-10,2025-04-11,Improved,25872.77
A004112,P02486,Cardiology,Heart Failure,Urgent,2025-09-03,2025-09-10,Recovered,60782.05
A004603,P03893,Orthopedics,Joint Replacement,Emergency,2025-11-20,2025-11-22,Recovered,24719.19
A004081,P01111,Cardiology,Arrhythmia,Emergency,2025-08-29,2025-09-04,Recovered,30745.05
A001029,P03208,Orthopedics,Spinal Disorder,Elective,06/09/2024,2024-06-11,Recovered,22536.8
A000009,P01866,General Medicine,Sepsis,Emergency,2024-01-01,2024-01-05,Improved,11741.78
A000487,P00641,Oncology,Breast Cancer,Elective,03/20/2024,2024-03-21,Improved,29111.51
A000520,P02843,General Medicine,Kidney Infection,Urgent,2024-03-24,2024-03-27,Improved,20084.84
A000864,P03184,Pediatrics,Pediatric Asthma,Urgent,2024-05-17,2024-05-22,Improved,12226.15
A002539,P00134,Pulmonology,Asthma,Elective,2025-01-20,2025-01-26,Recovered,26108.21
A001541,P02926,Pediatrics,Bronchiolitis,Emergency,2024-08-25,2024-08-27,Improved,11152.65
A001860,P03289,Pediatrics,Gastroenteritis,Emergency,2024-10-12,2024-10-17,Improved,12125.34
A002677,P02816,Pediatrics,Bronchiolitis,Urgent,2025-02-11,2025-02-22,Recovered,25194.98
A003595,P00387,Pediatrics,Bronchiolitis,Urgent,06/23/2025,2025-06-25,Recovered,6284.65
A000689,P00322,Pediatrics,Bronchiolitis,Emergency,2024-04-19,2024-04-25,Improved,16220.86
A001689,P00404,General Medicine,Sepsis,Elective,09/18/2024,2024-09-19,Recovered,12507.42
A003897,P00470,General Medicine,Diabetes Complication,Urgent,2025-08-04,2025-08-05,Improved,14518.25
A002517,P02422,Pulmonology,COPD,Elective,2025-01-16,2025-01-28,Recovered,34126.99
A002408,P02617,Cardiology,Myocardial Infarction,Urgent,2024-12-31,2025-01-04,Recovered,55049.83
A000664,P02115,pulmonology ,Asthma,Elective,04/14/2024,2024-04-16,Recovered,15823.51
A001672,P00694,general medicine,Sepsis,Emergency,09/16/2024,2024-09-19,Improved,10247.44
A003769,P02812,General Medicine,Sepsis,Emergency,2025-07-16,2025-07-19,Improved,9222.39
A000510,P01514,Pulmonology,COPD,Urgent,2024-03-23,2024-03-28,Recovered,21774.39
A001190,P00747,General Medicine,Kidney Infection,Emergency,2024-07-05,2024-07-06,Recovered,9395.05
A000591,P00620,Pediatrics,Gastroenteritis,Elective,2024-04-03,2024-04-05,Improved,8238.08
A004499,P03808,Pediatrics,Bronchiolitis,Emergency,2025-11-05,,Recovered,15314.77
A001113,P01971,Oncology,Lung Cancer,Elective,2024-06-22,2024-06-28,Recovered,75487.2
A000556,P01893,Oncology,Breast Cancer,Elective,03/29/2024,2024-04-11,Recovered,62776.15
A003635,P01660,Cardiology,Myocardial Infarction,Emergency,2025-06-29,2025-06-30,Recovered,24101.72
A004090,P03611,General Medicine,Kidney Infection,Emergency,2025-08-30,2025-09-03,Improved,16538.21
A001859,P00628,Orthopedics,Joint Replacement,Elective,2024-10-12,2024-10-14,Improved,33353.03
A004024,P03483,Cardiology,Myocardial Infarction,Emergency,2025-08-21,2025-08-29,Transferred,54812.42
A001288,P00085,General Medicine,Diabetes Complication,Emergency,07/20/2024,2024-07-24,Recovered,17220.04
A004440,P02987,Cardiology,Heart Failure,Emergency,2025-10-28,2025-10-30,Improved,20780.34
A004044,P00837,Orthopedics,Joint Replacement,Urgent,2025-08-24,2025-08-29,Recovered,20909.52
A001670,P00120,Pediatrics,Bronchiolitis,Emergency,2024-09-16,2024-09-19,Recovered,15631.83
A001741,P00154,Oncology,Lung Cancer,Emergency,09/25/2024,2024-09-29,Recovered,55194.91
A003230,P01393,Cardiology,Myocardial Infarction,,2025-05-01,2025-05-05,Transferred,35408.99
A003964,P00311,Orthopedics,Joint Replacement,Emergency,2025-08-12,2025-08-18,Recovered,63486.81
A001673,P02845,Cardiology,Arrhythmia,Urgent,2024-09-16,2024-09-20,Recovered,44418.88
A002981,P01517,Orthopedics,Spinal Disorder,Elective,2025-03-26,2025-04-02,Recovered,56765.06
A004794,P03502,General Medicine,Sepsis,Emergency,2025-12-17,2025-12-20,Improved,14217.74
A003687,P03682,Pediatrics,Gastroenteritis,Emergency,2025-07-05,,Recovered,14429.39
A001568,P03697,Oncology,Lung Cancer,Emergency,08/31/2024,2024-09-07,Recovered,64126.34
A004315,P03982,Pediatrics,Bronchiolitis,Emergency,10/08/2025,2025-10-13,Recovered,16338.06
A000447,P01069,Pulmonology,COPD,Urgent,2024-03-14,2024-03-20,Improved,27120.83
A003508,P01355,Orthopedics,Joint Replacement,Emergency,2025-06-12,2025-06-17,Transferred,30690.29
A000860,P01228,General Medicine,Sepsis,Emergency,2024-05-16,2024-05-19,Transferred,12431.16
A003935,P00562,Pediatrics,Pediatric Asthma,Emergency,2025-08-09,2025-08-11,Improved,9343.98
A001975,P01022,Pediatrics,Bronchiolitis,Urgent,2024-10-27,2024-10-29,Recovered,10619.43
A004109,P00690,Orthopedics,Hip Fracture,Elective,2025-09-02,2025-09-05,Recovered,33725.61
A002969,P01559,General Medicine,Kidney Infection,Elective,03/24/2025,2025-03-25,Improved,15378.92
A001737,P02495,Pulmonology,Asthma,Emergency,2024-09-24,2024-10-01,Improved,38576.86
A004531,P01189,Neurology,Multiple Sclerosis,Urgent,2025-11-10,2025-11-15,Transferred,38782.48
A004189,P02996,General Medicine,Diabetes Complication,Urgent,2025-09-14,2025-09-23,Improved,40807.94
A004765,P02473,Cardiology,Myocardial Infarction,Emergency,2025-12-14,2025-12-17,Improved,32971.54
A002461,P03249,Pediatrics,Pediatric Asthma,Emergency,2025-01-08,2025-01-11,Recovered,12724.7
A000107,P01986,Orthopedics,Hip Fracture,Emergency,2024-01-18,2024-01-21,Recovered,28735.82
A000104,P00882,Oncology,Breast Cancer,Emergency,2024-01-18,2024-01-19,Recovered,18722.48
A004638,P03419,Pediatrics,Pediatric Asthma,Urgent,2025-11-25,2025-11-28,Transferred,12706.12
A003703,P00837,Pulmonology,COPD,Urgent,2025-07-07,2025-07-21,Recovered,39896.83
A003558,P01698,Pediatrics,Gastroenteritis,,2025-06-18,2025-06-19,Recovered,5330.48
A004355,P02536,Orthopedics,Spinal Disorder,Urgent,2025-10-13,2025-10-20,Deceased,50541.57
A002566,P00267,Oncology,Lymphoma,Emergency,01/24/2025,2025-01-25,Improved,35714.58
A004124,P01252,General Medicine,Diabetes Complication,Emergency,2025-09-05,2025-09-09,Recovered,15416.78
A004844,P01724,Cardiology,Heart Failure,Urgent,2025-12-23,2025-12-24,Transferred,26266.88
A001452,P03201,Cardiology,Myocardial Infarction,Urgent,2024-08-12,2024-08-16,Recovered,23397.2
A004439,P00444,Pulmonology,COPD,Elective,2025-10-28,2025-10-30,Recovered,15140.57
A000477,P02556,Pediatrics,Gastroenteritis,Emergency,03/18/2024,2024-03-21,Transferred,7384.08
A001305,P02680,Orthopedics,Spinal Disorder,Emergency,2024-07-21,2024-07-22,Improved,24999.54
A001863,P01666,General  Medicine,Kidney Infection,Emergency,2024-10-13,2024-10-20,Transferred,17109.77
A001003,P00359,Pediatrics,Gastroenteritis,Urgent,2024-06-05,2024-06-07,Recovered,9998.5
A000226,P00700,Pediatrics,Bronchiolitis,Emergency,2024-02-09,2024-02-11,Recovered,7625.55
A000126,P01697,Neurology,Stroke,Emergency,2024-01-22,2024-01-25,Recovered,37885.0
A000739,P00882,Oncology,Lung Cancer,Emergency,2024-04-27,2024-05-08,Transferred,90363.37
A002876,P00727,General Medicine,Sepsis,Elective,2025-03-11,2025-03-11,Recovered,7856.02
A001983,P02848,Neurology,Seizure Disorder,Emergency,2024-10-28,2024-11-09,Transferred,59482.98
A002720,P01393,Cardiology,Myocardial Infarction,Emergency,2025-02-16,2025-02-24,Transferred,50408.19
A004055,P02479,Pediatrics,Pediatric Asthma,Emergency,2025-08-25,2025-08-28,Deceased,6277.97
A001473,P03523,Cardiology,Heart Failure,Elective,2024-08-15,2024-08-17,Recovered,32687.87
A001306,P02527,General Medicine,Sepsis,Emergency,2024-07-22,2024-07-26,Recovered,17004.14
A000093,P00741,Neurology,Multiple Sclerosis,Emergency,2024-01-17,2024-01-25,Recovered,40016.89
A001362,P01739,Pediatrics,Pediatric Asthma,Elective,2024-07-30,2024-07-31,Recovered,9223.99
A001688,P01474,General Medicine,Sepsis,Emergency,2024-09-18,2024-09-27,Improved,16942.39
A000881,P02705,Pediatrics,Pediatric Asthma,Emergency,2024-05-19,2024-05-21,Recovered,6009.77
A001406,P01806,Pediatrics,Pediatric Asthma,Emergency,2024-08-06,,Improved,9020.65
A000682,P02730,Pulmonology,Pneumonia,Emergency,04/17/2024,2024-04-20,Recovered,20600.31
A002210,P01658,Orthopedics,Joint Replacement,Elective,12/01/2024,2024-12-05,Recovered,21303.98
A001381,P03383,General Medicine,Diabetes Complication,Urgent,2024-08-02,2024-08-03,Recovered,11943.86
A002487,P00663,Pediatrics,Bronchiolitis,Emergency,01/11/2025,2025-01-15,Transferred,10715.67
A003622,P02832,Neurology,Stroke,Urgent,2025-06-26,2025-07-12,Recovered,60334.78
A003989,P02082,Pediatrics,Pediatric Asthma,Emergency,2025-08-16,2025-08-18,Recovered,8437.87
A002058,P01632,General Medicine,Diabetes Complication,Emergency,2024-11-10,2024-11-12,Recovered,16038.27
A000678,P01382,Orthopedics,Hip Fracture,Urgent,2024-04-16,2024-04-19,Improved,20711.82
A002023,P00630,Pulmonology,Pneumonia,Urgent,2024-11-04,2024-11-05,Improved,14535.58
A000950,P00235,Oncology,Lung Cancer,Elective,05/29/2024,2024-05-31,Recovered,31739.13
A001686,P00418,Pediatrics,Bronchiolitis,Emergency,2024-09-18,2024-09-19,Improved,11179.52
A004196,P02468,Cardiology,Arrhythmia,Urgent,2025-09-16,2025-09-19,Recovered,36979.77
A003685,P03352,Neurology,Stroke,Emergency,07/05/2025,2025-07-07,Recovered,30931.36
A002017,P01266,Pediatrics,Gastroenteritis,Emergency,2024-11-03,2024-11-05,Transferred,11569.99
A004456,P01718,Pulmonology,Pneumonia,Emergency,2025-10-30,2025-11-06,Recovered,32621.98
A001054,P03422,General Medicine,Kidney Infection,Elective,2024-06-13,2024-06-13,Transferred,7655.03
A000413,P03075,Orthopedics,Spinal Disorder,Elective,2024-03-11,2024-03-19,Improved,40158.34
A003050,P00649,Cardiology,Arrhythmia,Emergency,04/06/2025,2025-04-07,Recovered,22577.78
A003841,P01627,Pulmonology,Pneumonia,Urgent,2025-07-26,2025-08-05,Recovered,28461.32
A003563,P02193,Cardiology,Arrhythmia,Emergency,2025-06-19,2025-06-22,Transferred,26429.77
A001583,P02271,Orthopedics,Hip Fracture,Emergency,2024-09-02,2024-09-04,Recovered,23869.47
A004568,P01622,Pediatrics,Pediatric Asthma,Emergency,2025-11-16,2025-11-17,Transferred,9703.52
A004727,P01186,Neurology,Stroke,Emergency,2025-12-10,2025-12-15,Transferred,47466.42
A000494,P01300,Pediatrics,Bronchiolitis,Urgent,2024-03-20,2024-03-24,Recovered,13530.93
A003228,P02456,General Medicine,Kidney Infection,Urgent,2025-05-01,2025-05-03,Improved,15630.9
A003233,P03269,Pediatrics,Pediatric Asthma,Elective,2025-05-02,2025-05-13,Recovered,18055.38
A002478,P00133,Pediatrics,Pediatric Asthma,Elective,2025-01-09,2025-01-12,Recovered,9587.07
A004306,P03408,Orthopedics,Joint Replacement,Urgent,2025-10-06,2025-10-13,Improved,45315.51
A003755,P02837,Pulmonology,Asthma,Elective,07/13/2025,2025-07-19,Improved,23460.82
A003620,P02493,General Medicine,Diabetes Complication,Emergency,2025-06-26,2025-06-29,Recovered,18848.75
A002114,P00945,Pediatrics,Gastroenteritis,Emergency,2024-11-17,2024-11-19,Transferred,6542.78
A003362,P01815,Cardiology,Heart Failure,Emergency,2025-05-20,2025-05-21,Recovered,19276.06
A003051,P02095,Pediatrics,Gastroenteritis,Urgent,2025-04-06,2025-04-10,Improved,10245.62
A003206,P01779, Cardiology ,Heart Failure,Urgent,2025-04-28,2025-05-04,Improved,36133.7
A004176,P01137,Neurology,Multiple Sclerosis,Elective,2025-09-12,2025-09-14,Improved,17920.5
A003227,P00621,Orthopedics,Joint Replacement,Elective,2025-05-01,2025-05-06,Improved,19006.84
A003343,P02795,Pediatrics,Pediatric Asthma,Emergency,2025-05-18,2025-05-19,Improved,11365.06
A002613,P03127,Cardiology,Arrhythmia,Elective,2025-02-01,2025-02-02,Recovered,32975.46
A002301,P02546,General Medicine,Diabetes Complication,Emergency,12/16/2024,2024-12-19,Recovered,12762.85
A003205,P03389,Orthopedics,Hip Fracture,Emergency,2025-04-28,2025-05-05,Improved,51748.25
A004789,P00467,Pediatrics,Pediatric Asthma,Elective,2025-12-16,2025-12-20,Transferred,11388.84
A004712,P02841,Oncology,Lung Cancer,Emergency,2025-12-07,2025-12-08,Transferred,38478.17
A004526,P02839,Oncology,Lung Cancer,Elective,11/10/2025,2025-11-13,Transferred,36245.77
A002113,P00012,Orthopedics,Joint Replacement,Emergency,2024-11-17,2024-11-18,Recovered,22497.71
A004084,P01636,Cardiology,Arrhythmia,Urgent,2025-08-29,2025-09-01,Recovered,29143.65
A004859,P03663,Oncology,Lymphoma,Emergency,2025-12-26,2025-12-28,Transferred,27277.38
A003917,P01649,General Medicine,Kidney Infection,Emergency,2025-08-07,2025-08-14,Recovered,27377.21
A000507,P02802,General Medicine,Sepsis,Urgent,2024-03-22,2023-12-31,Recovered,17873.18
A001645,P03519,Pulmonology,COPD,Emergency,2024-09-12,2024-09-14,Recovered,18411.98
A002065,P00390,Pediatrics,Bronchiolitis,Emergency,2024-11-11,2024-11-12,Recovered,8958.82
A001727,P01259,Oncology,Lung Cancer,Elective,2024-09-23,2024-09-27,Recovered,35418.24
A003234,P02568,Cardiology,Myocardial Infarction,Urgent,2025-05-02,2025-05-05,Transferred,52524.57
A001694,P00868,General Medicine,Kidney Infection,Emergency,2024-09-19,2024-09-21,Recovered,14691.99
A002836,P03235,general medicine,Kidney Infection,Urgent,2025-03-04,2025-03-08,Recovered,15164.11
A002983,P01194,General Medicine,Diabetes Complication,Elective,2025-03-27,2025-03-31,Recovered,12402.72
A000269,P03038,Pediatrics,Bronchiolitis,Elective,2024-02-16,2024-02-23,Recovered,13768.59
A004239,P02633,General Medicine,Diabetes Complication,Emergency,2025-09-23,2025-09-24,Recovered,9535.03
A000630,P01778,Pediatrics,Bronchiolitis,Emergency,2024-04-08,2024-04-10,Recovered,
A003567,P02498,Pulmonology,COPD,Emergency,2025-06-20,2025-06-23,Recovered,24316.34
A004521,P02156,Oncology,Breast Cancer,Emergency,2025-11-09,2025-11-19,Improved,86066.69
A001998,P00931,Orthopedics,Spinal Disorder,Elective,2024-10-31,2024-11-04,Improved,39993.19
A003708,P03133,Cardiology,Arrhythmia,Urgent,2025-07-08,2025-07-12,Recovered,29719.91
A000670,P03196,Pediatrics,Bronchiolitis,Emergency,2024-04-15,2024-04-18,Recovered,
A001980,P01915,Pulmonology,COPD,Emergency,2024-10-28,2024-10-31,Improved,16248.57
A001315,P03187,Orthopedics,Spinal Disorder,Urgent,2024-07-23,2024-07-27,Improved,28485.21
A002885,P01179,Cardiology,Heart Failure,Urgent,2025-03-12,2025-03-18,Improved,59311.68
A002021,P02357,Pulmonology,Asthma,Emergency,2024-11-04,2024-11-08,Recovered,25828.86
A003276,P00308,Neurology,Seizure Disorder,Emergency,2025-05-08,2025-05-17,Transferred,48568.73
A002008,P00478,Pediatrics,Bronchiolitis,Urgent,2024-11-01,2024-11-04,Improved,11291.82
A000536,P03193,General Medicine,Sepsis,Urgent,2024-03-27,2024-03-29,Recovered,11071.97
A001456,P02978,Orthopedics,Joint Replacement,Elective,2024-08-12,2024-08-17,Improved,40979.33
A003911,P00530,Orthopedics,Spinal Disorder,Emergency,2025-08-06,2025-08-07,Recovered,20035.44
A004874,P02028,Oncology,Lung Cancer,Emergency,2025-12-28,2026-01-07,Recovered,68679.44
A004303,P01423,Pulmonology,COPD,Urgent,2025-10-06,2025-10-09,Transferred,21849.21
A003945,P00231,Orthopedics,Spinal Disorder,Emergency,2025-08-10,2025-08-11,Improved,24365.73
A003710,P02695,General Medicine,Diabetes Complication,Urgent,2025-07-08,2025-07-10,Improved,8531.23
A004421,P01550,Pediatrics,Pediatric Asthma,Emergency,2025-10-24,2025-10-28,Improved,11908.4
A003344,P01818,Cardiology,Arrhythmia,Emergency,2025-05-18,2025-05-19,Improved,22101.56
A004577,P00169,General Medicine,Kidney Infection,Emergency,2025-11-17,2025-11-21,Recovered,16930.09
A002464,P03918,Orthopedics,Spinal Disorder,Emergency,01/08/2025,2025-01-15,Transferred,26935.88
A001222,P03335,Pediatrics,Pediatric Asthma,Emergency,2024-07-10,2024-07-12,Recovered,8688.39
A000755,P00297,General Medicine,Sepsis,Elective,04/29/2024,2024-05-03,Improved,10814.88
A003890,P00063,Pulmonology,Pneumonia,Emergency,2025-08-03,2025-08-11,Recovered,26386.1
A000833,P01121,Pediatrics,Gastroenteritis,Urgent,2024-05-10,2024-05-11,Improved,8319.4
A004491,P01414,Orthopedics,Hip Fracture,Emergency,2025-11-05,2025-11-22,Recovered,67796.96
A000407,P00152,Pulmonology,COPD,Emergency,2024-03-10,2024-03-17,Recovered,37483.29
A004065,P03768,Orthopedics,Hip Fracture,Elective,08/27/2025,2023-12-31,Transferred,26708.45
A003565,P00372,General Medicine,Sepsis,Urgent,2025-06-19,2025-06-21,Recovered,11105.38
A002998,P03584,General Medicine,Diabetes Complication,Emergency,2025-03-29,2025-03-31,Recovered,11274.59
A001195,P03891,General Medicine,Diabetes Complication,Elective,2024-07-06,2024-07-07,Transferred,13083.83
A003364,P02116,General Medicine,Sepsis,Elective,2025-05-21,2025-05-23,Improved,10383.46
A002044,P00176,Pulmonology,Asthma,Elective,2024-11-07,2024-11-15,Recovered,43042.25
A000388,P03732,pulmonology ,Pneumonia,Emergency,03/05/2024,2024-03-06,Improved,15719.72
A003122,P01291,Orthopedics,Hip Fracture,Emergency,2025-04-18,2025-04-21,Improved,22430.33
A002708,P02753,Oncology,Lung Cancer,Emergency,2025-02-15,2025-02-19,Deceased,38955.23
A000073,P01347,Pulmonology,Pneumonia,Urgent,2024-01-13,2024-01-25,Recovered,49629.12
A004438,P03333,Cardiology,Myocardial Infarction,Emergency,2025-10-27,2025-10-31,Transferred,32704.09
A000684,P01417,General Medicine,Kidney Infection,Elective,2024-04-17,2024-04-19,Recovered,9183.0
A003735,P02689,Pulmonology,Pneumonia,Emergency,2025-07-10,2025-07-10,Recovered,17264.3
A000775,P03141,Cardiology,Arrhythmia,Urgent,2024-05-02,2024-05-04,Recovered,22237.91
A004849,P00352,Pediatrics,Pediatric Asthma,Emergency,2025-12-24,2025-12-28,Recovered,11103.28
A003333,P00131,General Medicine,Sepsis,Emergency,2025-05-17,2025-05-19,Transferred,10725.01
A004091,P00818,Pediatrics,Pediatric Asthma,Emergency,2025-08-30,2025-09-02,Transferred,8444.49
A001987,P01070,Pediatrics,Gastroenteritis,Urgent,2024-10-28,,Improved,9182.12
A001497,P03342,Oncology,Lymphoma,Elective,2024-08-19,2024-09-01,Recovered,74634.17
A003644,P03675,General Medicine,Sepsis,Urgent,2025-06-30,2025-07-02,Recovered,17330.97
A002498,P02430,Orthopedics,Joint Replacement,Emergency,2025-01-13,2025-01-17,Recovered,28424.94
A001379,P00140,Orthopedics,Hip Fracture,Emergency,2024-08-02,2024-08-04,Recovered,31750.72
A004168,P00791,Pediatrics,Pediatric Asthma,Elective,2025-09-11,2025-09-14,Transferred,8288.69
A004612,P02696,Orthopedics,Spinal Disorder,Emergency,2025-11-22,2025-11-23,Recovered,18735.58
A002131,P03908,General Medicine,Kidney Infection,Emergency,11/19/2024,2024-11-20,Recovered,15119.66
A003529,P02646,Pediatrics,Gastroenteritis,Emergency,06/15/2025,2025-06-16,Recovered,9466.33
A001605,P02172,General Medicine,Diabetes Complication,Elective,2024-09-05,2024-09-08,Improved,8161.8
A000602,P00687,General Medicine,Kidney Infection,Elective,2024-04-05,2024-04-07,Transferred,8917.02
A003739,P01946,Pediatrics,Pediatric Asthma,Elective,2025-07-11,2025-07-15,Recovered,18956.33
A002627,P02977,General Medicine,Kidney Infection,Emergency,2025-02-03,2025-02-04,Recovered,10448.29
A001481,P02013,Pediatrics,Bronchiolitis,Emergency,2024-08-16,2024-08-18,Improved,9332.57
A000505,P01613,Pulmonology,COPD,Urgent,2024-03-22,2024-03-25,Improved,21174.61
A001350,P00747,Neurology,Stroke,Emergency,2024-07-28,2024-08-01,Improved,44339.59
A001219,P01222,Pulmonology,Asthma,Emergency,2024-07-09,2024-07-14,Improved,25416.8
A000896,P00564,Pediatrics,Gastroenteritis,Emergency,2024-05-20,2024-05-23,Recovered,8171.25
A001903,P02020,Orthopedics,Joint Replacement,Emergency,2024-10-19,2024-10-21,Transferred,21533.78
A004136,P02214,Pediatrics,Gastroenteritis,Emergency,2025-09-06,2025-09-10,Recovered,9248.35
A002295,P02544,General Medicine,Kidney Infection,Emergency,2024-12-15,2024-12-20,Recovered,21993.91
A003678,P03103,Pediatrics,Pediatric Asthma,Emergency,2025-07-04,2025-07-07,Recovered,5901.53
A000949,P03298,Cardiology,Heart Failure,Urgent,2024-05-28,2024-06-08,Transferred,54242.11
A000232,P03427,General Medicine,Kidney Infection,Elective,02/10/2024,2024-02-15,Improved,11980.99
A004290,P02463,General  Medicine,Kidney Infection,Emergency,2025-10-03,2025-10-11,Recovered,19192.19
A003887,P01079,General Medicine,Diabetes Complication,Urgent,2025-08-03,2025-08-10,Improved,12083.04
A002379,P02322,Pediatrics,Bronchiolitis,Elective,2024-12-27,2024-12-30,Improved,5565.75
A004349,P01135,Neurology,Seizure Disorder,Urgent,2025-10-13,2025-10-18,Recovered,31914.76
A004036,P01493,Pediatrics,Gastroenteritis,Emergency,2025-08-23,2025-08-25,Transferred,11763.3
A000922,P02308,Pediatrics,Bronchiolitis,Urgent,2024-05-25,2024-05-27,Recovered,10673.78
A004728,P02795,Pediatrics,Gastroenteritis,Elective,2025-12-10,2025-12-10,Recovered,8396.67
A000309,P00577,General Medicine,Sepsis,Urgent,2024-02-22,2024-02-23,Transferred,14967.08
A004283,P03736,Neurology,Seizure Disorder,Emergency,2025-10-02,2025-10-07,Improved,61819.37
A004572,P01756,Pulmonology,Pneumonia,Urgent,2025-11-17,2025-11-19,Recovered,19648.58
A001882,P02281,Orthopedics,Spinal Disorder,Emergency,2024-10-16,2024-10-19,Recovered,25506.85
A001554,P01478,General Medicine,Diabetes Complication,Elective,2024-08-28,2024-08-29,Recovered,7692.87
A004020,P02816,Pediatrics,Bronchiolitis,Urgent,08/20/2025,2025-08-21,Transferred,8120.11
A002213,P00978,Oncology,Lung Cancer,Emergency,2024-12-02,2024-12-07,Recovered,58445.6
A000715,P02370,Pediatrics,Pediatric Asthma,Elective,2024-04-23,2024-04-27,Recovered,18568.87
A001599,P01112,Orthopedics,Spinal Disorder,Urgent,2024-09-04,2024-09-07,Improved,24378.8
A003709,P03995,General Medicine,Diabetes Complication,Elective,2025-07-08,2025-07-13,Recovered,16352.82
A000768,P02882,Orthopedics,Spinal Disorder,Elective,2024-05-01,2024-05-04,Recovered,29760.1
A002428,P01117,Orthopedics,Joint Replacement,Emergency,2025-01-04,2025-01-07,Recovered,20031.45
A004114,P01804,Neurology,Seizure Disorder,Emergency,2025-09-03,2025-09-05,Recovered,17483.36
A003695,P02249,Pediatrics,Bronchiolitis,Emergency,2025-07-06,2025-07-07,Recovered,8725.25
A003007,P01509,Cardiology,Heart Failure,Emergency,2025-03-31,2025-04-01,Improved,26421.13
A003148,P03232,Cardiology,Heart Failure,Emergency,2025-04-21,2025-04-24,Recovered,58693.6
A003609,P01609,Neurology,Stroke,Urgent,2025-06-25,2025-07-02,Deceased,
A002980,P01450,Pediatrics,Gastroenteritis,Elective,2025-03-26,2025-03-30,Improved,11928.06
A000108,P00953,General Medicine,Diabetes Complication,Emergency,2024-01-18,2024-01-20,Recovered,14251.14
A003114,P02756,General Medicine,Sepsis,Emergency,2025-04-16,2025-04-19,Recovered,18711.54
A002567,P01941,Pediatrics,Gastroenteritis,Urgent,2025-01-24,2025-01-27,Improved,12351.88
A004061,P03537,Pediatrics,Bronchiolitis,Urgent,08/26/2025,2025-08-29,Recovered,8182.05
A004698,P02171,Pediatrics,Pediatric Asthma,Urgent,12/06/2025,2025-12-12,Improved,15780.27
A004155,P01560,Cardiology,Heart Failure,Emergency,2025-09-08,2025-09-15,Recovered,44323.42
A002747,P03645,General Medicine,Kidney Infection,Emergency,2025-02-19,2025-02-21,Recovered,10164.28
A000430,P03571,Neurology,Stroke,Elective,2024-03-12,2024-03-23,Recovered,68084.28
A001143,P02009,General Medicine,Kidney Infection,Emergency,2024-06-28,2024-06-29,Recovered,9029.25
A000412,P00874,Pediatrics,Pediatric Asthma,Emergency,2024-03-11,2024-03-12,Recovered,8949.51
A001774,P03157,Cardiology,Myocardial Infarction,Urgent,2024-09-30,2024-10-02,Recovered,21738.46
A000793,P03836,Pulmonology,Pneumonia,Emergency,2024-05-05,2024-05-10,Recovered,36912.05
A003702,P00862,Gen Med,Diabetes Complication,Elective,2025-07-07,2025-07-13,Recovered,16713.7
A003446,P00800,General Medicine,Diabetes Complication,Urgent,06/04/2025,2025-06-17,Transferred,30883.74
A002121,P00902,Pediatrics,Pediatric Asthma,Elective,2024-11-18,2024-11-21,Recovered,7502.85
A003482,P01807,Pediatrics,Gastroenteritis,Emergency,2025-06-09,2025-06-11,Recovered,6067.89
A000516,P00082,General Medicine,Kidney Infection,Elective,2024-03-23,2024-03-29,Recovered,21741.43
A000568,P03108,Neurology,Multiple Sclerosis,Elective,2024-03-31,2024-04-02,Recovered,37039.01
A001272,P00518,Pediatrics,Bronchiolitis,Elective,2024-07-18,2024-07-21,Recovered,9865.35
A001181,P02528,Cardiology,Arrhythmia,Emergency,2024-07-04,2024-07-11,Recovered,32140.01
A002657,P00245,General Medicine,Sepsis,Elective,02/07/2025,2025-02-07,Improved,5380.17
A003692,P01098,Oncology,Lung Cancer,Urgent,2025-07-06,2025-07-12,Improved,33916.9
A000931,P00804,General Medicine,Kidney Infection,Emergency,2024-05-26,2024-06-04,Recovered,28001.85
A000362,P03652,Pediatrics,Bronchiolitis,Emergency,2024-03-01,2024-03-02,Recovered,8349.61
A001500,P03083,Orthopedics,Joint Replacement,Urgent,2024-08-19,2024-08-24,Transferred,52208.03
A001321,P03807,Pediatrics,Pediatric Asthma,Emergency,2024-07-24,2024-07-26,Recovered,7342.69
A003836,P00665,Oncology,Lymphoma,Emergency,2025-07-26,2025-07-30,Improved,32032.5
A004795,P02726,Oncology,Lymphoma,Emergency,2025-12-17,2025-12-22,Recovered,44277.05
A001515,P00289,General Medicine,Diabetes Complication,Urgent,2024-08-21,2024-08-23,Improved,10847.11
A000099,P03186,Cardiology,Arrhythmia,Urgent,2024-01-17,2024-01-23,Transferred,39598.1
A001711,P02893,Cardiology,Myocardial Infarction,Emergency,2024-09-20,2024-09-22,Recovered,30516.17
A003052,P01224,Neurology,Multiple Sclerosis,Emergency,2025-04-06,2025-04-18,Recovered,74655.77
A003453,P02033,Pediatrics,Pediatric Asthma,Elective,2025-06-05,2025-06-05,Improved,7334.14
A000345,P02706,general medicine,Sepsis,Urgent,2024-02-27,2024-03-02,Recovered,13371.4
A004652,P01127,general medicine,Diabetes Complication,Emergency,2025-11-27,2025-11-29,Improved,15671.32
A003268,P02070,General Medicine,Kidney Infection,Emergency,2025-05-07,2025-05-11,Improved,14739.79
A004858,P03634,Pulmonology,COPD,Urgent,2025-12-26,2025-12-29,Transferred,20793.66
A003793,P03962,cardiology,Heart Failure,Emergency,2025-07-19,,Recovered,50198.6
A000525,P00618,Orthopedics,Joint Replacement,Emergency,2024-03-25,2024-03-31,Recovered,42983.69
A000078,P01088,Oncology,Breast Cancer,Emergency,2024-01-14,2024-01-17,Deceased,41974.71
A000993,P00583,Pediatrics,Bronchiolitis,Elective,2024-06-03,2024-06-03,Recovered,6015.74
A001660,P03563,Neurology,Seizure Disorder,Emergency,2024-09-15,2024-09-22,Recovered,56678.34
A002792,P01702,Pediatrics,Gastroenteritis,Emergency,2025-02-26,2025-03-02,Recovered,12924.17
A004739,P00664,Gen Med,Sepsis,Emergency,2025-12-11,2025-12-14,Improved,11990.57
A003505,P01487,Pediatrics,Bronchiolitis,,2025-06-12,2025-06-12,Recovered,8209.18
A002702,P01731,General Medicine,Diabetes Complication,Urgent,2025-02-14,2025-02-15,Recovered,14094.77
A002155,P03996,Oncology,Lung Cancer,Emergency,2024-11-24,2024-12-09,Improved,143253.62
A004670,P00221,Pediatrics,Bronchiolitis,Emergency,2025-12-01,2025-12-09,Recovered,20614.3
A002721,P02984,General Medicine,Kidney Infection,Urgent,2025-02-16,2025-02-21,Recovered,12452.41
A002367,P03524,Pediatrics,Pediatric Asthma,Elective,2024-12-25,2025-01-02,Improved,13085.26
A004400,P02690,General Medicine,Kidney Infection,Elective,2025-10-20,2025-10-25,Improved,12686.38
A003271,P01311,Pulmonology,COPD,Emergency,2025-05-07,2025-05-20,Recovered,40213.28
A002207,P02438,Cardiology,Heart Failure,Emergency,2024-12-01,2024-12-06,Improved,29725.03
A001270,P00580,Pediatrics,Gastroenteritis,Urgent,2024-07-17,2024-07-21,Improved,10494.34
A002160,P01722,Pulmonology,Asthma,Urgent,2024-11-25,2024-11-26,Recovered,19442.9
A001298,P02635,Pediatrics,Bronchiolitis,Urgent,2024-07-21,2024-07-22,Recovered,11140.08
A001755,P02533,Neurology,Stroke,Emergency,2024-09-27,2024-09-29,Recovered,26771.0
A000423,P00551,Neurology,Stroke,Emergency,03/12/2024,2024-03-18,Improved,30900.61
A000357,P00105,Cardiology,Heart Failure,Emergency,03/01/2024,2024-03-09,Transferred,52577.4
A001004,P03399,Pediatrics,Bronchiolitis,Emergency,06/05/2024,2024-06-11,Improved,17558.55
A001884,P00395,General Medicine,Kidney Infection,Emergency,2024-10-16,2024-10-22,Improved,22991.03
A001254,P02898,Cardiology,Arrhythmia,Elective,2024-07-15,2024-07-17,Deceased,26897.64
A003360,P00845,Pediatrics,Bronchiolitis,Elective,2025-05-20,2025-05-23,Recovered,8919.76
A000173,P03207,General Medicine,Sepsis,Emergency,2024-01-30,2024-02-05,Recovered,19808.98
A004473,P03053,Cardiology,Arrhythmia,Emergency,10/31/2025,2025-11-02,Recovered,32514.69
A003561,P03982,Pediatrics,Gastroenteritis,Emergency,2025-06-18,2025-06-19,Recovered,7438.41
A001053,P02319,Cardiology,Myocardial Infarction,Urgent,2024-06-13,2024-06-20,Recovered,43912.68
A004814,P02257,General Medicine,Sepsis,Emergency,2025-12-19,2025-12-19,Transferred,10982.55
A003220,P01140,General Medicine,Diabetes Complication,Elective,2025-04-30,2025-05-04,Recovered,11657.89
A001446,P01559,General Medicine,Sepsis,Elective,2024-08-11,2024-08-15,Recovered,13675.62
A003802,P02394,Gen Med,Sepsis,Emergency,07/20/2025,2025-07-25,Transferred,26914.82
A004661,P00629,Pulmonology,COPD,Emergency,11/28/2025,2025-12-05,Recovered,24154.39
A002270,P02681,Pediatrics,Gastroenteritis,Urgent,2024-12-12,2024-12-15,Improved,8182.59
A004321,P02457,General Medicine,Kidney Infection,Urgent,2025-10-09,2025-10-12,Transferred,16828.77
A002778,P01555,Neurology,Multiple Sclerosis,Emergency,02/23/2025,2025-02-26,Recovered,28082.1
A004828,P03741,Cardiology,Heart Failure,Urgent,12/21/2025,2025-12-22,Recovered,33491.86
A002297,P00384,Orthopedics,Joint Replacement,Urgent,2024-12-15,2024-12-20,Transferred,22197.42
A002946,P02330,Pediatrics,Gastroenteritis,Emergency,2025-03-21,2025-03-22,Transferred,4228.76
A000218,P03382,Neurology,Multiple Sclerosis,Emergency,2024-02-07,2024-02-11,Improved,35463.4
A003411,P01041,Neurology,Stroke,Urgent,2025-05-28,2025-06-01,Recovered,32334.95
A003522,P02291,Oncology,Lymphoma,Urgent,2025-06-13,2025-06-15,Improved,56011.93
A004041,P03303,General Medicine,Diabetes Complication,Urgent,08/23/2025,2025-08-26,Recovered,10873.78
A001821,P02129,Pediatrics,Pediatric Asthma,Emergency,2024-10-08,2024-10-11,Improved,8727.85
A004308,P01998,Cardiology,Myocardial Infarction,Emergency,10/07/2025,2025-10-12,Recovered,41315.3
A000687,P01976,Pediatrics,Gastroenteritis,Elective,2024-04-18,2024-04-21,Improved,8987.25
A004644,P01759,General Medicine,Kidney Infection,Emergency,2025-11-26,2025-11-30,Improved,15832.83
A004177,P01334,Orthopedics,Spinal Disorder,Emergency,09/12/2025,2025-09-12,Recovered,15289.49
A003087,P01274,Cardiology,Myocardial Infarction,Urgent,2025-04-12,2025-04-14,Recovered,28201.79
A001038,P02368,Pediatrics,Pediatric Asthma,Emergency,2024-06-11,2024-06-11,Recovered,9035.27
A004238,P01424,Oncology,Lung Cancer,Elective,2025-09-23,2025-10-05,Improved,51601.47
A000005,P03882,General Medicine,Sepsis,Emergency,2024-01-01,2024-01-06,Recovered,17141.64
A004596,P00482,General Medicine,Sepsis,Elective,2025-11-20,2025-11-23,Recovered,17598.95
A003082,P02826,Cardiology,Myocardial Infarction,Emergency,04/11/2025,2025-04-16,Improved,34847.32
A004489,P03803,General Medicine,Kidney Infection,Urgent,2025-11-04,2025-11-05,Improved,6754.74
A002176,P02638,General Medicine,Kidney Infection,Elective,2024-11-27,2024-11-29,Recovered,10434.98
A000676,P02166,Cardiology,Heart Failure,Emergency,04/16/2024,2024-04-24,Transferred,44505.65
A000810,P00872,Cardiology,Heart Failure,Elective,2024-05-07,2024-05-16,Recovered,56614.11
A003760,P00921,Pulmonology,COPD,Emergency,2025-07-13,2025-07-18,Improved,22643.09
A003847,P00364,general medicine,Sepsis,Emergency,07/28/2025,2025-07-30,Improved,14049.35
A000152,P00186,General Medicine,Kidney Infection,Emergency,2024-01-26,2024-01-27,Recovered,10779.9
A000014,P02215,Pediatrics,Bronchiolitis,Emergency,2024-01-03,2024-01-06,Recovered,8672.92
A001482,P03224,Orthopedics,Hip Fracture,Emergency,2024-08-16,2024-08-19,Recovered,40696.64
A002598,P02296,General Medicine,Sepsis,Urgent,2025-01-30,2025-02-06,Recovered,17028.79
A004380,P02001,Cardiology,Myocardial Infarction,,2025-10-17,2025-10-27,Recovered,58218.99
A001751,P00844,Pediatrics,Bronchiolitis,Emergency,2024-09-26,2024-10-04,Recovered,21182.63
A001177,P03916,Pediatrics,Pediatric Asthma,Urgent,2024-07-03,2024-07-04,Transferred,6642.78
A001351,P00675,General Medicine,Sepsis,Elective,07/28/2024,2024-08-01,Recovered,8722.26
A004309,P02441,Cardiology,Myocardial Infarction,Urgent,2025-10-07,2025-10-09,Recovered,20503.07
A003474,P03535,Pediatrics,Bronchiolitis,Urgent,2025-06-09,2025-06-12,Recovered,9617.7
A001449,P00098,Pulmonology,Asthma,Urgent,2024-08-12,2024-08-19,Recovered,25310.51
A000627,P02887,Cardiology,Arrhythmia,Urgent,2024-04-07,2024-04-13,Transferred,38098.57
A002318,P03695,General Medicine,Sepsis,Emergency,2024-12-19,2024-12-22,Recovered,7851.71
A004784,P03904,Pediatrics,Pediatric Asthma,Emergency,12/16/2025,2025-12-17,Improved,9554.47
A004771,P02999,General Medicine,Kidney Infection,Elective,2025-12-15,2025-12-20,Recovered,13891.16
A004536,P00077,Oncology,Lymphoma,Emergency,2025-11-11,2025-11-20,Recovered,64818.96
A002372,P00774,Orthopedics,Spinal Disorder,Urgent,2024-12-26,2025-01-01,Improved,52085.48
A002188,P02142,Orthopedics,Joint Replacement,Elective,11/28/2024,2024-11-30,Recovered,18833.23
A000621,P02346,Oncology,Lymphoma,Elective,2024-04-06,2024-04-07,Improved,25124.96
A003980,P03835,Pediatrics,Bronchiolitis,Urgent,2025-08-14,2025-08-16,Recovered,9376.85
A001171,P01867,Pediatrics,Pediatric Asthma,Urgent,2024-07-03,2024-07-04,Recovered,7417.98
A003854,P03653,Pulmonology,Asthma,Emergency,2025-07-29,2025-08-01,Transferred,15521.97
A003023,P03920,Orthopedics,Spinal Disorder,Emergency,2025-04-02,2025-04-09,Improved,33346.76
A002089,P03112,Oncology,Lymphoma,Emergency,2024-11-15,2024-11-17,Improved,35311.19
A000770,P03798,Pediatrics,Pediatric Asthma,Emergency,2024-05-01,2024-05-03,Recovered,16739.26
A002897,P02504,Pediatrics,Pediatric Asthma,Elective,2025-03-14,2025-03-19,Improved,12905.67
A002394,P00933,Orthopedics,Joint Replacement,Emergency,2024-12-30,2025-01-01,Improved,15662.19
A004743,P00667,pulmonology ,Asthma,Elective,2025-12-11,2025-12-13,Recovered,16437.32
A002746,P03858,Pediatrics,Pediatric Asthma,Emergency,2025-02-19,2025-02-26,Improved,27435.48
A001392,P03790,Cardiology,Arrhythmia,Urgent,2024-08-04,2024-08-06,Improved,29930.63
A004813,P01114,General Medicine,Kidney Infection,Urgent,2025-12-19,2025-12-21,Recovered,13203.3
A001491,P03370,Pediatrics,Pediatric Asthma,Emergency,2024-08-17,2024-08-20,Improved,13270.85
A003825,P02316,Pediatrics,Bronchiolitis,Emergency,07/24/2025,2025-07-29,Recovered,15529.58
A002939,P02586,Pulmonology,Asthma,Elective,2025-03-20,2025-03-24,Improved,27685.31
A003313,P03161,Pediatrics,Pediatric Asthma,Emergency,2025-05-14,2025-05-16,Recovered,9193.5
A001048,P02191,Cardiology,Myocardial Infarction,Emergency,2024-06-12,2024-06-18,Improved,31774.0
A000089,P03220,Cardiology,Myocardial Infarction,Emergency,01/16/2024,2024-01-18,Recovered,
A003323,P02153,Oncology,Lymphoma,Elective,2025-05-16,2025-05-22,Recovered,63483.31
A004316,P03377,General Medicine,Kidney Infection,Urgent,2025-10-08,2025-10-08,Recovered,10246.92
A003920,P01217,Neurology,Multiple Sclerosis,Emergency,2025-08-07,2025-08-09,Improved,24649.81
A004254,P02822,Neurology,Stroke,Emergency,2025-09-26,2025-10-11,Transferred,72960.51
A001610,P03170,Neurology,Stroke,Emergency,2024-09-06,2024-09-11,Improved,26712.8
A002595,P02031,Neurology,Multiple Sclerosis,Urgent,2025-01-29,2025-02-02,Improved,21905.96
A000050,P02503,Cardiology,Arrhythmia,Urgent,01/09/2024,2024-01-11,Transferred,44477.64
A002652,P01331,Oncology,Lung Cancer,Urgent,02/07/2025,2025-02-08,Recovered,24530.51
A003319,P01993,Orthopedics,Joint Replacement,Emergency,2025-05-15,2025-05-18,Improved,17998.18
A002504,P01128,Neurology,Seizure Disorder,Urgent,01/14/2025,2025-01-20,Recovered,34211.79
A002001,P00792,Cardiology,Heart Failure,Urgent,2024-10-31,2024-11-04,Recovered,37277.18
A003607,P01349,Pulmonology,Asthma,Emergency,2025-06-24,2025-06-30,Recovered,39150.46
A000547,P02437,Neurology,Seizure Disorder,Emergency,2024-03-28,2024-04-05,Recovered,42019.82
A002448,P00720,General Medicine,Diabetes Complication,Emergency,2025-01-06,2025-01-08,Recovered,11172.76
A003883,P03983,Orthopedics,Joint Replacement,Urgent,08/02/2025,2025-08-04,Recovered,31919.26
A001163,P01052,Orthopedics,Spinal Disorder,Emergency,2024-07-02,2024-07-07,Recovered,22968.16
A004479,P01285,Oncology,Breast Cancer,Urgent,2025-11-02,2025-11-12,Deceased,80661.67
A001425,P01197,Neurology,Stroke,Elective,2024-08-09,2024-08-19,Improved,56475.56
A004500,P03623,Cardiology,Arrhythmia,Emergency,11/06/2025,2025-11-08,Deceased,34379.54
A003286,P02557,Oncology,Lymphoma,Elective,2025-05-10,2025-05-12,Improved,25952.14
A003371,P02229,Neurology,Multiple Sclerosis,Emergency,2025-05-22,2025-05-25,Recovered,26783.77
A003903,P00349,Pediatrics,Bronchiolitis,Urgent,2025-08-05,2025-08-07,Recovered,7874.37
A001971,P00772,Cardiology,Arrhythmia,Emergency,2024-10-27,2024-11-13,Recovered,85301.24
A000401,P01118,General Medicine,Diabetes Complication,Urgent,2024-03-07,2024-03-10,Transferred,14516.24
A003880,P01825,General Medicine,Kidney Infection,Emergency,2025-08-02,2025-08-04,Recovered,11955.39
A003349,P01262,General Medicine,Kidney Infection,Emergency,2025-05-19,2025-05-23,Recovered,21816.81
A002499,P00323,Pulmonology,Asthma,Emergency,01/13/2025,2025-01-17,Recovered,23936.03
A000822,P01019,Pediatrics,Pediatric Asthma,Urgent,05/09/2024,2024-05-11,Recovered,10614.84
A000781,P01191,Cardiology,Heart Failure,Emergency,05/02/2024,2024-05-09,Recovered,49096.36
A001769,P00271,General Medicine,Diabetes Complication,Emergency,2024-09-29,2024-10-01,Improved,-10149.73
A000316,P00196,Pediatrics,Pediatric Asthma,Emergency,2024-02-23,2024-02-28,Transferred,10775.26
A002752,P00946,Pediatrics,Gastroenteritis,Emergency,2025-02-20,2025-02-24,Recovered,16080.54
A002734,P02874,General Medicine,Diabetes Complication,Urgent,2025-02-17,2025-02-20,Recovered,14118.72
A000287,P02158,Pulmonology,Asthma,Emergency,2024-02-18,2024-02-22,Recovered,23367.54
A004275,P01081,Oncology,Lymphoma,Emergency,2025-10-01,2025-10-08,Improved,60548.59
A000732,P00826,Pediatrics,Gastroenteritis,Elective,2024-04-26,2024-05-02,Recovered,17962.58
A002348,P00703,Pediatrics,Gastroenteritis,Elective,12/23/2024,2024-12-24,Improved,10558.86
A003548,P00561,Orthopedics,Spinal Disorder,Emergency,2025-06-17,2025-06-19,Improved,27793.4
A002615,P01388,Pulmonology,Pneumonia,Elective,2025-02-01,2025-02-16,Recovered,55078.85
A003277,P02127,Orthopedics,Joint Replacement,Emergency,2025-05-08,2025-05-10,Transferred,32634.47
A002888,P00065,Cardiology,Arrhythmia,Emergency,2025-03-12,2025-03-15,Improved,30889.29
A001046,P02025,Pediatrics,Bronchiolitis,Urgent,2024-06-11,2024-06-13,Recovered,10751.95
A000161,P02503,Cardiology,Myocardial Infarction,Emergency,2024-01-28,2024-02-03,Improved,41131.16
A002917,P02361,Oncology,Lung Cancer,Emergency,2025-03-17,2025-03-24,Improved,56661.07
A002202,P00898,Pediatrics,Pediatric Asthma,Elective,2024-12-01,2024-12-03,Recovered,12742.47
A002770,P00144,General Medicine,Kidney Infection,Emergency,2025-02-21,2025-02-23,Improved,15153.19
A000540,P02616,Oncology,Lung Cancer,Emergency,2024-03-27,2024-04-05,Recovered,54741.25
A000295,P00655,General Medicine,Sepsis,Emergency,2024-02-20,2024-02-23,Transferred,15683.08
A003886,P00728,Pediatrics,Gastroenteritis,Urgent,2025-08-03,2025-08-04,Recovered,9449.49
A003264,P03206,Cardiology,Myocardial Infarction,Emergency,2025-05-06,2025-05-10,Recovered,67307.68
A004185,P02588,Cardiology,Myocardial Infarction,Urgent,2025-09-14,2025-09-19,Recovered,40028.11
A000117,P03676,General Medicine,Sepsis,Elective,2024-01-20,2024-01-30,Recovered,35385.66
A000615,P03184,Pediatrics,Bronchiolitis,Elective,2024-04-06,2024-04-08,Recovered,8753.91
A004695,P03474,General Medicine,Kidney Infection,Emergency,12/05/2025,2025-12-06,Recovered,11054.32
A002685,P03629,Cardiology,Myocardial Infarction,Emergency,02/12/2025,2025-02-14,Recovered,29792.25
A004514,P01013,General Medicine,Kidney Infection,Urgent,2025-11-08,2025-11-12,Transferred,14735.27
A003751,P00274,General Medicine,Diabetes Complication,Elective,07/12/2025,2025-07-18,Deceased,17901.9
A004796,P02656,Pulmonology,Asthma,Emergency,2025-12-17,2025-12-23,Recovered,54694.52
A002912,P03328,General Medicine,Diabetes Complication,Urgent,2025-03-16,2025-03-21,Recovered,14567.98
A001215,P03916,Pediatrics,Gastroenteritis,Emergency,2024-07-08,2024-07-12,Recovered,14178.33
A002011,P01199,Oncology,Lung Cancer,Emergency,2024-11-01,2024-11-04,Recovered,36218.11
A001251,P00490,Oncology,Lung Cancer,Emergency,07/15/2024,2024-07-28,Recovered,73277.24
A001462,P03850,General Medicine,Sepsis,Emergency,2024-08-14,2024-08-16,Recovered,14448.47
A001154,P02598,Oncology,Lymphoma,Emergency,2024-06-30,2024-07-05,Recovered,42638.64
A002968,P03146,Pulmonology,COPD,Elective,2025-03-24,2025-03-26,Recovered,19423.95
A002527,P00338,Pulmonology,Pneumonia,Emergency,2025-01-18,2025-02-02,Improved,27033.26
A000234,P00485,General Medicine,Kidney Infection,Emergency,2024-02-10,2024-02-14,Improved,12600.06
A004336,P01174,Pediatrics,Bronchiolitis,Emergency,2025-10-11,2025-10-12,Recovered,9241.95
A002636,P00827,General Medicine,Sepsis,Emergency,2025-02-05,2025-02-10,Improved,15213.41
A004655,P01500,Neurology,Multiple Sclerosis,Urgent,2025-11-28,2025-11-30,Transferred,20888.9
A003680,P00385,Pediatrics,Bronchiolitis,Emergency,2025-07-05,2025-07-10,Recovered,12482.06
A000386,P00216,Pulmonology,Pneumonia,Urgent,2024-03-05,2024-03-15,Improved,24362.59
A003725,P03345,Cardiology,Myocardial Infarction,Urgent,2025-07-09,2025-07-10,Improved,15810.24
A001308,P00721,Pediatrics,Gastroenteritis,Emergency,07/22/2024,2024-07-26,Recovered,11156.2
A003665,P01927,Cardiology,Myocardial Infarction,Urgent,2025-07-02,2025-07-08,Improved,45374.96
A000737,P03852,Pediatrics,Pediatric Asthma,Emergency,2024-04-26,2024-04-28,Recovered,10641.95
A003855,P00150,Pediatrics,Gastroenteritis,Elective,2025-07-30,2025-08-01,Recovered,5848.82
A003379,P02731,general medicine,Kidney Infection,Elective,05/23/2025,2025-05-26,Recovered,13545.06
A004827,P03575,Oncology,Breast Cancer,Emergency,2025-12-21,2026-01-01,Recovered,62282.81
A003125,P01988,Oncology,Lung Cancer,Elective,2025-04-18,2025-05-03,Recovered,131447.23
A004178,P00253,Pediatrics,Bronchiolitis,Emergency,2025-09-13,2025-09-17,Improved,12723.39
A000524,P00642,Cardiology,Arrhythmia,Emergency,2024-03-25,2024-03-30,Recovered,46961.98
A002989,P01031,Pulmonology,Pneumonia,Elective,2025-03-27,2025-04-01,Recovered,19664.94
A002392,P02110,Pulmonology,Pneumonia,Urgent,2024-12-30,2024-12-31,Recovered,16003.74
A002745,P00424,Neurology,Multiple Sclerosis,Elective,2025-02-19,2025-02-23,Recovered,29171.62
A001757,P02935,General  Medicine,Diabetes Complication,Emergency,2024-09-27,2024-10-06,Recovered,25273.71
A002204,P02010,Neurology,Multiple Sclerosis,Elective,2024-12-01,2024-12-01,Recovered,19876.37
A003850,P01687,Oncology,Lymphoma,Emergency,07/28/2025,2025-08-05,Transferred,51937.41
A002186,P01379,Cardiology,Heart Failure,Emergency,11/28/2024,2024-11-29,Recovered,16166.8
A003527,P03606,Pediatrics,Gastroenteritis,Emergency,06/14/2025,2025-06-16,Recovered,6304.07
A002997,P03332,Cardiology,Arrhythmia,Urgent,2025-03-29,2025-04-01,Improved,40407.49
A001537,P00395,General Medicine,Diabetes Complication,Urgent,2024-08-25,2024-08-27,Improved,11307.07
A001324,P03592,Orthopedics,Joint Replacement,Emergency,2024-07-24,2024-07-26,Recovered,24986.75
A004353,P01757,General Medicine,Diabetes Complication,Emergency,2025-10-13,2025-10-19,Recovered,19854.21
A003402,P02613,Pediatrics,Gastroenteritis,Emergency,05/27/2025,2025-05-28,Recovered,8657.37
A000640,P02670,Pulmonology,COPD,Emergency,2024-04-09,2024-04-25,Recovered,62717.88
A002410,P00703,Pediatrics,Pediatric Asthma,Emergency,2025-01-01,2025-01-04,Recovered,8970.83
A004332,P00018,Pediatrics,Gastroenteritis,Elective,2025-10-10,2025-10-16,Improved,24959.11
A002873,P03261,Neurology,Seizure Disorder,Elective,03/10/2025,2025-03-14,Recovered,30508.66
A003789,P02603,Orthopedics,Hip Fracture,Emergency,2025-07-19,2025-07-24,Recovered,33626.73
A002858,P02315,Cardiology,Arrhythmia,Emergency,2025-03-07,2025-03-12,Improved,30361.79
A001012,P02242,Neurology,Multiple Sclerosis,Urgent,2024-06-06,2024-06-14,Recovered,33207.13
A002282,P03579,Pulmonology,Pneumonia,Emergency,2024-12-13,2024-12-25,Recovered,46933.08
A003546,P02369,Pediatrics,Pediatric Asthma,Urgent,06/17/2025,2025-06-18,Recovered,10186.77
A000609,P03024,General Medicine,Sepsis,Urgent,04/06/2024,2024-04-08,Recovered,12820.25
A001022,P01337,Cardiology,Heart Failure,Urgent,06/08/2024,2024-06-16,Improved,68004.65
A002473,P00906,Pulmonology,Asthma,Emergency,2025-01-09,2025-01-16,Recovered,25265.76
A004608,P00015,Cardiology,Heart Failure,Emergency,2025-11-21,2025-11-22,Recovered,17812.66
A000290,P01989,Pulmonology,COPD,Emergency,2024-02-19,2024-02-20,Transferred,14884.86
A003638,P03546,General Medicine,Diabetes Complication,Urgent,2025-06-29,2025-07-04,Recovered,10779.1
A000914,P02244,Pediatrics,Gastroenteritis,Elective,2024-05-24,2024-05-24,Transferred,8078.71
A004501,P00876,Oncology,Lymphoma,Urgent,2025-11-06,2025-11-13,Improved,64678.74
A003246,P02395,Cardiology,Myocardial Infarction,Emergency,2025-05-04,2025-05-05,Recovered,41567.95
A000785,P00794,General Medicine,Sepsis,Emergency,2024-05-03,2024-05-15,Recovered,28107.01
A004888,P00040,Oncology,Breast Cancer,Emergency,2025-12-30,2026-01-04,Recovered,35151.55
A001410,P03748,Pulmonology,Asthma,Emergency,2024-08-06,2024-08-11,Recovered,24128.87
A003748,P02944,Pediatrics,Bronchiolitis,Urgent,2025-07-12,2025-07-14,Recovered,7553.59
A002159,P01851,Pediatrics,Gastroenteritis,Urgent,2024-11-25,2024-11-26,Transferred,7181.01
A000760,P03812,Pulmonology,Pneumonia,Emergency,2024-04-30,2024-05-01,Improved,23361.25
A004063,P00684,General Medicine,Sepsis,Urgent,2025-08-27,2025-09-04,Improved,16861.88
A002509,P03560,Cardiology,Arrhythmia,Urgent,2025-01-15,2025-01-19,Recovered,43103.25
A003211,P03349,Pediatrics,Pediatric Asthma,Elective,2025-04-29,2025-05-02,Transferred,10888.02
A003017,P01623,Oncology,Lymphoma,Emergency,2025-04-02,2025-04-13,Recovered,63257.71
A000935,P00002,General Medicine,Kidney Infection,Elective,2024-05-26,2024-05-27,Transferred,9198.09
A002794,P00735,Neurology,Multiple Sclerosis,Urgent,2025-02-26,2025-02-28,Recovered,16699.48
A002835,P02543,General Medicine,Diabetes Complication,Emergency,2025-03-04,2025-03-07,Improved,20225.63
A001619,P02343,General Medicine,Kidney Infection,Urgent,2024-09-08,2024-09-13,Improved,20449.1
A001416,P03020,Pulmonology,COPD,Urgent,2024-08-07,2024-08-14,Recovered,33781.49
A002864,P00193,General Medicine,Diabetes Complication,Elective,03/09/2025,2025-03-11,Recovered,13202.56
A004566,P01392,Neurology,Stroke,Emergency,2025-11-16,2025-11-21,Recovered,33345.63
A003834,P01015,Orthopedics,Joint Replacement,,07/26/2025,2025-08-01,Transferred,38591.23
A003798,P02932,Cardiology,Arrhythmia,Urgent,07/20/2025,2025-07-22,Recovered,30212.74
A000827,P03315,General Medicine,Sepsis,Emergency,2024-05-09,2024-05-16,Transferred,20508.28
A000752,P01797,Pulmonology,Pneumonia,Urgent,2024-04-28,2024-05-10,Recovered,
A000928,P03323,Pulmonology,Asthma,Emergency,2024-05-26,2024-05-28,Recovered,17025.86
A003261,P01320,Cardiology,Myocardial Infarction,Emergency,2025-05-05,2025-05-09,Recovered,44379.77
A000484,P00688,Pulmonology,COPD,Emergency,03/19/2024,2024-04-05,Recovered,88430.01
A003783,P02713,Oncology,Breast Cancer,Urgent,2025-07-17,2025-08-08,Recovered,167477.38
A003777,P01046,Pediatrics,Gastroenteritis,Urgent,2025-07-17,2025-07-18,Improved,6603.42
A003422,P03011,Oncology,Lung Cancer,Emergency,2025-05-30,2025-06-03,Recovered,42798.44
A000262,P01919,Cardiology,Heart Failure,Elective,2024-02-15,2024-02-19,Recovered,20937.75
A001458,P01732,Oncology,Breast Cancer,Elective,2024-08-13,2024-08-27,Improved,62122.26
A003750,P01200,Orthopedics,Joint Replacement,Emergency,2025-07-12,2025-07-13,Recovered,27676.23
A004376,P02080,Pediatrics,Gastroenteritis,Emergency,2025-10-17,2025-10-20,Recovered,12320.99
A003873,P02995,Cardiology,Heart Failure,Urgent,2025-08-01,2025-08-02,Recovered,45430.39
A004870,P00058,Pediatrics,Pediatric Asthma,Elective,2025-12-27,2025-12-31,Recovered,20687.61
A003594,P03322,Pediatrics,Gastroenteritis,Urgent,2025-06-23,2025-06-24,Recovered,10119.01
A000854,P00293,General Medicine,Sepsis,Emergency,2024-05-15,2024-05-20,Improved,16092.31
A004477,P00857,General Medicine,Kidney Infection,Emergency,2025-11-02,2025-11-06,Improved,14536.08
A003484,P03098,pulmonology ,Pneumonia,Emergency,2025-06-10,2025-06-15,Recovered,28813.13
A004145,P00373,Cardiology,Arrhythmia,Emergency,2025-09-07,2025-09-13,Recovered,33387.08
A004013,P00055,General Medicine,Sepsis,Emergency,2025-08-18,2025-08-20,Recovered,10552.97
A001702,P01168,Neurology,Seizure Disorder,Elective,09/20/2024,2024-09-23,Recovered,35809.32
A004734,P02016,Orthopedics,Hip Fracture,Emergency,2025-12-11,2025-12-12,Recovered,17528.54
A003209,P01256,Pediatrics,Bronchiolitis,Urgent,2025-04-29,2025-04-30,Improved,7279.15
A000204,P03194,General Medicine,Kidney Infection,Urgent,2024-02-06,2024-02-11,Improved,18531.12
A001552,P02091,Neurology,Multiple Sclerosis,Emergency,2024-08-27,2024-09-10,Recovered,54621.67
A002388,P01526,Pediatrics,Pediatric Asthma,Elective,2024-12-30,2025-01-01,Improved,9119.07
A003919,P03259,Oncology,Lymphoma,Emergency,08/07/2025,2025-08-15,Transferred,48605.21
A002316,P02695,General Medicine,Diabetes Complication,Elective,12/19/2024,2024-12-23,Recovered,12691.07
A001807,P03347,Orthopaedics,Hip Fracture,Emergency,2024-10-06,2024-10-09,Improved,17015.4
A001864,P01139,Cardiology,Myocardial Infarction,Urgent,10/13/2024,2024-10-15,Recovered,30305.83
A001494,P03350,General Medicine,Sepsis,Elective,2024-08-18,2024-08-20,Recovered,10431.84
A003361,P00734,General Medicine,Diabetes Complication,Urgent,2025-05-20,2025-05-22,Improved,11606.77
A002041,P02563,Oncology,Lymphoma,Elective,2024-11-07,2024-11-16,Recovered,64012.55
A002705,P01339,Oncology,Lymphoma,Urgent,2025-02-14,2025-02-18,Recovered,60609.0
A004260,P02057,General Medicine,Sepsis,Urgent,2025-09-27,2025-09-30,Improved,11693.13
A002863,P03083,Cardiology,Heart Failure,Emergency,2025-03-08,,Recovered,30115.27
A000184,P03392,Pulmonology,Pneumonia,Emergency,02/01/2024,2024-02-07,Transferred,24730.35
A004083,P02682,Pediatrics,Bronchiolitis,Urgent,2025-08-29,,Recovered,19245.31
A000038,P01719,General Medicine,Diabetes Complication,Emergency,2024-01-07,2024-01-09,Recovered,12725.24
A002576,P02064,Neurology,Stroke,Elective,2025-01-26,2025-01-30,Improved,32108.67
A000999,P03390,Oncology,Lymphoma,Elective,2024-06-03,2024-06-08,Improved,75221.56
A002419,P02851,General Medicine,Kidney Infection,Urgent,2025-01-02,2025-01-16,Improved,29510.47
A003961,P01646,Oncology,Lung Cancer,Emergency,08/12/2025,2025-08-27,Recovered,130481.46
A002601,P03945,Pediatrics,Gastroenteritis,Emergency,01/31/2025,2025-02-07,Recovered,13433.42
A002999,P01624,Pediatrics,Bronchiolitis,Emergency,2025-03-29,,Recovered,6718.86
A000981,P00585,Pulmonology,COPD,Emergency,2024-06-01,2024-06-05,Improved,23578.03
A001430,P00955,Neurology,Seizure Disorder,Emergency,2024-08-10,2024-08-16,Recovered,40275.5
A001216,P01717,General Medicine,Diabetes Complication,Emergency,07/09/2024,2024-07-12,Recovered,16975.61
A003348,P01211,Neurology,Stroke,Urgent,2025-05-19,2025-05-20,Recovered,17613.41
A000069,P03879,Pediatrics,Bronchiolitis,Emergency,2024-01-13,2024-01-15,Recovered,10567.31
A001779,P03192,Cardiology,Heart Failure,Elective,2024-10-01,2024-10-05,Recovered,22654.98
A003456,P00195,General Medicine,Sepsis,Emergency,2025-06-06,2025-06-08,Recovered,12380.94
A001432,P03134,Pediatrics,Bronchiolitis,Urgent,2024-08-10,2024-08-13,Recovered,8894.33
A002349,P03897,Cardiology,Arrhythmia,Emergency,2024-12-23,2024-12-27,Improved,54661.9
A002525,P02905,Oncology,Lymphoma,Emergency,2025-01-18,2025-01-20,Recovered,40256.61
A002592,P00333,General Medicine,Sepsis,Emergency,01/29/2025,2025-02-01,Recovered,13519.23
A002267,P02890,General Medicine,Kidney Infection,Urgent,12/11/2024,2024-12-11,Recovered,8351.07
A003327,P03234,Pediatrics,Gastroenteritis,Elective,05/16/2025,2025-05-23,Improved,15769.29
A000037,P03805,Pediatrics,Bronchiolitis,Urgent,01/06/2024,2024-01-10,Improved,16750.4
A003312,P02595,Oncology,Breast Cancer,Elective,05/14/2025,2025-05-27,Improved,119863.14
A003167,P00385,Pediatrics,Pediatric Asthma,Emergency,2025-04-24,2025-04-26,Improved,6652.17
A003862,P03554,Oncology,Lung Cancer,Emergency,07/30/2025,2025-08-02,Recovered,27829.08
A000284,P02940,Pediatrics,Pediatric Asthma,Urgent,2024-02-18,2023-12-31,Recovered,11694.38
A004232,P01256,Pediatrics,Bronchiolitis,Emergency,2025-09-22,2025-09-24,Improved,7913.08
A004049,P00373,General Medicine,Sepsis,Emergency,08/25/2025,2025-08-26,Recovered,16634.93
A003262,P02241,Orthopedics,Joint Replacement,Urgent,2025-05-05,2025-05-08,Recovered,23656.06
A002674,P03969,General Medicine,Kidney Infection,Emergency,2025-02-10,2025-02-12,Recovered,9716.65
A002558,P01367,General  Medicine,Sepsis,Emergency,01/23/2025,2025-01-28,Improved,13991.07
A004149,P01051,Orthopedics,Hip Fracture,Elective,2025-09-07,2025-09-10,Transferred,23668.61
A003335,P01360,General Medicine,Kidney Infection,Elective,2025-05-17,2025-05-20,Recovered,10652.86
A003448,P01148,Orthopedics,Hip Fracture,Elective,06/05/2025,2025-06-07,Transferred,14141.96
A004107,P00721,Pediatrics,Gastroenteritis,Elective,2025-09-01,2025-09-02,Improved,9141.66
A003940,P02820,General Medicine,Kidney Infection,Emergency,2025-08-09,2025-08-14,Improved,21037.49
A001588,P03888,Pediatrics,Gastroenteritis,Urgent,2024-09-03,2024-09-07,Improved,14676.59
A002206,P02126,General Medicine,Kidney Infection,Emergency,2024-12-01,2024-12-01,Recovered,7432.06
A001995,P01901,Orthopedics,Joint Replacement,Emergency,2024-10-30,2024-11-04,Improved,21047.29
A000383,P00612,General Medicine,Sepsis,Urgent,2024-03-04,2024-03-07,Recovered,14197.37
A001443,P01177,Cardiology,Arrhythmia,Urgent,2024-08-11,2024-08-14,Improved,30547.62
A002768,P02704,Oncology,Breast Cancer,Emergency,2025-02-21,2025-02-23,Improved,35110.25
A002118,P00987,General Medicine,Sepsis,Elective,2024-11-17,2024-11-27,Improved,31720.11
A003112,P03025,Orthopedics,Spinal Disorder,Emergency,2025-04-16,,Recovered,38220.41
A002375,P00384,Orthopedics,Spinal Disorder,Emergency,2024-12-26,2025-01-01,Recovered,27800.65
A003069,P01999,Orthopedics,Spinal Disorder,Elective,2025-04-09,2025-04-10,Improved,16640.84
A004823,P00373,ortho,Spinal Disorder,Emergency,12/20/2025,2025-12-21,Recovered,24542.66
A002547,P01361,Pediatrics,Bronchiolitis,Emergency,2025-01-21,2025-01-29,Recovered,12340.26
A002541,P02617,Oncology,Lymphoma,Emergency,2025-01-20,2025-01-24,Recovered,30157.08
A001013,P01381,Pulmonology,Asthma,Emergency,06/06/2024,2024-06-07,Deceased,14763.68
A001921,P03369,Orthopedics,Spinal Disorder,Emergency,2024-10-20,2024-10-21,Recovered,14485.43
A003613,P03549,Oncology,Breast Cancer,Elective,2025-06-25,2025-07-02,Improved,58619.2
A001620,P03884,General Medicine,Diabetes Complication,Urgent,2024-09-08,2024-09-10,Recovered,11033.66
A001049,P00748,general medicine,Kidney Infection,Emergency,2024-06-12,2024-06-13,Improved,9194.67
A000399,P00460,Pediatrics,Pediatric Asthma,Emergency,2024-03-07,2024-03-07,Recovered,
A002799,P03860,Neurology,Seizure Disorder,Elective,2025-02-27,2025-03-02,Recovered,23809.1
A000002,P02352,Cardiology,Arrhythmia,Urgent,2024-01-01,2024-01-02,Recovered,28776.8
A002575,P03449,General Medicine,Diabetes Complication,Urgent,2025-01-26,2025-01-31,Recovered,10668.43
A001474,P02344,Cardiology,Myocardial Infarction,Emergency,2024-08-15,2024-08-18,Recovered,29822.53
A000308,P02355,Pulmonology,Asthma,Urgent,2024-02-21,2024-02-24,Recovered,16835.93
A001799,P00737,Oncology,Breast Cancer,Emergency,2024-10-04,2024-10-09,Deceased,54812.77
A001365,P02676,Oncology,Lymphoma,Emergency,2024-07-31,2024-08-06,Improved,32269.46
A003584,P03717,General Medicine,Sepsis,Emergency,06/21/2025,2025-06-27,Improved,22292.98
A000170,P01674,General Medicine,Sepsis,Emergency,2024-01-29,2024-02-03,Improved,22385.24
A000956,P02164,Orthopedics,Joint Replacement,Elective,05/29/2024,2024-05-30,Improved,10885.99
A003022,P00886,Pulmonology,Asthma,Urgent,2025-04-02,2025-04-09,Recovered,37711.38
A002266,P03293,Neurology,Seizure Disorder,Urgent,2024-12-11,2024-12-15,Recovered,48446.78
A000266,P02011,Orthopedics,Joint Replacement,Emergency,2024-02-15,2024-02-17,Improved,15960.68
A003064,P03016,General Medicine,Diabetes Complication,Emergency,04/09/2025,2025-04-11,Improved,13549.05
A003720,P02169,General Medicine,Kidney Infection,Elective,07/09/2025,2025-07-17,Recovered,16404.59
A001492,P03888,Pediatrics,Pediatric Asthma,Urgent,2024-08-18,2024-08-23,Recovered,8271.58
A002806,P01696,Neurology,Multiple Sclerosis,Urgent,2025-03-01,2025-03-06,Recovered,31615.67
A004755,P03940,General Medicine,Diabetes Complication,Emergency,2025-12-13,2025-12-17,Recovered,20624.0
A004215,P02794,Oncology,Lung Cancer,Emergency,2025-09-19,2025-09-21,Deceased,44254.3
A002660,P03740,General Medicine,Kidney Infection,Urgent,02/08/2025,2025-02-11,Recovered,11533.31
A002314,P02666,General Medicine,Diabetes Complication,Emergency,12/19/2024,2024-12-23,Recovered,13441.34
A004392,P00261,Cardiology,Myocardial Infarction,Urgent,2025-10-19,2025-10-22,Improved,46123.9
A001880,P01818,General Medicine,Sepsis,Emergency,2024-10-16,2024-10-18,Transferred,10773.22
A004153,P00542,Pediatrics,Pediatric Asthma,Emergency,2025-09-08,2025-09-11,Improved,9196.78
A001038,P02368,Pediatrics,Pediatric Asthma,Emergency,2024-06-11,2024-06-11,Recovered,9035.27
A001461,P01967,Orthopedics,Hip Fracture,Emergency,2024-08-13,2024-08-13,Recovered,16439.81
A002151,P00945,Pediatrics,Pediatric Asthma,Emergency,2024-11-24,2024-11-29,Recovered,15483.66
A004299,P03214,Orthopedics,Spinal Disorder,Emergency,10/05/2025,2025-10-09,Recovered,
A003153,P03682,Pediatrics,Bronchiolitis,Elective,2025-04-22,2025-04-24,Transferred,8777.44
A001965,P00576,Pulmonology,Pneumonia,Emergency,2024-10-26,2024-10-27,Recovered,
A002411,P02967,Gen Med,Kidney Infection,Emergency,2025-01-01,2025-01-08,Improved,15889.5
A003614,P01954,Cardiology,Arrhythmia,Emergency,2025-06-25,2025-06-26,Recovered,
A004206,P03444,General Medicine,Diabetes Complication,,2025-09-18,2025-09-21,Transferred,10174.29
A001941,P03682,Pediatrics,Bronchiolitis,Urgent,2024-10-22,2024-10-24,Recovered,13094.15
A000410,P01210,ortho,Joint Replacement,Emergency,2024-03-11,2024-03-14,Improved,35222.96
A000332,P02210,Pediatrics,Gastroenteritis,Emergency,2024-02-26,2024-02-29,Improved,14459.53
A001281,P02715,Oncology,Lung Cancer,Emergency,2024-07-19,2024-07-27,Improved,83770.0
A000965,P00755,pulmonology ,Asthma,Emergency,2024-05-30,2024-06-01,Transferred,13849.52
A002783,P03200,Cardiology,Heart Failure,Emergency,2025-02-25,2025-02-26,Recovered,14530.05
A000469,P03819,Orthopedics,Spinal Disorder,Urgent,2024-03-17,2024-03-19,Improved,21321.48
A003149,P00589,Neurology,Stroke,Emergency,2025-04-21,2025-04-24,Recovered,43594.75
A003026,P01363,Neurology,Seizure Disorder,Emergency,2025-04-02,2025-04-06,Improved,48115.52
A003013,P03686,Pediatrics,Gastroenteritis,Emergency,04/01/2025,2025-04-05,Recovered,10616.84
A001742,P03347,Orthopedics,Joint Replacement,Emergency,2024-09-25,2024-09-27,Recovered,26122.64
A000313,P02836,Orthopedics,Joint Replacement,Urgent,2024-02-22,2024-02-26,Recovered,32639.13
A002127,P01238,Pediatrics,Bronchiolitis,Emergency,2024-11-19,2024-11-22,Recovered,17361.58
A000828,P00469,Pediatrics,Gastroenteritis,Urgent,2024-05-09,2024-05-12,Recovered,11673.51
A001383,P03376,Neurology,Multiple Sclerosis,Emergency,2024-08-02,2024-08-04,Improved,
A003177,P00860,Orthopedics,Hip Fracture,Emergency,2025-04-25,2025-05-01,Recovered,36804.48
A002743,P00269,Cardiology,Heart Failure,Elective,2025-02-19,2025-02-21,Recovered,30309.0
A003910,P02829,Oncology,Lung Cancer,Emergency,2025-08-06,2025-08-08,Recovered,27788.9
A001856,P00418,Pediatrics,Pediatric Asthma,Elective,2024-10-12,2024-10-17,Improved,12513.06
A001665,P02566,Oncology,Lung Cancer,,2024-09-15,2024-09-22,Recovered,81853.69
A004389,P01047,General Medicine,Diabetes Complication,Urgent,2025-10-18,2025-10-20,Transferred,13058.72
A003885,P01235,Oncology,Breast Cancer,Emergency,08/03/2025,2025-08-11,Recovered,62453.89
A002377,P00323,Pulmonology,Asthma,Emergency,2024-12-27,2025-01-05,Recovered,32064.46
A001034,P03658,Cardiology,Heart Failure,Emergency,06/10/2024,2024-06-12,Recovered,29299.14
A002776,P02551,General Medicine,Sepsis,Urgent,02/23/2025,2025-02-26,Recovered,7725.2
A002804,P00911,Neurology,Multiple Sclerosis,Emergency,2025-02-28,2025-03-01,Improved,23318.67
A002381,P03645,General Medicine,Sepsis,Elective,2024-12-27,2025-01-01,Recovered,16106.01
A003949,P01439,Pulmonology,Asthma,Urgent,2025-08-10,2025-08-12,Recovered,15993.29
A002365,P01200,Orthopedics,Hip Fracture,Emergency,2024-12-25,2025-01-01,Transferred,47247.66
A002457,P00851,Orthopedics,Spinal Disorder,Elective,2025-01-07,2025-01-10,Recovered,30288.56
A002789,P00263,General Medicine,Diabetes Complication,Emergency,2025-02-25,2025-02-28,Improved,14461.44
A002621,P02367,General Medicine,Kidney Infection,Emergency,2025-02-02,2025-02-06,Recovered,
A002420,P02123,Orthopedics,Joint Replacement,Emergency,01/02/2025,2025-01-08,Improved,42148.84
A001161,P02202,Pediatrics,Bronchiolitis,Emergency,2024-07-02,2024-07-03,Recovered,9112.87
A000648,P00428,General Medicine,Sepsis,Urgent,2024-04-10,2024-04-13,Transferred,12026.91
A003450,P03150,Pediatrics,Bronchiolitis,Emergency,06/05/2025,2025-06-07,Improved,7644.31
A002485,P01743,General Medicine,Sepsis,Emergency,2025-01-11,2025-01-15,Transferred,10619.42
A003158,P03688,General Medicine,Diabetes Complication,Emergency,2025-04-23,2025-04-27,Deceased,15867.87
A002034,P03971,General Medicine,Kidney Infection,Emergency,2024-11-06,2024-11-08,Transferred,10652.97
A001203,P03324,General Medicine,Diabetes Complication,Emergency,07/07/2024,2024-07-08,Recovered,11676.43
A002223,P00279,Pediatrics,Bronchiolitis,Urgent,12/03/2024,2024-12-07,Improved,9160.4
A000230,P03969,Pulmonology,COPD,Emergency,2024-02-10,2024-02-16,Improved,26439.58
A003981,P01006,General Medicine,Kidney Infection,Urgent,08/14/2025,2025-08-18,Transferred,12142.2
A002095,P01839,Oncology,Lymphoma,Emergency,2024-11-15,2024-11-29,Recovered,65535.98
A003338,P03791,Pediatrics,Gastroenteritis,Emergency,2025-05-17,2025-05-19,Recovered,8092.77
A003285,P00361,Neurology,Stroke,Emergency,2025-05-10,2025-05-14,Improved,35075.68
A003744,P01929,Pediatrics,Pediatric Asthma,Emergency,2025-07-11,2025-07-13,Transferred,10684.71
A002439,P00023,Pediatrics,Pediatric Asthma,Emergency,01/05/2025,2025-01-11,Improved,17258.7
A000432,P00466,Neurology,Seizure Disorder,Urgent,2024-03-13,2024-03-18,Recovered,36830.12
A001035,P00270,Pulmonology,Pneumonia,Elective,2024-06-10,2024-06-13,Recovered,21498.34
A002790,P00715,Cardiology,Myocardial Infarction,Emergency,2025-02-26,2025-02-28,Improved,28774.78
A004889,P02960,General Medicine,Kidney Infection,Urgent,2025-12-30,2026-01-09,Recovered,22553.49
A002451,P02333,Neurology,Multiple Sclerosis,Emergency,01/07/2025,2025-01-17,Recovered,46823.38
A004578,P02396,Cardiology,Heart Failure,Emergency,2025-11-18,2025-11-22,Improved,28081.99
A004649,P03970,Orthopedics,Spinal Disorder,Elective,2025-11-26,2025-11-28,Recovered,22116.28
A001433,P02819,Pediatrics,Pediatric Asthma,Elective,08/10/2024,2024-08-12,Improved,10085.21
A001692,P00997,Orthopedics,Spinal Disorder,Emergency,2024-09-19,2024-09-24,Recovered,29651.01
A004604,P02628,Pediatrics,Bronchiolitis,Urgent,11/20/2025,2025-11-22,Recovered,6841.3
A004862,P02987, Cardiology ,Arrhythmia,Emergency,12/26/2025,2026-01-01,Recovered,71366.45
A001676,P03000,General Medicine,Kidney Infection,Emergency,2024-09-17,2024-09-20,Improved,19888.48
A003435,P03667,Cardiology,Myocardial Infarction,Urgent,2025-06-03,2025-06-05,Improved,21679.74
A002508,P03104,ortho,Hip Fracture,Emergency,2025-01-14,2025-01-18,Recovered,26524.07
A002120,P01566,Orthopedics,Joint Replacement,Emergency,2024-11-18,2024-11-23,Improved,22108.44
A000148,P00685,Pediatrics,Gastroenteritis,Elective,2024-01-26,2024-01-27,Recovered,7604.15
A001535,P00002,General Medicine,Kidney Infection,Elective,2024-08-25,2024-08-28,Recovered,11323.55
A002987,P03296,Cardiology,Arrhythmia,Emergency,03/27/2025,2025-04-08,Recovered,67162.98
A000180,P01513,Neurology,Stroke,Urgent,2024-01-31,2024-02-08,Recovered,38445.78
A000255,P03099,Pediatrics,Gastroenteritis,Emergency,02/14/2024,2024-02-20,Recovered,14958.74
A003859,P03129,General Medicine,Diabetes Complication,Urgent,2025-07-30,2025-08-03,Improved,18849.44
A002123,P00177,Neurology,Multiple Sclerosis,Urgent,2024-11-18,2024-11-24,Improved,38549.28
A004407,P01580,General Medicine,Kidney Infection,Emergency,10/21/2025,2025-10-24,Transferred,12544.92
A001598,P02540,Cardiology,Heart Failure,Emergency,2024-09-04,2024-09-08,Transferred,41206.78
A004006,P02412,Pediatrics,Bronchiolitis,Elective,2025-08-17,2025-08-21,Improved,13237.77
A000659,P00533,Pediatrics,Pediatric Asthma,Urgent,2024-04-13,2024-04-15,Improved,7517.91
A001328,P02648,Cardiology,Arrhythmia,Urgent,2024-07-25,2024-08-02,Recovered,42750.73
A000315,P01642,Pediatrics,Pediatric Asthma,Elective,2024-02-22,2024-02-25,Improved,12736.76
A003315,P03123,Orthopedics,Joint Replacement,Emergency,2025-05-14,2025-05-18,Improved,28635.03
A003839,P01102,Orthopedics,Hip Fracture,Emergency,2025-07-26,2025-07-31,Recovered,37144.99
A001738,P03894,General Medicine,Sepsis,,2024-09-24,2024-09-25,Improved,14043.37
A003547,P01098,Oncology,Lung Cancer,Emergency,2025-06-17,2025-06-20,Improved,41375.45
A001618,P02058,Orthopedics,Spinal Disorder,Urgent,2024-09-07,2024-09-10,Improved,
A003157,P03777,Pulmonology,COPD,Elective,2025-04-22,2025-04-27,Recovered,28920.25
A001223,P03521,Oncology,Lymphoma,Emergency,07/10/2024,2024-07-13,Transferred,57812.06
A000718,P01764,Orthopedics,Spinal Disorder,Emergency,2024-04-23,2024-04-24,Recovered,14345.91
A000750,P02270,General Medicine,Sepsis,Emergency,2024-04-28,2024-04-29,Recovered,10333.64
A003497,P02473,Cardiology,Arrhythmia,Urgent,2025-06-11,2025-06-19,Recovered,35111.89
A003068,P03809,General Medicine,Sepsis,Emergency,2025-04-09,2025-04-13,Improved,16909.48
A004045,P03055,General Medicine,Diabetes Complication,Emergency,2025-08-24,2025-08-29,Improved,15068.03
A004471,P01145,General Medicine,Kidney Infection,Emergency,2025-10-31,2025-11-05,Recovered,20336.19
A000765,P02520,Neurology,Multiple Sclerosis,Emergency,2024-05-01,2024-05-02,Improved,17489.86
A003844,P00614,Oncology,Lymphoma,Emergency,2025-07-27,2025-08-01,Transferred,61708.66
A004042,P00087,Pediatrics,Bronchiolitis,Urgent,2025-08-23,2025-08-25,Improved,6961.38
A001601,P01797,Pulmonology,COPD,Urgent,09/04/2024,2024-09-16,Improved,33380.68
A004508,P01195,Cardiology,Heart Failure,Elective,2025-11-07,2025-11-14,Improved,31676.26
A001696,P02511,General Medicine,Sepsis,Emergency,2024-09-19,2024-09-22,Recovered,13155.22
A001938,P02307,Oncology,Lymphoma,Emergency,2024-10-22,2024-10-26,Recovered,52697.73
A002294,P02890,General Medicine,Diabetes Complication,Emergency,2024-12-15,2024-12-21,Recovered,13551.02
A004213,P00106,General Medicine,Sepsis,Elective,09/19/2025,2025-09-22,Recovered,12618.18
A001895,P02958,Cardiology,Myocardial Infarction,Emergency,2024-10-18,2024-10-21,Recovered,36118.68
A001719,P01982,Pulmonology,Pneumonia,Urgent,2024-09-22,2024-09-23,Recovered,12528.01
A000754,P02263,Pediatrics,Bronchiolitis,Emergency,04/29/2024,2024-04-29,Improved,8233.74
A002928,P01339,Oncology,Breast Cancer,Emergency,2025-03-18,2025-03-24,Improved,51380.59
A001839,P00801,Pediatrics,Bronchiolitis,Urgent,2024-10-10,2024-10-13,Recovered,10242.8
A000083,P03864,ortho,Joint Replacement,Emergency,2024-01-16,2024-01-19,Recovered,25101.1
A003663,P01506,Cardiology,Arrhythmia,Urgent,2025-07-02,2025-07-06,Recovered,48692.69
A004860,P02412,Pediatrics,Bronchiolitis,Emergency,12/26/2025,2026-01-02,Improved,19668.49
A000713,P03164,Oncology,Lung Cancer,Emergency,04/23/2024,2024-05-03,Improved,56805.1
A002482,P02226,Cardiology,Arrhythmia,Urgent,2025-01-10,2025-01-16,Recovered,76755.56
A002194,P01340,General Medicine,Kidney Infection,Urgent,2024-11-29,2024-12-02,Recovered,11905.18
A000488,P01197,Neurology,Stroke,Emergency,2024-03-20,2024-04-05,Improved,101420.14
A000638,P01281,Neurology,Multiple Sclerosis,Urgent,2024-04-09,2024-04-24,Improved,56527.41
A004506,P03637,Oncology,Breast Cancer,Urgent,2025-11-07,2025-11-12,Recovered,57486.98
A002866,P00094,Orthopedics,Hip Fracture,Emergency,2025-03-09,2025-03-10,Recovered,22923.18
A000302,P02602,Oncology,Lymphoma,Elective,2024-02-21,2024-02-23,Improved,28787.32
A002153,P00442,Neurology,Multiple Sclerosis,Emergency,2024-11-24,2024-12-01,Transferred,51655.02
A004598,P02282,General Medicine,Diabetes Complication,Elective,2025-11-20,2025-11-21,Improved,12152.41
A001311,P02084,General Medicine,Sepsis,Emergency,2024-07-22,2024-07-23,Recovered,9180.05
A004648,P02918,Orthopedics,Joint Replacement,Elective,2025-11-26,2025-12-02,Recovered,25440.02
A003041,P03169,Cardiology,Heart Failure,Elective,04/04/2025,2025-04-11,Recovered,54780.75
A002557,P00800,General Medicine,Sepsis,Urgent,2025-01-23,2025-02-03,Recovered,27484.96
A001904,P03411,Pediatrics,Pediatric Asthma,Emergency,2024-10-19,2024-10-22,Improved,12200.73
A003387,P03672,Pediatrics,Pediatric Asthma,Emergency,2025-05-24,2025-05-29,Recovered,21385.38
A000339,P01312,Oncology,Lung Cancer,Urgent,2024-02-27,2024-03-04,Improved,60525.18
A003287,P03771,Orthopedics,Joint Replacement,Emergency,2025-05-10,2025-05-12,Recovered,21449.91
A002115,P02774,Cardiology,Myocardial Infarction,Emergency,2024-11-17,2024-11-20,Recovered,25835.74
A000278,P00026,General Medicine,Kidney Infection,Emergency,02/17/2024,2024-02-21,Transferred,20988.75
A002164,P03049,Pediatrics,Gastroenteritis,Emergency,2024-11-25,2024-11-28,Improved,10455.71
A002974,P03809,General Medicine,Sepsis,Emergency,2025-03-25,2025-03-27,Improved,7866.28
A001244,P01504,Cardiology,Myocardial Infarction,Emergency,2024-07-13,2024-07-24,Recovered,90174.58
A000826,P01710,Oncology,Lung Cancer,Emergency,2024-05-09,2024-05-15,Improved,42407.43
A004158,P02441,Cardiology,Arrhythmia,Emergency,2025-09-08,2025-09-14,Improved,
A003087,P01274,Cardiology,Myocardial Infarction,Urgent,2025-04-12,2025-04-14,Recovered,28201.79
A004821,P01016,Oncology,Breast Cancer,Emergency,2025-12-20,2025-12-30,Improved,69319.96
A004363,P02038,Pediatrics,Pediatric Asthma,Elective,2025-10-14,2025-10-16,Improved,11211.24
A002105,P00582,Oncology,Lung Cancer,Emergency,11/16/2024,2024-11-17,Recovered,30214.34
A004774,P01531,Pediatrics,Bronchiolitis,Emergency,2025-12-15,2025-12-18,Improved,9437.76
A000969,P00858,Pediatrics,Pediatric Asthma,Urgent,2024-05-31,2024-06-01,Recovered,7054.31
A000792,P01477,Neurology,Multiple Sclerosis,Emergency,2024-05-05,2024-05-06,Improved,27212.01
A003217,P01581,Oncology,Lymphoma,Urgent,2025-04-30,2025-05-03,Improved,33881.98
A002346,P01710,Oncology,Lung Cancer,Emergency,2024-12-22,2025-01-04,Recovered,116983.57
A003076,P02358,Cardiology,Heart Failure,Emergency,2025-04-10,2025-04-14,Recovered,36575.14
A003089,P00619,Pediatrics,Bronchiolitis,Emergency,2025-04-12,2025-04-12,Improved,7943.02
A004062,P03708,Oncology,Breast Cancer,Urgent,2025-08-26,2025-08-30,Improved,42006.21
A002926,P02752,Pediatrics,Gastroenteritis,Emergency,2025-03-18,2025-03-23,Recovered,11906.27
A000856,P00469,Pediatrics,Gastroenteritis,Emergency,2024-05-16,2024-05-20,Recovered,13499.69
A000102,P01169,Orthopedics,Joint Replacement,Emergency,01/18/2024,2024-01-23,Improved,48406.63
A001636,P03087,Pediatrics,Gastroenteritis,Emergency,2024-09-10,2024-09-10,Recovered,7783.83
A003065,P03060,General Medicine,Kidney Infection,Emergency,2025-04-09,2025-04-14,Improved,13799.41
A003197,P02844,Cardiology,Arrhythmia,Emergency,2025-04-27,2025-04-30,Improved,37855.28
A004667,P02028,Oncology,Breast Cancer,Emergency,2025-11-30,2025-12-04,Recovered,35000.04
A000493,P01151,Neurology,Multiple Sclerosis,Emergency,2024-03-20,2024-03-21,Improved,21538.87
A003248,P02835,General Medicine,Sepsis,Emergency,2025-05-04,2025-05-07,Recovered,6472.55
A001555,P02285,Cardiology,Myocardial Infarction,Elective,08/29/2024,2024-09-03,Transferred,29617.76
A002265,P03215,Cardiology,Heart Failure,Urgent,12/11/2024,2024-12-13,Improved,26758.27
A004357,P02266,Pediatrics,Pediatric Asthma,Emergency,2025-10-13,2025-10-16,Recovered,8206.36
A003332,P00141,Neurology,Multiple Sclerosis,Elective,05/17/2025,2025-05-28,Recovered,53810.14
A004117,P03272,General Medicine,Kidney Infection,Emergency,2025-09-03,2025-09-07,Recovered,14169.41
A004733,P02239,General Medicine,Diabetes Complication,,12/10/2025,2025-12-13,Recovered,7485.42
A003103,P00814,Cardiology,Myocardial Infarction,Emergency,2025-04-15,2025-04-16,Recovered,23998.47
A003733,P01349,Neurology,Seizure Disorder,Urgent,07/10/2025,2025-07-17,Recovered,39876.44
A004634,P01789,Cardiology,Myocardial Infarction,Emergency,2025-11-25,2025-11-28,Recovered,36149.92
A004651,P02632,Cardiology,Myocardial Infarction,Elective,2025-11-27,2025-12-10,Transferred,58779.55
A000543,P03238,Oncology,Lymphoma,Elective,2024-03-28,2024-04-03,Recovered,41159.51
A000054,P02547,Cardiology,Arrhythmia,Elective,2024-01-10,2024-01-22,Transferred,
A003954,P00597,General Medicine,Sepsis,Urgent,08/11/2025,2025-08-18,Improved,15904.22
A003962,P02682,Pediatrics,Gastroenteritis,Emergency,08/12/2025,2025-08-13,Recovered,12408.65
A002945,P01193,Pediatrics,Bronchiolitis,Emergency,2025-03-21,2025-03-22,Recovered,8661.73
A003579,P00526,General Medicine,Diabetes Complication,Urgent,2025-06-21,2025-06-23,Recovered,15030.44
A003030,P02071,Pulmonology,COPD,Urgent,2025-04-03,2025-04-08,Recovered,28669.08
A002664,P01857,pulmonology ,COPD,Emergency,2025-02-09,2025-02-14,Improved,22240.23
A003948,P01419,Cardiology,Heart Failure,Emergency,08/10/2025,2025-08-14,Recovered,38449.09
A001596,P00920,Cardiology,Heart Failure,Urgent,2024-09-04,2024-09-12,Improved,56046.51
A004068,P01016,Oncology,Lymphoma,Emergency,2025-08-27,2025-09-07,Improved,141228.04
A004394,P01635,General Medicine,Diabetes Complication,Elective,2025-10-20,2025-10-21,Recovered,8448.89
A002050,P00329,Pediatrics,Gastroenteritis,Urgent,2024-11-08,2024-11-09,Improved,7481.56
A002641,P02471,Orthopedics,Spinal Disorder,Urgent,02/06/2025,2025-02-09,Improved,19427.69
A002032,P02930,general medicine,Diabetes Complication,Emergency,2024-11-05,2024-11-07,Recovered,12298.97
A002350,P01165,cardiology,Myocardial Infarction,Urgent,12/23/2024,2024-12-29,Improved,31245.46
A001165,P02409,General Medicine,Kidney Infection,Emergency,2024-07-02,2024-07-06,Recovered,12931.59
A001545,P01975,General Medicine,Diabetes Complication,Urgent,2024-08-26,2024-08-30,Recovered,12596.35
A003924,P01408,Pulmonology,COPD,Urgent,2025-08-07,2025-08-16,Recovered,29662.83
A004785,P00390,Pediatrics,Bronchiolitis,Emergency,2025-12-16,2025-12-19,Recovered,6885.62
A003809,P01714,General Medicine,Sepsis,Elective,2025-07-22,2025-07-23,Improved,12574.15
A001649,P02178,Orthopedics,Hip Fracture,Urgent,2024-09-12,2024-09-16,Recovered,29901.69
A002098,P00615,General Medicine,Sepsis,Emergency,2024-11-15,2024-11-16,Transferred,9515.71
A001168,P00227,Cardiology,Arrhythmia,Urgent,07/02/2024,2024-07-10,Recovered,53195.96
A002195,P01575,Pediatrics,Gastroenteritis,Emergency,2024-11-30,2024-12-04,Improved,
A002357,P00987,General Medicine,Sepsis,Emergency,2024-12-23,2024-12-24,Improved,9148.92
A003573,P01036,Cardiology,Heart Failure,Emergency,2025-06-20,2025-06-21,Recovered,29139.6
A004740,P03273,Cardiology,Myocardial Infarction,Emergency,2025-12-11,2025-12-11,Recovered,17484.03
A004377,P02509,Orthopedics,Spinal Disorder,Emergency,2025-10-17,2025-10-19,Recovered,24262.37
A001653,P03125,Cardiology,Arrhythmia,Emergency,2024-09-14,2024-09-21,Recovered,42518.2
A003871,P03814,Oncology,Lung Cancer,Urgent,08/01/2025,2025-08-09,Recovered,78511.25
A004249,P00468,pulmonology ,Asthma,Elective,2025-09-24,2025-09-27,Improved,20369.29
A002749,P00831,General Medicine,Kidney Infection,Emergency,2025-02-19,2025-02-24,Improved,12627.37
A000500,P00575,Pediatrics,Bronchiolitis,Emergency,2024-03-21,2024-03-23,Improved,12520.7
A002116,P03025,Orthopedics,Joint Replacement,Emergency,11/17/2024,2024-11-23,Improved,47668.67
A002276,P03871,Pediatrics,Bronchiolitis,Elective,2024-12-12,2024-12-15,Transferred,12620.36
A003756,P03997,Pediatrics,Pediatric Asthma,Urgent,2025-07-13,2025-07-14,Recovered,7346.8
A003382,P00144,General Medicine,Kidney Infection,Emergency,2025-05-23,2025-05-26,Recovered,13917.58
A000815,P03844,Orthopedics,Joint Replacement,Elective,2024-05-08,2024-05-09,Recovered,16134.37
A001260,P01544,Orthopedics,Spinal Disorder,Emergency,07/16/2024,2024-07-21,Recovered,25427.86
A004230,P02910,Neurology,Seizure Disorder,Urgent,2025-09-22,2025-09-26,Recovered,41724.36
A003550,P01206,Cardiology,Heart Failure,Urgent,2025-06-17,2025-06-20,Recovered,35453.07
A002218,P02340,Pediatrics,Gastroenteritis,Elective,2024-12-03,2024-12-04,Improved,10855.09
A001798,P03631,Cardiology,Arrhythmia,Elective,2024-10-04,2024-10-07,Recovered,39175.79
A003986,P02108,Pediatrics,Gastroenteritis,Emergency,2025-08-15,2025-08-17,Recovered,9046.75
A002364,P02827,General Medicine,Kidney Infection,Emergency,2024-12-25,2024-12-27,Improved,12737.43
A003780,P00682,Pediatrics,Gastroenteritis,Urgent,2025-07-17,2025-07-18,Transferred,12651.25
A002268,P00793,General Medicine,Kidney Infection,Elective,12/11/2024,2024-12-12,Recovered,9566.91
A003578,P00200,Oncology,Breast Cancer,Urgent,2025-06-20,2025-06-28,Recovered,45840.3
A003099,P01305,Pulmonology,Pneumonia,Urgent,2025-04-14,2025-04-28,Recovered,49069.05
A004738,P00191,Orthopedics,Spinal Disorder,Elective,2025-12-11,2025-12-13,Improved,14622.32
A000839,P00733,Cardiology,Arrhythmia,Elective,2024-05-11,2024-05-17,Recovered,48642.58
A001233,P00149,General Medicine,Sepsis,Emergency,2024-07-11,2024-07-14,Improved,13907.29
A002244,P01806,Pediatrics,Pediatric Asthma,Urgent,2024-12-07,2024-12-08,Recovered,13708.51
A001257,P02930,Pulmonology,COPD,Elective,2024-07-15,2024-07-17,Recovered,19118.92
A001041,P02669,Pediatrics,Gastroenteritis,Urgent,2024-06-11,2024-06-12,Transferred,8605.79
A000296,P01701,Cardiology,Heart Failure,Emergency,2024-02-20,2024-02-27,Recovered,27971.99
A004328,P02133,Neurology,Multiple Sclerosis,Urgent,2025-10-09,,Recovered,57671.54
A001247,P02759,Oncology,Breast Cancer,Emergency,2024-07-13,2024-07-30,Recovered,104450.62
A002037,P03761,Pediatrics,Gastroenteritis,Elective,2024-11-06,2024-11-09,Improved,9927.28
A000496,P01303,Pulmonology,Asthma,Urgent,2024-03-21,2024-03-24,Recovered,31923.2
A000650,P01535,Orthopedics,Joint Replacement,Emergency,2024-04-11,2024-04-14,Improved,22459.67
A001253,P02217,Cardiology,Myocardial Infarction,Elective,2024-07-15,2024-07-19,Transferred,24139.83
A001509,P01812,Cardiology,Arrhythmia,Emergency,2024-08-20,2024-08-22,Improved,22465.72
A004054,P01599,Oncology,Lung Cancer,,2025-08-25,2025-09-07,Recovered,76306.63
A000116,P00757,Neurology,Multiple Sclerosis,Emergency,2024-01-20,2024-01-23,Recovered,38483.38
A004574,P01548,Pulmonology,COPD,Elective,2025-11-17,2025-12-05,Recovered,52406.26
A000564,P00641,Oncology,Lung Cancer,Emergency,2024-03-30,2024-04-03,Recovered,56229.05
A002562,P03173,General Medicine,Sepsis,Emergency,2025-01-23,2025-01-26,Recovered,17472.55
A001682,P02329,Pediatrics,Pediatric Asthma,Urgent,2024-09-17,2024-09-18,Improved,13357.27
A001439,P03116,Cardiology,Myocardial Infarction,Emergency,2024-08-11,2024-08-14,Recovered,34729.06
A001401,P01453,Pediatrics,Pediatric Asthma,Emergency,2024-08-05,2024-08-08,Recovered,7697.22
A000277,P01707,Orthopedics,Joint Replacement,Elective,2024-02-17,2024-02-24,Improved,33493.13
A002212,P02597,General Medicine,Diabetes Complication,Emergency,2024-12-02,2024-12-07,Improved,12637.66
A002016,P00225,Gen Med,Kidney Infection,Urgent,2024-11-03,2024-11-04,Recovered,12187.6
A001674,P03610,Neurology,Seizure Disorder,Elective,2024-09-17,2024-09-24,Improved,41781.56
A002175,P02350,General Medicine,Diabetes Complication,Emergency,11/27/2024,2024-11-30,Improved,18229.19
A004003,P02980,Cardiology,Heart Failure,Emergency,2025-08-17,2025-08-24,Improved,67742.43
A003488,P00275,General Medicine,Sepsis,Urgent,2025-06-10,2025-06-11,Recovered,11298.92
A001395,P02641,Oncology,Lung Cancer,Emergency,08/04/2024,2024-08-07,Recovered,35344.16
A002029,P00216,Pulmonology,Asthma,Urgent,2024-11-05,,Transferred,24225.3
A001949,P01365,Neurology,Stroke,Urgent,2024-10-24,2024-10-29,Recovered,41292.1
A004267,P01656,Neurology,Multiple Sclerosis,Emergency,2025-09-29,2025-10-05,Recovered,39094.28
A001646,P02361,Oncology,Breast Cancer,Emergency,2024-09-12,2024-09-16,Improved,
A000142,P03805,Pediatrics,Pediatric Asthma,Emergency,2024-01-25,2024-01-27,Improved,8664.44
A000668,P02385,Pediatrics,Pediatric Asthma,Urgent,2024-04-14,2024-04-14,Improved,7100.94
A002129,P02792,Pediatrics,Pediatric Asthma,Emergency,2024-11-19,2024-11-23,Transferred,18071.63
A003185,P02042,General Medicine,Kidney Infection,Elective,2025-04-26,2025-05-04,Recovered,21563.67
A004344,P03637,Oncology,Lymphoma,Emergency,2025-10-12,2025-10-18,Recovered,40191.33
A000550,P00870,Pediatrics,Gastroenteritis,Emergency,2024-03-28,2024-03-29,Recovered,6461.37
A003266,P00055,General Medicine,Kidney Infection,Urgent,2025-05-06,2025-05-07,Improved,
A002716,P03340,General Medicine,Diabetes Complication,Urgent,2025-02-15,2025-02-17,Recovered,22375.22
A002466,P02707,Cardiology,Myocardial Infarction,Urgent,2025-01-08,2025-01-09,Recovered,21641.2
A000672,P02653,Neurology,Stroke,Emergency,04/15/2024,2024-04-22,Recovered,35799.2
A003881,P01269,pulmonology ,COPD,Elective,2025-08-02,2025-08-06,Recovered,
A004030,P01854,Pediatrics,Gastroenteritis,Urgent,2025-08-22,2025-08-24,Improved,9005.15
A001279,P01679,General Medicine,Sepsis,Elective,2024-07-19,2024-07-25,Improved,12842.67
A001850,P01538,Pediatrics,Pediatric Asthma,Elective,2024-10-11,2024-10-12,Recovered,
A003697,P00010,Pediatrics,Gastroenteritis,Emergency,2025-07-07,2025-07-09,Recovered,7693.35
A001679,P02125,General Medicine,Kidney Infection,Urgent,2024-09-17,2024-09-22,Transferred,14458.15
A004412,P01175,Pediatrics,Bronchiolitis,Emergency,2025-10-22,2025-10-23,Recovered,9996.81
A001714,P03240,Pediatrics,Pediatric Asthma,Emergency,2024-09-21,2024-09-22,Recovered,7435.51
A002635,P00144,General Medicine,Diabetes Complication,Urgent,2025-02-05,2025-02-07,Improved,10618.97
A004636,P03122,Orthopedics,Hip Fracture,Elective,2025-11-25,2025-12-01,Recovered,34448.79
A004639,P02949,General Medicine,Kidney Infection,Urgent,2025-11-25,2025-11-25,Recovered,8974.89
A001803,P01955,Cardiology,Arrhythmia,Elective,2024-10-05,2024-10-18,Recovered,59367.6
A003048,P01131,General Medicine,Kidney Infection,Emergency,2025-04-05,2025-04-05,Recovered,8410.78
A000835,P01321,Pediatrics,Gastroenteritis,Urgent,2024-05-10,2024-05-12,Recovered,7227.6
A000082,P02293,General Medicine,Diabetes Complication,Emergency,2024-01-15,2024-01-17,Recovered,15128.77
A000336,P01429,General Medicine,Sepsis,Elective,2024-02-26,2024-03-01,Improved,17445.25
A002441,P01653,Pediatrics,Pediatric Asthma,Urgent,2025-01-06,2025-01-10,Transferred,13469.61
A001788,P01802,Pulmonology,COPD,Emergency,10/02/2024,2024-10-15,Recovered,45580.91
A001058,P00370,Cardiology,Myocardial Infarction,Elective,2024-06-13,2024-06-17,Improved,29553.7
A002228,P01589,General Medicine,Sepsis,Elective,2024-12-03,2024-12-05,Improved,15768.05
A004544,P02785,Orthopedics,Joint Replacement,Emergency,2025-11-12,2025-11-14,Improved,32709.65
A002445,P03974,Oncology,Breast Cancer,Emergency,2025-01-06,2025-01-08,Recovered,32210.81
A004736,P02180,CARDIOLOGY,Heart Failure,Emergency,2025-12-11,2025-12-15,Recovered,-37803.7
A004802,P01678,General Medicine,Kidney Infection,Emergency,2025-12-17,2025-12-18,Recovered,6379.52
A004212,P01551,General Medicine,Sepsis,,2025-09-19,2025-09-20,Improved,13018.58
A002750,P00178,Pediatrics,Pediatric Asthma,Emergency,02/19/2025,2025-02-19,Recovered,4861.22
A002614,P03780,Pulmonology,Asthma,Urgent,2025-02-01,2025-02-10,Recovered,46446.03
A000197,P00812,Orthopedics,Spinal Disorder,Emergency,2024-02-04,2024-02-10,Recovered,27998.26
A001939,P00732,Oncology,Lung Cancer,Emergency,10/22/2024,2024-10-29,Transferred,63921.04
A002495,P03442,Pediatrics,Gastroenteritis,Emergency,01/13/2025,2025-01-17,Improved,14815.33
A002334,P03672,Pediatrics,Pediatric Asthma,Emergency,12/20/2024,2024-12-23,Recovered,9215.26
A002271,P02806,general medicine,Sepsis,Urgent,2024-12-12,2024-12-13,Improved,10824.61
A002650,P01142,General Medicine,Diabetes Complication,Emergency,02/07/2025,2025-02-09,Recovered,10930.14
A001110,P01460,Pulmonology,Pneumonia,Urgent,06/21/2024,2024-06-25,Transferred,16552.84
A002707,P00904,General Medicine,Sepsis,Emergency,2025-02-14,2025-02-16,Improved,9726.66
A001805,P00959,General Medicine,Sepsis,Emergency,10/06/2024,2024-10-09,Recovered,10462.42
A003519,P02493,General Medicine,Diabetes Complication,Emergency,2025-06-13,2025-06-22,Recovered,36286.63
A003985,P02606,Pulmonology,Pneumonia,Urgent,2025-08-15,2025-08-16,Recovered,21598.38
A001638,P02297,Pediatrics,Pediatric Asthma,Elective,2024-09-11,2024-09-13,Recovered,9118.33
A000921,P01935,Pediatrics,Pediatric Asthma,Elective,2024-05-24,2024-05-27,Recovered,7726.32
A000554,P00519,General Medicine,Sepsis,Emergency,03/29/2024,,Transferred,7703.75
A002761,P00956,Oncology,Lymphoma,Urgent,2025-02-21,2025-03-02,Recovered,67386.59
A002233,P02223,Pediatrics,Bronchiolitis,Emergency,2024-12-05,2024-12-09,Recovered,13059.16
A003800,P01921,Neurology,Multiple Sclerosis,Emergency,2025-07-20,2025-07-24,Recovered,47390.73
A000512,P02225,Cardiology,Heart Failure,Elective,2024-03-23,2024-03-28,Recovered,27157.54
A000253,P02073,Orthopedics,Spinal Disorder,Urgent,2024-02-13,2024-02-17,Recovered,21423.87
A000814,P02497,Oncology,Breast Cancer,Elective,2024-05-08,2024-05-19,Recovered,77820.74
A003799,P00913,Oncology,Lung Cancer,Emergency,2025-07-20,2025-07-23,Recovered,48760.83
A001313,P00288,Pulmonology,COPD,Emergency,2024-07-22,2024-07-28,Improved,50562.03
A004131,P02538,Neurology,Stroke,Emergency,09/05/2025,2025-09-07,Recovered,32467.2
A000331,P03987,General Medicine,Sepsis,Emergency,2024-02-26,2024-03-01,Improved,15831.77
A004350,P03766,Cardiology,Heart Failure,Urgent,2025-10-13,2025-10-15,Recovered,25670.99
A002975,P03228,General Medicine,Kidney Infection,Urgent,2025-03-25,2025-03-30,Improved,7120.13
A003257,P02910,Oncology,Lymphoma,Urgent,05/05/2025,2025-05-12,Transferred,71760.92
A004326,P01376,Cardiology,Heart Failure,Emergency,2025-10-09,2025-10-14,Recovered,44724.01
A002895,P01473,Cardiology,Heart Failure,Emergency,2025-03-13,2025-03-17,Recovered,32453.97
A000077,P02714,Orthopedics,Spinal Disorder,Emergency,2024-01-14,2024-01-14,Improved,11294.63
A003214,P01819,Pediatrics,Pediatric Asthma,Emergency,2025-04-30,2025-05-01,Improved,7565.08
A000990,P02655,General Medicine,Sepsis,Emergency,2024-06-02,2024-06-02,Improved,11112.4
A004555,P01617,Cardiology,Arrhythmia,Emergency,2025-11-15,2025-11-19,Recovered,31015.15
A000393,P03648,Oncology,Lymphoma,Emergency,2024-03-07,2024-03-11,Recovered,27823.02
A003926,P01051,Cardiology,Arrhythmia,Emergency,2025-08-08,2025-08-26,Improved,112976.78
A004382,P00445,Gen Med,Kidney Infection,Urgent,2025-10-17,2025-10-21,Recovered,15295.57
A001023,P00103,General Medicine,Diabetes Complication,Emergency,2024-06-08,2024-06-13,Recovered,11350.59
A001616,P00799,Pulmonology,COPD,Emergency,09/07/2024,2024-09-11,Recovered,
A004482,P02316,Pediatrics,Gastroenteritis,Emergency,2025-11-03,2025-11-07,Recovered,10790.03
A000857,P02908,Oncology,Breast Cancer,Emergency,2024-05-16,2024-05-19,Transferred,31744.42
A003404,P01667,Oncology,Lung Cancer,Elective,2025-05-27,2025-06-03,Recovered,62691.48
A002881,P00135,Cardiology,Myocardial Infarction,Urgent,2025-03-11,2025-03-24,Recovered,101825.17
A004633,P00985,pulmonology ,COPD,Emergency,2025-11-25,2023-12-31,Recovered,31885.15
A000076,P03699,Oncology,Lung Cancer,Urgent,2024-01-14,2024-01-21,Recovered,59778.24
A002440,P01396,Cardiology,Heart Failure,Emergency,2025-01-05,2025-01-09,Recovered,35221.93
A000263,P02083,Oncology,Lung Cancer,Urgent,2024-02-15,2024-02-27,Recovered,102444.75
A004137,P01150,General Medicine,Sepsis,Emergency,09/06/2025,2025-09-13,Recovered,27441.54
A000743,P03081,Orthopedics,Hip Fracture,Elective,04/27/2024,2024-05-04,Recovered,49878.18
A000231,P02159,Pulmonology,Asthma,Emergency,2024-02-10,2024-02-15,Improved,29073.01
A003073,P02255,General Medicine,Diabetes Complication,Emergency,2025-04-09,2025-04-11,Recovered,13189.22
A002977,P02907,Pulmonology,Asthma,Urgent,2025-03-26,2025-04-03,Recovered,33294.1
A000595,P01092,Oncology,Breast Cancer,Emergency,2024-04-04,2024-04-12,Improved,54891.91
A000435,P03619,Neurology,Multiple Sclerosis,Urgent,03/13/2024,2024-03-17,Improved,29459.47
A000325,P03395,Cardiology,Myocardial Infarction,Emergency,2024-02-24,2024-03-03,Recovered,36006.12
A001182,P03639,Pediatrics,Pediatric Asthma,Urgent,07/04/2024,2024-07-05,Recovered,7909.17
A003618,P03317,Neurology,Multiple Sclerosis,Emergency,2025-06-26,2025-06-30,Recovered,44885.26
A001459,P03785,Cardiology,Myocardial Infarction,Emergency,2024-08-13,2024-08-15,Improved,28935.09
A004225,P02402,Cardiology,Arrhythmia,Elective,2025-09-20,2025-09-24,Recovered,37491.75
A002401,P00693,Orthopedics,Spinal Disorder,Urgent,2024-12-31,2025-01-04,Recovered,23929.0
A000819,P01348,Cardiology,Myocardial Infarction,Emergency,2024-05-08,2024-05-15,Deceased,65728.2
A003075,P01423,Pulmonology,COPD,Emergency,2025-04-10,2025-04-12,Recovered,19216.87
A003186,P00160,Cardiology,Arrhythmia,Elective,04/26/2025,2025-04-27,Recovered,
A001510,P03251,General Medicine,Diabetes Complication,Emergency,2024-08-20,2024-08-21,Recovered,10895.74
A003330,P00552,Cardiology,Heart Failure,Urgent,05/16/2025,2025-05-22,Recovered,34612.99
A000703,P01447,General Medicine,Diabetes Complication,Emergency,04/22/2024,2024-04-26,Recovered,13333.0
A001550,P02343,General Medicine,Sepsis,Emergency,2024-08-27,2024-08-31,Improved,14168.2
A000155,P01434,Oncology,Lung Cancer,Emergency,2024-01-27,2024-02-02,Recovered,58847.54
A003457,P00314,General Medicine,Sepsis,Emergency,2025-06-06,2025-06-11,Improved,14298.69
A001547,P03817,Orthopedics,Spinal Disorder,Emergency,2024-08-27,2024-08-31,Recovered,30623.05
A002146,P02320,Cardiology,Heart Failure,Emergency,2024-11-22,2024-11-25,Improved,33132.08
A004619,P03156,General Medicine,Diabetes Complication,Emergency,2025-11-23,2025-11-28,Recovered,14774.47
A001148,P01629,Pulmonology,Asthma,Emergency,2024-06-29,2024-07-06,Recovered,23441.06
A003520,P01422,Pulmonology,Pneumonia,Urgent,2025-06-13,2025-06-16,Transferred,29157.22
A001657,P02438,Cardiology,Myocardial Infarction,Urgent,2024-09-14,2024-09-15,Improved,24039.72
A003645,P01833,Orthopedics,Joint Replacement,Emergency,06/30/2025,2025-07-02,Deceased,30006.06
A003237,P01386,ortho,Joint Replacement,Elective,2025-05-03,2025-05-04,Improved,24540.44
A003952,P00573,General Medicine,Sepsis,Emergency,2025-08-11,2025-08-13,Improved,15836.5
A004060,P02227,Pulmonology,Pneumonia,Urgent,2025-08-26,2025-08-28,Recovered,15187.4
A004358,P02484,General Medicine,Kidney Infection,Emergency,2025-10-13,2025-10-19,Recovered,19025.23
A001052,P03335,Pediatrics,Pediatric Asthma,Elective,2024-06-12,2024-06-14,Improved,9755.01
A001865,P01123,General Medicine,Diabetes Complication,Urgent,2024-10-13,2024-10-18,Recovered,11407.35
A004059,P02422,Cardiology,Heart Failure,Emergency,2025-08-26,2025-08-28,Improved,32454.31
A000318,P02092,General Medicine,Kidney Infection,Emergency,2024-02-23,2024-02-28,Recovered,16585.78
A001210,P03636,Pulmonology,COPD,Emergency,2024-07-08,2024-07-09,Recovered,13056.91
A001144,P01253,Pediatrics,Bronchiolitis,Urgent,2024-06-28,2024-06-29,Recovered,12128.41
A000427,P02135,General Medicine,Diabetes Complication,Elective,2024-03-12,2024-03-18,Recovered,14524.75
A003477,P02892,Orthopaedics,Spinal Disorder,Elective,2025-06-09,2025-06-13,Recovered,29190.57
A003957,P00350,Pediatrics,Pediatric Asthma,Elective,2025-08-11,2025-08-14,Recovered,13134.15
A002078,P00826,Pediatrics,Gastroenteritis,Emergency,2024-11-13,2024-11-16,Transferred,13007.99
A002004,P01549,Neurology,Seizure Disorder,Urgent,10/31/2024,,Transferred,43342.63
A000380,P03603,Pediatrics,Bronchiolitis,Emergency,03/04/2024,2024-03-08,Recovered,15017.4
A003603,P01659,Neurology,Multiple Sclerosis,Emergency,2025-06-24,2025-07-01,Recovered,35712.49
A004362,P03560,Pulmonology,Asthma,Emergency,10/14/2025,2025-10-21,Recovered,30192.87
A001371,P00599,General  Medicine,Diabetes Complication,Emergency,2024-08-02,2024-08-05,Improved,13253.46
A003409,P02512,Cardiology,Myocardial Infarction,Elective,2025-05-28,2025-06-06,Recovered,69781.38
A001878,P00388,Neurology,Seizure Disorder,Emergency,2024-10-16,2024-10-22,Improved,65837.87
A003504,P00226,Neurology,Stroke,Urgent,2025-06-12,,Recovered,34313.37
A002080,P01283,Pulmonology,Asthma,Urgent,2024-11-13,2024-11-19,Improved,21422.07
A003428,P01926,Pediatrics,Gastroenteritis,Elective,2025-05-31,2025-06-05,Recovered,11762.4
A001574,P02395,Cardiology,Myocardial Infarction,Emergency,2024-09-01,2024-09-08,Improved,38328.4
A002561,P02515,Pediatrics,Gastroenteritis,Emergency,01/23/2025,2025-01-26,Transferred,9777.23
A000307,P00422,General Medicine,Sepsis,Elective,2024-02-21,2024-02-23,Improved,10511.63
A002694,P03241,Pulmonology,COPD,Emergency,2025-02-13,2025-02-15,Improved,22827.13
A004305,P02122,General Medicine,Sepsis,Emergency,2025-10-06,2025-10-07,Recovered,8496.64
A004819,P02697,Pediatrics,Gastroenteritis,Elective,2025-12-19,2025-12-20,Recovered,6954.73
A002862,P00705,Pediatrics,Gastroenteritis,Urgent,2025-03-08,2025-03-09,Recovered,8198.75
A000853,P03863,General Medicine,Diabetes Complication,Urgent,2024-05-14,2024-05-15,Recovered,9894.0
A003736,P02523,General Medicine,Sepsis,Elective,07/11/2025,2025-07-15,Recovered,15405.93
A001972,P02223,Pediatrics,Pediatric Asthma,Urgent,10/27/2024,2024-11-03,Recovered,15283.56
A002406,P02881,Pediatrics,Bronchiolitis,Emergency,2024-12-31,2025-01-05,Recovered,12356.7
A003224,P00979,Orthopedics,Joint Replacement,Elective,2025-05-01,2025-05-05,Transferred,26714.97
A004319,P01231,Cardiology,Arrhythmia,Urgent,2025-10-08,2025-10-13,Transferred,42744.53
A001387,P00780,Neurology,Stroke,Emergency,2024-08-03,2024-08-11,Recovered,29322.78
A001242,P00392,Pediatrics,Gastroenteritis,Emergency,2024-07-13,2024-07-23,Improved,31143.21
A002363,P02760,Orthopedics,Joint Replacement,Elective,2024-12-25,2024-12-27,Deceased,29219.82
A001107,P02648,cardiology,Heart Failure,Urgent,2024-06-21,2024-06-27,Recovered,50131.81
A004099,P03243,Cardiology,Heart Failure,Elective,08/31/2025,2025-09-16,Transferred,62637.2
A003510,P03043,General Medicine,Diabetes Complication,Emergency,2025-06-12,2025-06-14,Recovered,10388.86
A001153,P01990,Oncology,Lymphoma,Emergency,2024-06-30,2024-07-08,Improved,99790.95
A003010,P03674,Pediatrics,Bronchiolitis,Emergency,2025-04-01,2025-04-01,Recovered,6012.71
A000183,P00707,Pediatrics,Bronchiolitis,Urgent,2024-02-01,,Recovered,
A003761,P02180,Cardiology,Heart Failure,Emergency,2025-07-14,2025-07-25,Improved,93731.52
A000963,P02768,Orthopedics,Spinal Disorder,Urgent,2024-05-30,2024-06-01,Improved,12080.0
A003701,P02486,Cardiology,Myocardial Infarction,Emergency,07/07/2025,2025-07-12,Improved,36016.65
A003372,P01663,Pediatrics,Bronchiolitis,Urgent,2025-05-22,2025-05-23,Improved,6357.35
A002221,P01045,Cardiology,Myocardial Infarction,Elective,2024-12-03,2024-12-05,Improved,23640.58
A000079,P03772,Cardiology,Heart Failure,Urgent,2024-01-14,2024-01-17,Improved,20989.09
A001208,P03032,Neurology,Seizure Disorder,Elective,07/08/2024,2024-07-12,Recovered,22823.8
A004413,P02518,Neurology,Multiple Sclerosis,Urgent,2025-10-22,2025-10-25,Improved,25516.39
A004504,P02850,General Medicine,Diabetes Complication,Elective,2025-11-07,2025-11-08,Recovered,13955.91
A004605,P00376,Pediatrics,Bronchiolitis,Elective,2025-11-20,2025-11-23,Improved,11430.43
A004310,P01425,Oncology,Lymphoma,Urgent,2025-10-07,2025-10-13,Improved,85431.81
A004672,P01051,Cardiology,Myocardial Infarction,Emergency,2025-12-01,2025-12-05,Improved,37832.2
A003815,P02944,Pediatrics,Pediatric Asthma,Elective,2025-07-23,2025-07-24,Recovered,6920.26
A003722,P01217,Neurology,Multiple Sclerosis,Emergency,2025-07-09,2025-07-09,Recovered,13917.64
A003776,P00072,Pediatrics,Pediatric Asthma,Urgent,2025-07-16,2025-07-20,Recovered,11875.1
A000817,P03702,General Medicine,Kidney Infection,Elective,2024-05-08,2024-05-10,Recovered,9386.67
A001551,P01215,Pediatrics,Gastroenteritis,Emergency,2024-08-27,2024-08-28,Recovered,9282.05
A000265,P02686,Neurology,Stroke,Emergency,02/15/2024,2024-02-21,Recovered,26202.02
A001923,P03532,Pediatrics,Gastroenteritis,Emergency,2024-10-20,2024-10-27,Recovered,15901.51
A003070,P03468,Cardiology,Myocardial Infarction,Urgent,2025-04-09,2025-04-21,Transferred,92484.02
A002754,P01208,Neurology,Stroke,Emergency,2025-02-20,2025-03-01,Transferred,56428.19
A004096,P02743,General Medicine,Diabetes Complication,Urgent,2025-08-31,2025-09-02,Transferred,9686.05
A003835,P00041,Pediatrics,Bronchiolitis,Elective,07/26/2025,2025-07-30,Recovered,14532.11
A004259,P01518,Pediatrics,Gastroenteritis,Urgent,2025-09-27,2025-09-28,Transferred,9561.55
A003540,P00819,Neurology,Multiple Sclerosis,Urgent,06/16/2025,2025-06-21,Deceased,48851.28
A001647,P01842,Pediatrics,Bronchiolitis,Urgent,09/12/2024,2024-09-13,Transferred,9324.3
A000721,P02817,General Medicine,Kidney Infection,Urgent,2024-04-24,2024-04-25,Recovered,11618.09
A000501,P03412,General Medicine,Sepsis,Urgent,2024-03-22,2024-03-25,Improved,
A000862,P03230,Pulmonology,Asthma,Urgent,2024-05-16,2024-05-24,Recovered,38660.98
A000398,P01272,Pediatrics,Bronchiolitis,Emergency,2024-03-07,2024-03-10,Recovered,9664.95
A003626,P02625,General Medicine,Diabetes Complication,Emergency,2025-06-27,2025-06-28,Recovered,11681.3
A002211,P02966,General Medicine,Kidney Infection,Elective,2024-12-02,2024-12-05,Recovered,10516.81
A003647,P01412,Cardiology,Myocardial Infarction,Emergency,2025-06-30,2025-07-05,Recovered,36834.79
A000416,P00870,Pediatrics,Pediatric Asthma,Emergency,2024-03-11,2024-03-11,Recovered,6573.21
A004450,P00252,General Medicine,Sepsis,Urgent,2025-10-29,2025-10-30,Improved,7948.01
A004786,P02643,General Medicine,Diabetes Complication,Urgent,2025-12-16,2025-12-19,Recovered,10515.18
A000334,P00692,General Medicine,Diabetes Complication,Emergency,2024-02-26,2024-02-27,Improved,9727.33
A003611,P03030,General Medicine,Sepsis,Urgent,2025-06-25,2025-06-26,Deceased,11046.82
A003273,P00324,Pulmonology,Pneumonia,Emergency,2025-05-07,2025-05-10,Improved,20948.32
A002860,P00883,Orthopedics,Spinal Disorder,Emergency,2025-03-08,2025-03-14,Transferred,58348.72
A004729,P00876,Oncology,Breast Cancer,Emergency,2025-12-10,2025-12-15,Recovered,57768.75
A002771,P00374,Orthopedics,Hip Fracture,Emergency,2025-02-22,2025-03-02,Improved,42472.81
A000673,P02388,Pulmonology,COPD,Emergency,2024-04-15,2024-04-21,Improved,27221.68
A001162,P02730,Pulmonology,COPD,Urgent,07/02/2024,2024-07-06,Improved,27066.62
A002296,P03149,Pulmonology,Pneumonia,Urgent,2024-12-15,2024-12-19,Improved,40396.13
A000522,P00250,Pediatrics,Bronchiolitis,Emergency,2024-03-24,2024-03-25,Recovered,7595.66
A002376,P00182,Pediatrics,Gastroenteritis,Urgent,12/27/2024,2025-01-03,Improved,11872.83
A001641,P03475,General Medicine,Diabetes Complication,Elective,2024-09-11,2024-09-13,Recovered,7691.49
A004467,P01577,General Medicine,Diabetes Complication,Elective,2025-10-31,2025-11-03,Recovered,11249.92
A000121,P01887,General Medicine,Kidney Infection,Elective,2024-01-20,2024-01-22,Recovered,16018.39
A002837,P02924,ortho,Hip Fracture,Elective,03/05/2025,2025-03-13,Recovered,47830.29
A004108,P02072,Pulmonology,COPD,Emergency,2025-09-01,2025-09-03,Transferred,10626.27
A004590,P02134,Neurology,Stroke,Emergency,2025-11-19,2025-11-27,Improved,48909.15
A000924,P03697,Pulmonology,Asthma,Elective,2024-05-25,2024-05-31,Recovered,26961.95
A003250,P00218,Pediatrics,Bronchiolitis,Emergency,2025-05-04,2025-05-08,Improved,14491.42
A001916,P03420,Cardiology,Arrhythmia,Elective,2024-10-20,2024-10-23,Recovered,22943.26
A000377,P01535,Orthopedics,Hip Fracture,Urgent,2024-03-03,2024-03-16,Recovered,58817.85
A002597,P02815,Oncology,Lymphoma,Emergency,2025-01-29,2025-01-31,Recovered,34966.79
A001109,P01222,Pulmonology,Asthma,Urgent,2024-06-21,2024-06-23,Recovered,22193.68
A001873,P01358,Pediatrics,Bronchiolitis,Emergency,2024-10-15,2024-10-16,Improved,6935.31
A000820,P03944,General Medicine,Kidney Infection,Emergency,05/09/2024,2024-05-10,Recovered,14275.19
A004026,P03827,Pulmonology,Pneumonia,Emergency,08/21/2025,2025-08-23,Recovered,20110.43
A001167,P01486,General Medicine,Diabetes Complication,Elective,2024-07-02,2024-07-12,Recovered,19515.57
A001876,P02476,Cardiology,Heart Failure,Urgent,2024-10-15,2024-10-16,Recovered,27560.71
A000129,P03263,ortho,Joint Replacement,,2024-01-22,2024-01-23,Recovered,25078.22
A000574,P01312,Orthopedics,Hip Fracture,Emergency,2024-04-01,2024-04-05,Recovered,36403.15
A001264,P02902,General Medicine,Kidney Infection,Emergency,2024-07-16,2024-07-22,Transferred,18460.07
A001415,P01918,General Medicine,Kidney Infection,Elective,08/07/2024,2024-08-08,Recovered,11275.99
A002117,P02365,General Medicine,Sepsis,Elective,2024-11-17,2024-11-19,Recovered,9971.17
A004856,P00950,General Medicine,Kidney Infection,Urgent,2025-12-25,2025-12-30,Improved,13729.65
A002593,P03828,Cardiology,Heart Failure,Emergency,01/29/2025,2025-02-03,Recovered,35894.52
A002425,P02824,Cardiology,Arrhythmia,Emergency,2025-01-03,2025-01-09,Transferred,35349.83
A001989,P02522,Pediatrics,Bronchiolitis,Elective,2024-10-28,2024-10-29,Recovered,8747.43
A003342,P01703,Cardiology,Heart Failure,Elective,2025-05-18,2025-05-22,Recovered,28421.0
A000276,P02476,Cardiology,Arrhythmia,Urgent,2024-02-17,2024-02-21,Recovered,36318.43
A003715,P01744,Pediatrics,Pediatric Asthma,Emergency,2025-07-09,2025-07-10,Improved,5070.25
A000424,P02280,Cardiology,Myocardial Infarction,Emergency,2024-03-12,2024-03-16,Recovered,27195.14
A004291,P03780,Pulmonology,Pneumonia,Urgent,2025-10-03,2025-10-05,Improved,25422.66
A004269,P02601,Cardiology,Myocardial Infarction,Emergency,2025-09-29,2025-10-01,Recovered,26148.97
A004207,P03896,Neurology,Seizure Disorder,Elective,2025-09-18,2025-09-23,Deceased,32967.94
A002083,P03951,Pulmonology,COPD,,2024-11-14,2024-11-15,Improved,15591.52
A000311,P02789,Pediatrics,Pediatric Asthma,Urgent,2024-02-22,2024-02-27,Improved,15206.16
A001569,P02004,Neurology,Multiple Sclerosis,Urgent,2024-08-31,2024-09-03,Recovered,37287.81
A003813,P02107,Oncology,Breast Cancer,Emergency,2025-07-22,2025-07-27,Improved,67178.53
A003879,P01965,Neurology,Seizure Disorder,Emergency,08/02/2025,2025-08-08,Improved,31547.35
A001615,P03506,Pulmonology,Asthma,Emergency,2024-09-07,2024-09-09,Recovered,25097.88
A004627,P03460,General Medicine,Sepsis,Emergency,2025-11-24,2025-11-25,Recovered,6865.81
A000280,P00670,Pediatrics,Pediatric Asthma,Emergency,2024-02-17,2024-02-20,Recovered,13483.01
A001791,P01536,Pediatrics,Pediatric Asthma,Emergency,2024-10-03,2024-10-11,Recovered,12557.47
A004017,P03212,Pulmonology,COPD,Elective,08/19/2025,2025-08-24,Recovered,33368.56
A001018,P00419,pulmonology ,Asthma,Emergency,06/08/2024,2024-06-13,Improved,16024.34
A004273,P00810,Orthopedics,Hip Fracture,Emergency,09/30/2025,2025-10-03,Recovered,38440.18
A001667,P01681,Pulmonology,Pneumonia,Emergency,2024-09-16,2024-09-25,Recovered,44202.61
A001382,P02325,Oncology,Lung Cancer,Emergency,2024-08-02,2024-08-04,Recovered,35027.2
A001544,P01220,General Medicine,Diabetes Complication,Emergency,2024-08-26,2024-08-28,Improved,14526.73
A001437,P03371,Pulmonology,COPD,Elective,2024-08-11,2024-08-16,Improved,26144.29
A004173,P00762,General Medicine,Sepsis,Emergency,09/12/2025,2025-09-16,Improved,21156.24
A002624,P03540,Neurology,Stroke,Urgent,2025-02-02,2025-02-14,Recovered,
A002444,P00110,General Medicine,Sepsis,Emergency,2025-01-06,2025-01-12,Recovered,17053.49
A001639,P01366,Pediatrics,Bronchiolitis,Urgent,2024-09-11,2024-09-12,Improved,6164.37
A004008,P02954,Pulmonology,COPD,Emergency,2025-08-17,,Improved,
A003848,P00030,General Medicine,Kidney Infection,Elective,2025-07-28,2025-08-01,Recovered,16366.87
A003399,P01112,Pulmonology,Pneumonia,Elective,05/26/2025,2025-05-31,Recovered,
A003925,P01608,Neurology,Seizure Disorder,Emergency,2025-08-08,2025-08-13,Improved,35963.48
A004848,P00531,cardiology,Myocardial Infarction,Emergency,2025-12-24,2025-12-25,Recovered,20863.79
A002544,P00158,Orthopedics,Joint Replacement,Emergency,2025-01-21,2025-01-25,Recovered,35122.2
A003353,P01508,Oncology,Lymphoma,Emergency,2025-05-20,2025-05-26,Improved,82247.25
A003554,P00335,Cardiology,Heart Failure,Urgent,2025-06-17,2025-06-21,Recovered,28009.16
A002845,P00807,General Medicine,Diabetes Complication,Emergency,2025-03-06,2025-03-10,Transferred,14625.07
A003192,P02809,General Medicine,Sepsis,Elective,2025-04-27,2025-05-06,Improved,24276.92
A004448,P03348,Pediatrics,Pediatric Asthma,Emergency,2025-10-29,2025-11-01,Recovered,8315.65
A003801,P03737,Oncology,Breast Cancer,Urgent,2025-07-20,2025-07-21,Recovered,40107.7
A001701,P01893,Oncology,Lymphoma,Elective,09/20/2024,2024-09-29,Transferred,75306.71
A000811,P01417,General Medicine,Diabetes Complication,Emergency,2024-05-07,2024-05-09,Transferred,10335.46
A002273,P01838,Orthopedics,Joint Replacement,Emergency,2024-12-12,2024-12-14,Transferred,13768.63
A001355,P03166,Cardiology,Arrhythmia,Emergency,2024-07-28,2024-07-29,Recovered,22925.56
A000745,P02325,Pulmonology,Pneumonia,Emergency,2024-04-28,2024-05-08,Recovered,48580.67
A004512,P02460,Pediatrics,Gastroenteritis,Urgent,11/07/2025,2025-11-09,Recovered,7485.45
A001101,P01504,Cardiology,Heart Failure,Emergency,2024-06-20,2024-07-03,Improved,80142.63
A004706,P01377,Pulmonology,Pneumonia,Emergency,2025-12-06,2025-12-10,Recovered,29246.95
A002253,P03678,Cardiology,Arrhythmia,Emergency,2024-12-09,2024-12-17,Improved,33876.42
A001303,P03521,Pulmonology,Pneumonia,Urgent,2024-07-21,2024-07-24,Recovered,18077.62
A000653,P00812,Orthopedics,Hip Fracture,Emergency,2024-04-12,2024-04-17,Recovered,20854.5
A002924,P01894,Cardiology,Myocardial Infarction,Emergency,2025-03-18,2025-03-29,Recovered,87265.19
A004732,P03893,Orthopedics,Hip Fracture,Urgent,2025-12-10,2025-12-18,Transferred,49147.92
A004681,P03793,Pulmonology,Pneumonia,Urgent,2025-12-03,2025-12-07,Improved,15608.13
A002530,P00715,Cardiology,Heart Failure,Emergency,2025-01-19,2025-01-28,Recovered,89767.76
A003791,P02288,Cardiology,Heart Failure,Emergency,2025-07-19,2025-07-27,Improved,64984.97
A003931,P03591,Pediatrics,Gastroenteritis,Urgent,2025-08-08,2025-08-10,Improved,9499.64
A001091,P00580,Pediatrics,Gastroenteritis,Emergency,2024-06-19,2024-06-20,Improved,6255.81
A004545,P02404,Oncology,Lymphoma,Urgent,2025-11-12,2025-11-18,Improved,56577.75
A000830,P02097,Cardiology,Heart Failure,Urgent,2024-05-10,2024-05-15,Recovered,50864.25
A003977,P02633,General Medicine,Diabetes Complication,Urgent,2025-08-14,2025-08-18,Improved,19238.54
A001626,P01564,Oncology,Lymphoma,Emergency,2024-09-09,2024-09-13,Recovered,49197.42
A001137,P03136,Pediatrics,Pediatric Asthma,Urgent,2024-06-27,2024-07-02,Recovered,11522.46
A001780,P01032,Pediatrics,Bronchiolitis,Emergency,2024-10-01,2024-10-03,Transferred,9929.19
A000364,P03937,General Medicine,Kidney Infection,Emergency,2024-03-02,2024-03-03,Recovered,10434.62
A003425,P02432,General Medicine,Sepsis,Emergency,05/30/2025,2025-05-31,Recovered,14029.59
A004334,P03482,Neurology,Stroke,Urgent,2025-10-10,2025-10-11,Recovered,36346.77
A003947,P00523,Pulmonology,COPD,Emergency,2025-08-10,2025-08-12,Recovered,17834.43
A000366,P00399,Cardiology,Heart Failure,Emergency,2024-03-02,2024-03-06,Improved,54531.72
A000158,P00509,Neurology,Multiple Sclerosis,Emergency,2024-01-28,2024-01-31,Recovered,22854.99
A004011,P01419,Pulmonology,Asthma,Urgent,2025-08-18,2025-08-24,Recovered,40231.33
A002584,P03172,Cardiology,Arrhythmia,Urgent,2025-01-28,2025-01-30,Improved,23550.08
A002066,P00598,Neurology,Seizure Disorder,Emergency,2024-11-11,2024-11-16,Improved,32419.78
A004378,P02147,Pediatrics,Gastroenteritis,Elective,2025-10-17,2025-10-18,Recovered,8461.04
A000219,P03610,Neurology,Seizure Disorder,Emergency,2024-02-08,2024-02-18,Recovered,65220.61
A003406,P01711,Orthopedics,Hip Fracture,Urgent,2025-05-28,2025-06-05,Improved,57478.2
A000596,P00244,Pulmonology,COPD,Emergency,04/04/2024,2024-04-09,Recovered,23395.81
A002878,P02429,Orthopedics,Hip Fracture,Emergency,2025-03-11,2025-03-12,Improved,17765.35
A001066,P03725,Pediatrics,Bronchiolitis,Emergency,2024-06-15,2024-06-19,Recovered,15390.24
A003870,P00916,Orthopedics,Joint Replacement,Emergency,2025-08-01,2025-08-04,Improved,25597.64
A002852,P00600,Pulmonology,Asthma,Emergency,2025-03-07,2025-03-12,Improved,20642.72
A001051,P01949,Pediatrics,Gastroenteritis,Elective,2024-06-12,2024-06-13,Recovered,7752.85
A003646,P01917,Cardiology,Myocardial Infarction,Elective,2025-06-30,2025-07-04,Improved,33438.06
A004689,P01994,Neurology,Stroke,Elective,2025-12-05,2025-12-07,Recovered,26328.86
A001591,P02560,Oncology,Lung Cancer,Emergency,09/03/2024,2024-09-07,Recovered,51240.95
A004277,P01650,Orthopedics,Joint Replacement,Emergency,2025-10-01,2025-10-06,Recovered,34187.42
A000211,P01404,Cardiology,Heart Failure,Elective,2024-02-07,2024-02-11,Improved,23745.73
A001982,P00622,General Medicine,Sepsis,Elective,2024-10-28,2024-10-31,Recovered,14159.35
A001092,P03847,Pulmonology,Asthma,Urgent,2024-06-19,2024-06-20,Transferred,17498.18
A001907,P00341,CARDIOLOGY,Myocardial Infarction,Emergency,2024-10-19,2024-10-23,Improved,28512.75
A002744,P01937,General Medicine,Sepsis,Emergency,2025-02-19,2025-02-20,Recovered,13150.14
A003843,P02693,General Medicine,Kidney Infection,Urgent,2025-07-27,2025-07-31,Improved,14393.22
A000241,P01094, Cardiology ,Heart Failure,Emergency,2024-02-11,2024-02-13,Recovered,22025.39
A002222,P02925,Oncology,Lymphoma,Elective,2024-12-03,2024-12-14,Recovered,77662.34
A002870,P02038,Pediatrics,Bronchiolitis,Emergency,2025-03-10,2025-03-14,Recovered,
A004669,P00813,Orthopedics,Joint Replacement,Urgent,12/01/2025,2025-12-02,Improved,23336.82
A004300,P00879,Orthopedics,Joint Replacement,Urgent,2025-10-05,2025-10-14,Recovered,35393.33
A000919,P03747,General Medicine,Sepsis,Emergency,2024-05-24,2024-05-29,Recovered,16054.39
A002386,P03496,Orthopedics,Joint Replacement,Emergency,2024-12-29,2024-12-31,Recovered,20397.68
A004152,P00568,Orthopedics,Spinal Disorder,Emergency,2025-09-08,2025-09-11,Recovered,19887.25
A001787,P02959,Orthopedics,Hip Fracture,Elective,2024-10-02,2024-10-13,Recovered,48555.27
A000599,P00878,General Medicine,Kidney Infection,Emergency,2024-04-04,2024-04-09,Recovered,20457.04
A000417,P02232,Pediatrics,Pediatric Asthma,Emergency,2024-03-11,2024-03-15,Recovered,8860.65
A001484,P00501,Pediatrics,Bronchiolitis,Emergency,08/16/2024,2024-08-18,Improved,12065.45
A003475,P00539,Pulmonology,Asthma,Emergency,2025-06-09,2025-06-19,Improved,52506.7
A000551,P03175,General Medicine,Sepsis,Urgent,2024-03-28,2024-03-31,Recovered,12130.54
A001581,P01162,Neurology,Multiple Sclerosis,Urgent,2024-09-02,2024-09-11,Improved,36828.19
A000404,P02136,Cardiology,Arrhythmia,Elective,2024-03-09,2024-03-13,Improved,35842.18
A001065,P02471,Orthopedics,Hip Fracture,Emergency,2024-06-15,2024-06-18,Recovered,23868.56
A001986,P00595,Orthopedics,Joint Replacement,Urgent,2024-10-28,2024-11-02,Recovered,27294.12
A001959,P00479,Cardiology,Myocardial Infarction,Emergency,2024-10-25,2024-11-01,Improved,36350.39
A002479,P01344,Pulmonology,Pneumonia,Urgent,2025-01-09,2025-01-10,Transferred,14581.7
A000324,P02143,Cardiology,Heart Failure,Elective,2024-02-24,2024-03-04,Recovered,58731.19
A000453,P03580,Pediatrics,Gastroenteritis,Elective,2024-03-15,2024-03-17,Improved,10110.67
A000945,P01670,Oncology,Breast Cancer,Elective,2024-05-27,2024-06-01,Improved,61951.53
A003275,P00559,Oncology,Breast Cancer,Urgent,2025-05-08,2025-05-21,Recovered,99995.35
A001985,P02332,Cardiology,Arrhythmia,Elective,2024-10-28,2024-11-01,Recovered,33875.7
A003673,P00087,Pediatrics,Bronchiolitis,Urgent,2025-07-03,2025-07-05,Recovered,6942.53
A000139,P03922,Orthopedics,Spinal Disorder,Elective,2024-01-25,2024-01-27,Improved,17369.05
A000136,P00882,Oncology,Lung Cancer,Emergency,2024-01-24,2024-01-31,Improved,48731.56
A004313,P02736,Pediatrics,Bronchiolitis,Urgent,2025-10-07,2025-10-08,Recovered,11000.51
A004530,P01582,Orthopedics,Hip Fracture,Urgent,2025-11-10,2025-11-11,Recovered,
A004067,P02910,Neurology,Seizure Disorder,Emergency,2025-08-27,2025-09-06,Recovered,48090.98
A002463,P00182,Pediatrics,Bronchiolitis,Urgent,2025-01-08,2025-01-11,Recovered,8712.43
A003824,P02301,Cardiology,Heart Failure,Emergency,2025-07-24,2025-07-26,Improved,27236.43
A002500,P01837,Cardiology,Myocardial Infarction,Emergency,2025-01-14,2025-01-21,Recovered,45735.9
A002230,P00017,Orthopedics,Hip Fracture,Urgent,12/04/2024,2024-12-08,Recovered,34812.59
A000806,P00011,Oncology,Lymphoma,Emergency,2024-05-07,2024-05-21,Transferred,107504.98
A004675,P03407,Neurology,Multiple Sclerosis,Emergency,2025-12-02,2025-12-08,Improved,24985.77
A004047,P02942,General Medicine,Kidney Infection,Emergency,08/24/2025,2025-09-03,Improved,18753.3
A000214,P00891,Pediatrics,Bronchiolitis,Elective,02/07/2024,2024-02-09,Recovered,7817.64
A002643,P03159,Pulmonology,COPD,Urgent,2025-02-06,2025-02-08,Recovered,28828.81
A001632,P03489,Cardiology,Arrhythmia,Emergency,2024-09-09,2024-09-13,Recovered,40630.53
A001327,P03636,Pulmonology,Asthma,Emergency,2024-07-25,2024-08-02,Recovered,22189.6
A000534,P03689,Oncology,Lymphoma,Emergency,03/26/2024,2024-04-07,Recovered,100840.04
A004583,P01175,Pediatrics,Gastroenteritis,Emergency,2025-11-19,2025-11-23,Improved,11123.15
A000088,P03720,Neurology,Seizure Disorder,Elective,2024-01-16,2024-01-17,Recovered,24477.27
A003599,P03232,Cardiology,Heart Failure,Urgent,2025-06-24,2025-06-30,Improved,51758.71
A002839,P02283,Orthopaedics,Hip Fracture,Emergency,2025-03-05,2025-03-06,Improved,19021.13
A000365,P01309,Orthopedics,Spinal Disorder,Emergency,2024-03-02,2024-03-10,Recovered,71857.74
A003668,P02359,Neurology,Stroke,Emergency,2025-07-02,2025-07-10,Improved,43187.85
A004183,P00137,Cardiology,Heart Failure,Elective,2025-09-14,2025-09-19,Improved,38562.8
A000035,P00043,Orthopedics,Spinal Disorder,Emergency,2024-01-06,2024-01-10,Recovered,45126.51
A003423,P03080,Cardiology,Heart Failure,Elective,2025-05-30,2025-06-08,Deceased,56312.68
A000171,P03358,Cardiology,Arrhythmia,Urgent,2024-01-29,2024-02-01,Improved,24140.03
A002208,P00158,Orthopedics,Hip Fracture,Emergency,2024-12-01,2024-12-06,Improved,26237.99
A002563,P01200,Orthopedics,Spinal Disorder,Elective,2025-01-23,2025-01-24,Improved,25877.47
A003723,P02727,Pediatrics,Pediatric Asthma,Urgent,07/09/2025,2025-07-13,Transferred,10996.24
A000868,P01662,Orthopedics,Joint Replacement,Urgent,2024-05-17,2024-05-18,Recovered,25442.33
A000532,P01638,Oncology,Lung Cancer,Urgent,2024-03-26,2024-04-10,Recovered,69690.91
A001521,P03467,General Medicine,Sepsis,Emergency,2024-08-23,2024-08-23,Recovered,8342.41
A003324,P01304,Neurology,Seizure Disorder,Emergency,2025-05-16,2025-05-28,Recovered,50968.48
A003434,P00403,Cardiology,Heart Failure,Emergency,2025-06-03,2025-06-06,Improved,28113.05
A003979,P00448,Orthopedics,Joint Replacement,Emergency,2025-08-14,2025-08-16,Recovered,25519.88
A002142,P03076,General Medicine,Sepsis,Emergency,2024-11-21,2024-11-23,Recovered,14141.37
A002853,P03799,Pediatrics,Pediatric Asthma,Urgent,2025-03-07,2025-03-07,Recovered,9536.14
A002387,P03060,General Medicine,Sepsis,Emergency,2024-12-29,2025-01-02,Improved,10609.98
A004723,P03601,General Medicine,Sepsis,Emergency,2025-12-09,2025-12-11,Recovered,9073.76
A004104,P00581,Pediatrics,Bronchiolitis,Emergency,2025-09-01,2025-09-03,Improved,13882.32
A003259,P01879,General Medicine,Sepsis,Emergency,2025-05-05,2025-05-10,Improved,14208.26
A001829,P01960,Pediatrics,Bronchiolitis,Urgent,2024-10-09,2024-10-11,Recovered,9284.07
A002430,P00384,Orthopedics,Spinal Disorder,Emergency,2025-01-04,,Recovered,51542.9
A000128,P03108,Neurology,Seizure Disorder,Emergency,2024-01-22,2024-01-22,Recovered,22488.73
A004437,P01708,Orthopedics,Hip Fracture,Emergency,2025-10-27,2025-11-03,Recovered,23750.06
A000736,P00008,Oncology,Lymphoma,Emergency,2024-04-26,2024-04-27,Improved,46645.68
A002552,P03609,General Medicine,Sepsis,Urgent,2025-01-22,2025-01-28,Recovered,23486.0
A001108,P02090,Pediatrics,Pediatric Asthma,Emergency,2024-06-21,2024-06-22,Recovered,9707.92
A000798,P02030,Orthopedics,Spinal Disorder,Emergency,2024-05-06,,Recovered,59606.61
A000837,P03304,Pulmonology,Asthma,Elective,05/11/2024,2024-05-13,Recovered,20865.03
A002353,P00419,Pulmonology,Pneumonia,Elective,2024-12-23,2025-01-02,Improved,29668.39
A003309,P01549,Neurology,Stroke,Emergency,2025-05-14,2025-05-26,Transferred,48041.36
A000032,P01158,Cardiology,Heart Failure,Urgent,2024-01-06,2024-01-13,Recovered,40465.64
A000236,P00220,General Medicine,Sepsis,Urgent,2024-02-11,2024-02-17,Recovered,23133.61
A000426,P00903,pulmonology ,COPD,Urgent,2024-03-12,2024-03-20,Improved,45863.68
A001892,P00792,Cardiology,Arrhythmia,Urgent,2024-10-18,2024-10-23,Recovered,35740.39
A003830,P01441,Orthopedics,Spinal Disorder,Emergency,2025-07-25,2025-07-30,Recovered,45042.85
A003012,P01985,General Medicine,Sepsis,Elective,2025-04-01,2025-04-07,Transferred,13279.67
A000652,P01699,General Medicine,Sepsis,Elective,2024-04-12,2024-04-15,Recovered,13515.14
A003104,P02803,Neurology,Stroke,Elective,2025-04-15,2025-04-18,Transferred,23369.95
A003296,P03516,General Medicine,Sepsis,Emergency,2025-05-11,2025-05-17,Recovered,16301.17
A002857,P02544,General Medicine,Kidney Infection,Emergency,03/07/2025,2025-03-09,Recovered,12009.14
A000480,P01762,Neurology,Stroke,Urgent,2024-03-18,2024-03-20,Recovered,15294.42
A002432,P03895,Pulmonology,COPD,Elective,2025-01-04,2025-01-05,Improved,19894.7
A004004,P03641,Neurology,Seizure Disorder,Emergency,2025-08-17,2025-08-25,Improved,45136.75
A004148,P02877,Orthopedics,Hip Fracture,Elective,2025-09-07,2025-09-10,Recovered,22692.08
A002391,P00861,Cardiology,Myocardial Infarction,Urgent,2024-12-30,2025-01-16,Recovered,121961.18
A000800,P01738,Pediatrics,Pediatric Asthma,Emergency,2024-05-06,2024-05-07,Improved,8231.63
A003236,P00290,General Medicine,Kidney Infection,Urgent,2025-05-02,2025-05-11,Deceased,26610.78
A004027,P02402,Cardiology,Arrhythmia,Urgent,2025-08-21,2025-08-24,Recovered,24247.84
A000908,P00990,Orthopedics,Joint Replacement,Urgent,2024-05-23,2024-05-28,Recovered,37669.68
A000846,P00703,Pediatrics,Gastroenteritis,Elective,2024-05-12,2024-05-15,Recovered,10782.2
A001758,P00019,Pulmonology,Asthma,Elective,2024-09-27,2024-10-05,Recovered,33564.53
A000066,P03437,Cardiology,Arrhythmia,Elective,2024-01-12,2024-01-17,Recovered,45569.9
A001200,P02906,Orthopedics,Hip Fracture,Emergency,2024-07-06,2024-07-10,Recovered,16545.91
A002976,P02665,Neurology,Multiple Sclerosis,Emergency,2025-03-26,2025-03-31,Recovered,-37448.93
A004717,P02224,Oncology,Breast Cancer,Emergency,12/08/2025,2025-12-11,Recovered,
A002847,P00325,Cardiology,Arrhythmia,Urgent,03/06/2025,2025-03-15,Recovered,53012.76
A002355,P02132,Pulmonology,Pneumonia,Emergency,2024-12-23,2024-12-28,Recovered,-27427.88
A002612,P00238,Neurology,Multiple Sclerosis,Emergency,2025-02-01,2025-02-08,Improved,49688.13
A001613,P01183,General Medicine,Diabetes Complication,Elective,2024-09-07,,Recovered,11432.14
A004807,P00292,Cardiology,Arrhythmia,Elective,2025-12-18,2025-12-26,Improved,49215.41
A002680,P00855,Orthopedics,Joint Replacement,Emergency,2025-02-11,2025-02-15,Recovered,42681.91
A001192,P02056,General Medicine,Diabetes Complication,Urgent,2024-07-05,2024-07-10,Deceased,27598.3
A004742,P00305,Cardiology,Heart Failure,Emergency,2025-12-11,2025-12-17,Improved,56762.0
A003270,P00734,General Medicine,Diabetes Complication,Elective,05/07/2025,2025-05-10,Recovered,9883.14
A003909,P00298,General Medicine,Sepsis,Emergency,2025-08-06,2025-08-08,Improved,11158.64
A003632,P00653,General Medicine,Sepsis,Elective,2025-06-29,2025-07-01,Transferred,14822.2
A004854,P02098,Cardiology,Myocardial Infarction,Elective,2025-12-25,2025-12-31,Recovered,47682.21
A001538,P00726,Pediatrics,Bronchiolitis,Emergency,2024-08-25,2024-08-31,Recovered,14092.45
A002262,P01903,Orthopedics,Joint Replacement,Emergency,2024-12-10,2024-12-15,Recovered,39516.77
A001220,P01941,Pediatrics,Bronchiolitis,Urgent,2024-07-09,2024-07-12,Improved,11680.51
A000586,P00537,Orthopedics,Hip Fracture,Urgent,2024-04-02,2024-04-03,Improved,30074.36
A000804,P03439,Orthopedics,Spinal Disorder,Emergency,2024-05-06,2024-05-08,Improved,
A003514,P01306,Orthopedics,Spinal Disorder,Elective,06/12/2025,2025-06-14,Recovered,18156.3
A000786,P01370,Cardiology,Heart Failure,Urgent,2024-05-03,2024-05-04,Improved,25498.96
A003445,P03468,general medicine,Kidney Infection,Elective,06/04/2025,2025-06-06,Improved,9817.36
A000020,P02201,Cardiology,Arrhythmia,Urgent,2024-01-04,2024-01-05,Recovered,15899.02
A001097,P01792,cardiology,Arrhythmia,Urgent,2024-06-20,2024-06-23,Recovered,22497.58
A001655,P01809,Pediatrics,Bronchiolitis,Emergency,2024-09-14,2024-09-14,Recovered,4245.75
A004053,P03033,Orthopedics,Joint Replacement,Emergency,2025-08-25,2025-08-27,Recovered,21240.66
A003892,P01551,General Medicine,Kidney Infection,Emergency,2025-08-03,2025-08-05,Recovered,12463.21
A001339,P02720,Pediatrics,Gastroenteritis,Emergency,2024-07-26,2024-07-29,Improved,11836.79
A001652,P00788,Orthopedics,Spinal Disorder,Urgent,2024-09-13,,Recovered,70139.81
A001889,P00059,Oncology,Breast Cancer,Emergency,2024-10-17,2024-10-22,Recovered,65557.77
A004688,P01037,General Medicine,Diabetes Complication,Emergency,2025-12-04,2025-12-08,Recovered,18918.63
A000517,P02585,Cardiology,Heart Failure,Urgent,2024-03-24,2024-03-25,Transferred,28925.89
A001150,P01208,Neurology,Seizure Disorder,Urgent,2024-06-30,2024-07-16,Recovered,68157.72
A000274,P00701,Cardiology,Myocardial Infarction,Urgent,2024-02-17,2024-02-21,Improved,36211.37
A002437,P03364,cardiology,Myocardial Infarction,Emergency,2025-01-05,2025-01-10,Recovered,34691.98
A001250,P00627,cardiology,Myocardial Infarction,Urgent,2024-07-14,2024-07-14,Improved,21896.81
A004658,P00437,General Medicine,Diabetes Complication,Emergency,2025-11-28,,Improved,9093.76
A004100,P00591,Orthopedics,Hip Fracture,Urgent,2025-09-01,2025-09-06,Recovered,47022.44
A001085,P01519,Cardiology,Myocardial Infarction,Emergency,2024-06-18,2024-06-19,Recovered,21296.86
A000041,P03439,Neurology,Stroke,Emergency,2024-01-07,2024-01-10,Recovered,20879.91
A001897,P02900,Cardiology,Heart Failure,Urgent,2024-10-18,2024-10-24,Improved,54838.21
A004241,P00254,Pulmonology,Pneumonia,Urgent,2025-09-23,2025-09-26,Recovered,16705.86
A002620,P02630,Pediatrics,Bronchiolitis,Emergency,2025-02-02,2025-02-09,Recovered,10577.59
A000053,P03500,General Medicine,Diabetes Complication,Emergency,2024-01-10,2024-01-18,Recovered,21348.94
A003987,P03341,Orthopedics,Joint Replacement,Emergency,2025-08-15,2025-08-23,Recovered,28000.74
A003583,P02877,Orthopaedics,Spinal Disorder,Urgent,2025-06-21,2025-06-21,Improved,19291.83
A000298,P00014,Pulmonology,Pneumonia,Emergency,2024-02-21,2024-02-22,Recovered,8424.86
A000971,P00398, Cardiology ,Arrhythmia,Urgent,2024-05-31,2024-06-03,Recovered,29890.5
A000666,P02063,Pediatrics,Gastroenteritis,Elective,2024-04-14,2024-04-15,Recovered,5974.04
A003004,P02652,Pulmonology,Pneumonia,Emergency,2025-03-30,2025-04-08,Recovered,25198.02
A000620,P03960,Pulmonology,COPD,Emergency,2024-04-06,2024-04-07,Deceased,15985.73
A002190,P00770,Cardiology,Myocardial Infarction,Emergency,2024-11-28,,Improved,23012.04
A001312,P00878,General Medicine,Diabetes Complication,Urgent,2024-07-22,2024-07-26,Improved,15238.67
A002668,P03437,General Medicine,Kidney Infection,Emergency,2025-02-10,2025-02-12,Recovered,13216.4
A003416,P02522,Pediatrics,Bronchiolitis,Emergency,2025-05-29,2025-05-30,Improved,4971.04
A001095,P03132,Cardiology,Myocardial Infarction,Emergency,2024-06-20,2024-06-22,Recovered,29054.9
A001006,P01558,Oncology,Breast Cancer,Elective,06/05/2024,2024-06-10,Improved,42163.16
A001512,P01919,Cardiology,Myocardial Infarction,Emergency,08/21/2024,2024-08-23,Improved,33210.78
A003747,P03426,Orthopedics,Hip Fracture,Urgent,2025-07-12,2025-07-17,Transferred,30548.52
A004556,P03647,General Medicine,Kidney Infection,Urgent,11/15/2025,2025-11-15,Improved,12485.65
A003693,P02892,Orthopedics,Hip Fracture,Emergency,2025-07-06,2025-07-07,Recovered,23673.45
A004654,P03477,Oncology,Lung Cancer,Elective,2025-11-27,2025-11-30,Improved,29686.17
A002637,P01333,Cardiology,Myocardial Infarction,Elective,2025-02-05,2025-02-19,Improved,89247.41
A002104,P03991,Orthopedics,Hip Fracture,Emergency,2024-11-16,2024-11-30,Improved,65525.86
A002251,P00454,Pediatrics,Pediatric Asthma,Elective,2024-12-08,2024-12-12,Recovered,9628.27
A003401,P00962,Neurology,Seizure Disorder,Emergency,05/27/2025,2025-05-31,Improved,35858.89
A002711,P03620,Pediatrics,Pediatric Asthma,Urgent,02/15/2025,2025-02-16,Recovered,9595.49
A004169,P01844,Cardiology,Heart Failure,Urgent,2025-09-11,2025-09-22,Recovered,78925.12
A002015,P02669,Pediatrics,Gastroenteritis,Urgent,2024-11-03,2024-11-05,Recovered,8111.83
A003908,P01366,Pediatrics,Bronchiolitis,Emergency,08/06/2025,2025-08-08,Recovered,8202.22
A001706,P01021,Pediatrics,Gastroenteritis,Emergency,09/20/2024,2024-09-27,Recovered,11281.18
A003512,P03607,General Medicine,Kidney Infection,Emergency,2025-06-12,2025-06-14,Improved,7606.09
A003035,P01271,General Medicine,Sepsis,Emergency,2025-04-03,2025-04-06,Transferred,12508.8
A003097,P02903,Pulmonology,Asthma,Emergency,2025-04-13,2025-04-26,Improved,37605.89
A004291,P03780,Pulmonology,Pneumonia,Urgent,2025-10-03,2025-10-05,Improved,25422.66
A001854,P00932,Neurology,Multiple Sclerosis,Emergency,2024-10-11,2024-10-31,Recovered,112531.41
A000350,P01674,General Medicine,Kidney Infection,Urgent,2024-02-29,2024-03-02,Recovered,23414.91
A003517,P03968,Oncology,Lung Cancer,Urgent,2025-06-13,2025-06-22,Improved,103741.88
A003419,P02828,Orthopedics,Joint Replacement,Emergency,2025-05-30,2025-06-02,Deceased,20696.72
A000353,P01808,Cardiology,Arrhythmia,Emergency,2024-02-29,2024-03-09,Improved,37227.87
A000877,P02702,Orthopedics,Joint Replacement,Elective,2024-05-18,2024-05-23,Recovered,30274.78
A003036,P02105,General Medicine,Kidney Infection,Urgent,2025-04-04,2025-04-15,Recovered,31834.71
A003874,P00296,Pulmonology,Pneumonia,Urgent,2025-08-01,2025-08-15,Improved,54325.68
A000727,P00162,Cardiology,Heart Failure,Elective,04/25/2024,2024-04-29,Improved,40250.35
A001499,P02922,General Medicine,Sepsis,Urgent,2024-08-19,2024-08-20,Recovered,9236.58
A001813,P02581,Cardiology,Arrhythmia,Elective,2024-10-07,2024-10-13,Recovered,26548.7
A001815,P00706,Orthopedics,Joint Replacement,Elective,2024-10-07,2024-10-09,Recovered,28771.04
A003759,P01446,Pediatrics,Pediatric Asthma,Emergency,07/13/2025,2025-07-14,Recovered,7753.94
A000358,P00484,General Medicine,Diabetes Complication,Emergency,03/01/2024,2024-03-05,Transferred,17568.54
A002225,P02205,Orthopedics,Spinal Disorder,Urgent,2024-12-03,2024-12-06,Recovered,33100.47
A000717,P02698,Oncology,Lung Cancer,Elective,2024-04-23,2024-04-28,Improved,63255.95
A003652,P03565,General Medicine,Kidney Infection,Emergency,2025-07-01,2025-07-02,Improved,11239.85
A000286,P02985,Neurology,Stroke,Emergency,02/18/2024,2024-02-23,Recovered,56524.9
A004410,P01205,Neurology,Seizure Disorder,Emergency,2025-10-21,2025-11-01,Recovered,49744.23
A003641,P00145,General Medicine,Diabetes Complication,Emergency,2025-06-30,2025-07-01,Improved,6133.15
A002227,P00899,Pediatrics,Pediatric Asthma,Emergency,2024-12-03,2024-12-05,Recovered,8802.49
A004524,P02872,General Medicine,Diabetes Complication,Urgent,2025-11-09,2025-11-13,Recovered,14843.76
A003074,P03432,General Medicine,Kidney Infection,Elective,2025-04-09,2025-04-11,Recovered,11700.11
A001587,P01453,Pediatrics,Pediatric Asthma,Urgent,2024-09-03,2024-09-04,Recovered,6048.48
A000858,P02658,Cardiology,Myocardial Infarction,Elective,05/16/2024,,Recovered,33025.04
A003590,P00970,Pediatrics,Gastroenteritis,Emergency,2025-06-22,2025-06-23,Recovered,13866.2
A004043,P01448,Oncology,Breast Cancer,Emergency,08/24/2025,2025-08-27,Improved,39884.76
A002965,P01458,Orthopedics,Hip Fracture,Urgent,2025-03-24,2025-03-30,Transferred,
A004730,P02688,Orthopedics,Joint Replacement,Elective,2025-12-10,2025-12-17,Improved,58081.95
A004376,P02080,Pediatrics,Gastroenteritis,Emergency,2025-10-17,2025-10-20,Recovered,12320.99
A003784,P01138,Oncology,Lymphoma,Urgent,2025-07-17,2025-07-20,Recovered,36610.96
A003181,P02453,Pediatrics,Gastroenteritis,Emergency,2025-04-26,2025-04-30,Recovered,16968.16
A000663,P00681,Neurology,Stroke,Emergency,04/14/2024,2024-04-16,Improved,15942.48
A003190,P01328,Pediatrics,Bronchiolitis,Emergency,2025-04-27,2025-04-28,Recovered,8104.29
A003346,P02571,General Medicine,Diabetes Complication,Urgent,2025-05-19,2025-05-26,Recovered,18688.23
A000519,P02864,Neurology,Stroke,Emergency,2024-03-24,2024-03-25,Improved,19589.74
A001285,P03574,General Medicine,Kidney Infection,Elective,2024-07-20,2024-07-21,Recovered,9315.88
A002882,P02090,Pediatrics,Pediatric Asthma,Urgent,2025-03-11,2025-03-13,Deceased,13364.56
A003674,P03963,Cardiology,Myocardial Infarction,Urgent,2025-07-03,2025-07-08,Recovered,26262.11
A000070,P01469,Orthopedics,Spinal Disorder,Urgent,2024-01-13,2024-01-15,Improved,21323.29
A001372,P03448,Pulmonology,Pneumonia,Elective,2024-08-02,2024-08-03,Recovered,14776.9
A004165,P00287,Pediatrics,Bronchiolitis,Emergency,2025-09-11,2025-09-17,Recovered,10420.19
A000733,P01990,Oncology,Lymphoma,Emergency,2024-04-26,2024-05-01,Recovered,58694.13
A000880,P00976,General Medicine,Sepsis,Emergency,2024-05-19,2024-05-21,Improved,17979.51
A001375,P03005,general medicine,Sepsis,Emergency,08/02/2024,2024-08-04,Recovered,9337.59
A002780,P02990,Cardiology,Arrhythmia,Elective,2025-02-23,2025-02-26,Recovered,22984.95
A003570,P01651,Orthopedics,Joint Replacement,Emergency,06/20/2025,2025-06-22,Recovered,33540.59
A004066,P00070,Pulmonology,Pneumonia,Emergency,08/27/2025,2025-09-04,Recovered,28629.65
A004552,P01860,Orthopedics,Hip Fracture,Elective,2025-11-14,2025-11-17,Improved,31313.71
A000593,P00031,Oncology,Lymphoma,Emergency,2024-04-04,2024-04-05,Recovered,39785.35
A003258,P02684,Oncology,Breast Cancer,Emergency,2025-05-05,2025-05-07,Recovered,23573.01
A000450,P01202,Gen Med,Diabetes Complication,Emergency,2024-03-15,2024-03-16,Recovered,11133.94
A003156,P01143,General Medicine,Sepsis,Emergency,2025-04-22,2025-04-29,Transferred,20550.61
A003826,P00924,Pediatrics,Pediatric Asthma,Emergency,2025-07-24,2025-07-29,Recovered,18486.92
A003132,P03200,Cardiology,Myocardial Infarction,Emergency,2025-04-20,2025-04-20,Recovered,24145.86
A003818,P01009,Cardiology,Myocardial Infarction,Elective,2025-07-23,2025-07-23,Recovered,14651.95
A002927,P03861,Pulmonology,COPD,Emergency,2025-03-18,2025-03-22,Transferred,29111.01
A001519,P02577,General Medicine,Kidney Infection,Urgent,2024-08-23,2024-08-28,Improved,17795.6
A004737,P00458,Neurology,Multiple Sclerosis,Emergency,2025-12-11,2025-12-16,Recovered,34067.29
A000300,P00912,Pediatrics,Pediatric Asthma,Urgent,2024-02-21,2024-02-21,Recovered,5854.24
A001390,P03326,Pulmonology,Asthma,Emergency,2024-08-03,2024-08-05,Recovered,
A003683,P00309,Cardiology,Heart Failure,Emergency,2025-07-05,2025-07-08,Improved,18371.5
A004668,P02672,Neurology,Seizure Disorder,Elective,2025-11-30,2025-12-03,Recovered,24438.79
A002002,P00215,Oncology,Lung Cancer,Emergency,2024-10-31,,Recovered,62287.34
A000910,P01715,General Medicine,Kidney Infection,Elective,2024-05-23,2024-05-25,Improved,8900.29
A002913,P00871,Neurology,Multiple Sclerosis,Emergency,2025-03-16,2025-03-22,Transferred,48601.48
A002197,P01406,Pediatrics,Bronchiolitis,Emergency,2024-11-30,2024-12-09,Improved,16216.41
A004678,P00513,Orthopedics,Hip Fracture,Emergency,2025-12-03,2025-12-23,Recovered,65592.71
A002546,P03355,General Medicine,Kidney Infection,Elective,2025-01-21,2025-01-28,Improved,19824.73
A000238,P03677,Pulmonology,COPD,Emergency,2024-02-11,2024-02-18,Recovered,35678.63
A004593,P02552,Cardiology,Myocardial Infarction,Emergency,2025-11-19,2025-11-21,Recovered,20495.41
A003860,P03757,Oncology,Lung Cancer,Emergency,2025-07-30,2025-08-02,Improved,38579.83
A000071,P00659,Pediatrics,Bronchiolitis,Urgent,2024-01-13,2024-01-18,Improved,13128.97
A000292,P00502,General Medicine,Kidney Infection,Elective,02/19/2024,2024-02-28,Recovered,25921.24
A000025,P01384,Cardiology,Myocardial Infarction,Emergency,2024-01-04,2024-01-09,Recovered,48580.53
A004829,P00205,ortho,Spinal Disorder,Emergency,2025-12-21,2025-12-26,Recovered,39203.49
A001060,P00049,Pulmonology,Asthma,Emergency,2024-06-14,2024-06-15,Recovered,19798.82
A004118,P02785,Neurology,Stroke,Elective,2025-09-04,2025-09-17,Recovered,49830.91
A000899,P03390,cardiology,Heart Failure,Emergency,05/21/2024,2024-05-24,Improved,31139.33
A001781,P02664,Pulmonology,Asthma,Emergency,2024-10-01,2024-10-06,Recovered,19533.2
A000029,P00992,Cardiology,Arrhythmia,Emergency,2024-01-05,2024-01-17,Transferred,94263.74
A001795,P03884,General Medicine,Sepsis,Emergency,2024-10-03,2024-10-05,Recovered,16297.95
A003636,P02100,Neurology,Multiple Sclerosis,Urgent,2025-06-29,2025-07-09,Recovered,56921.51
A002683,P02377,Orthopedics,Spinal Disorder,Elective,2025-02-12,2025-02-14,Recovered,22332.35
A002550,P01374,general medicine,Kidney Infection,Emergency,2025-01-22,2025-01-25,Transferred,8046.77
A000546,P00676,Cardiology,Arrhythmia,Elective,2024-03-28,2024-03-30,Recovered,23644.07
A002978,P03740,Oncology,Lung Cancer,Emergency,2025-03-26,2025-04-14,Recovered,172211.44
A002540,P03595,Cardiology,Heart Failure,Urgent,01/20/2025,2025-01-23,Recovered,48451.42
A004793,P00494,Neurology,Seizure Disorder,Emergency,2025-12-17,2025-12-19,Improved,28399.65
A003199,P02879,Orthopedics,Hip Fracture,Emergency,2025-04-27,2025-05-02,Recovered,
A003250,P00218,Pediatrics,Bronchiolitis,Emergency,2025-05-04,2025-05-08,Improved,14491.42
A000831,P03378,Neurology,Stroke,Urgent,2024-05-10,2024-05-14,Recovered,31483.67
A003704,P01452,Pediatrics,Pediatric Asthma,Emergency,2025-07-07,2025-07-08,Recovered,8151.5
A000572,P01405,Pediatrics,Gastroenteritis,Urgent,2024-04-01,2024-04-11,Recovered,15141.67
A000575,P01074,Orthopedics,Hip Fracture,Emergency,2024-04-01,2024-04-05,Transferred,46226.62
A002890,P01720,Orthopedics,Spinal Disorder,Urgent,2025-03-12,2025-03-15,Improved,21842.4
A002125,P03414,Pediatrics,Pediatric Asthma,Elective,2024-11-18,2024-11-22,Recovered,15418.4
A002732,P00560,Neurology,Stroke,Urgent,2025-02-17,2025-02-21,Recovered,18503.36
A002454,P03842,Orthopedics,Spinal Disorder,Emergency,2025-01-07,2025-01-08,Recovered,16527.27
A002678,P01862,General Medicine,Diabetes Complication,Urgent,2025-02-11,,Recovered,12293.12
A002421,P03748,Pulmonology,COPD,Emergency,01/02/2025,2025-01-12,Transferred,39027.44
A002250,P03306,Pulmonology,Asthma,Elective,2024-12-08,2024-12-21,Recovered,47658.37
A004863,P02153,Oncology,Lung Cancer,Urgent,2025-12-27,2026-01-08,Recovered,65518.75
A003331,P00994,Cardiology,Myocardial Infarction,Elective,2025-05-17,2025-05-22,Recovered,51953.29
A002264,P01232,Oncology,Breast Cancer,Emergency,2024-12-10,2024-12-17,Deceased,45318.42
A003999,P01464,Pediatrics,Bronchiolitis,Emergency,2025-08-16,2025-08-22,Recovered,14976.14
A003531,P03206,Cardiology,Heart Failure,Emergency,2025-06-15,2025-06-18,Recovered,34226.8
A000072,P02631,Oncology,Breast Cancer,Emergency,2024-01-13,2024-01-16,Improved,23868.3
A000145,P00481,Oncology,Breast Cancer,Emergency,2024-01-25,2024-01-29,Recovered,45722.23
A001057,P00711,Orthopedics,Joint Replacement,Urgent,2024-06-13,2024-06-15,Improved,23203.36
A002060,P02695,Neurology,Multiple Sclerosis,Emergency,2024-11-10,2024-11-21,Improved,50266.76
A004442,P03028,Cardiology,Myocardial Infarction,Emergency,2025-10-28,2025-10-29,Recovered,20737.9
A004547,P00925,Oncology,Lung Cancer,Emergency,2025-11-12,2025-11-16,Improved,49400.53
A002329,P02430,Cardiology,Heart Failure,Emergency,2024-12-20,2024-12-21,Improved,18575.12
A004428,P03581,General Medicine,Sepsis,Emergency,10/26/2025,2025-10-28,Recovered,9117.35
A004585,P01736,Oncology,Breast Cancer,Urgent,2025-11-19,2025-11-23,Recovered,62044.35
A000209,P02248,Pediatrics,Pediatric Asthma,Emergency,2024-02-06,2024-02-07,Recovered,6604.23
A000008,P02472,Pediatrics,Pediatric Asthma,Emergency,2024-01-01,2024-01-03,Recovered,7577.2
A001059,P00698,Cardiology,Myocardial Infarction,Elective,2024-06-14,2024-06-22,Recovered,77638.43
A002531,P02815,Oncology,Breast Cancer,Emergency,2025-01-19,2025-01-24,Improved,40069.12
A001098,P01783,Pediatrics,Gastroenteritis,Emergency,2024-06-20,2024-06-21,Recovered,9462.78
A004685,P01479,Oncology,Breast Cancer,Urgent,2025-12-04,2025-12-08,Recovered,43739.28
A002986,P01318,Pulmonology,Pneumonia,Elective,2025-03-27,2025-03-28,Recovered,23435.35
A002755,P01817,Oncology,Lung Cancer,,2025-02-20,2025-03-08,Improved,90884.5
A001746,P01365,Neurology,Multiple Sclerosis,Emergency,2024-09-25,2024-09-30,Transferred,38623.32
A004009,P01035,Pediatrics,Gastroenteritis,Elective,2025-08-18,2025-08-21,Improved,13399.08
A004581,P00914,Pulmonology,Asthma,Urgent,2025-11-19,2025-12-01,Improved,44114.67
A003260,P01667,Oncology,Lung Cancer,Urgent,2025-05-05,2025-05-08,Recovered,30343.58
A003951,P03514,Pediatrics,Gastroenteritis,Elective,2025-08-11,2025-08-13,Recovered,12270.93
A001206,P03533,Pediatrics,Gastroenteritis,Urgent,2024-07-07,2024-07-08,Recovered,11817.02
A000004,P01261,Orthopedics,Spinal Disorder,Urgent,2024-01-01,2024-01-03,Recovered,39306.43
A000915,P03160,Cardiology,Heart Failure,Urgent,2024-05-24,2024-05-26,Recovered,18183.5
A000111,P03067,General Medicine,Diabetes Complication,Elective,2024-01-19,2024-01-21,Improved,17979.28
A003608,P03114,Gen Med,Sepsis,,06/25/2025,2025-06-26,Recovered,12369.93
A002603,P03195,Cardiology,Arrhythmia,Emergency,2025-01-31,2025-02-03,Recovered,27304.35
A000936,P03466,General Medicine,Diabetes Complication,Elective,2024-05-27,2024-05-29,Improved,10785.91
A004840,P02607,General Medicine,Diabetes Complication,Emergency,2025-12-23,2025-12-25,Recovered,10329.21
A000438,P00712,general medicine,Kidney Infection,Elective,2024-03-14,2024-03-15,Recovered,12061.05
A001020,P01096,Pediatrics,Pediatric Asthma,Emergency,2024-06-08,2024-06-12,Transferred,12695.57
A002797,P00316,Neurology,Multiple Sclerosis,Emergency,2025-02-27,,Recovered,20510.19
A003967,P03716,General Medicine,Diabetes Complication,Elective,2025-08-12,2025-08-15,Recovered,14220.71
A004835,P02422,Cardiology,Myocardial Infarction,Urgent,2025-12-21,2025-12-24,Recovered,29773.22
A002097,P02933,Pediatrics,Bronchiolitis,Emergency,2024-11-15,2024-11-21,Improved,22604.02
A003162,P02835,General Medicine,Diabetes Complication,Elective,04/24/2025,2023-12-31,Improved,14958.22
A002137,P00995,Pulmonology,Asthma,Urgent,2024-11-21,2024-11-23,Recovered,20270.69
A000555,P01897,Oncology,Lymphoma,Elective,2024-03-29,2024-04-02,Recovered,48348.64
A002009,P02855,Cardiology,Heart Failure,Urgent,2024-11-01,2024-11-07,Recovered,51885.16
A001534,P00187,Pediatrics,Pediatric Asthma,Emergency,2024-08-25,2024-08-28,Recovered,12342.78
A002903,P00471,General Medicine,Sepsis,Emergency,2025-03-15,2025-03-18,Improved,19730.62
A003630,P03957,Oncology,Breast Cancer,Elective,2025-06-28,2025-07-06,Recovered,50433.19
A003202,P03921,General Medicine,Diabetes Complication,Elective,2025-04-28,2025-05-01,Transferred,10411.35
A004498,P00234,General Medicine,Diabetes Complication,Urgent,2025-11-05,2025-11-07,Recovered,12705.67
A001513,P01345,Pediatrics,Bronchiolitis,Urgent,2024-08-21,2024-08-29,Recovered,14634.16
A000825,P02611,Pulmonology,Pneumonia,Elective,2024-05-09,2024-05-10,Recovered,14618.87
A001347,P01786,General Medicine,Sepsis,Urgent,2024-07-27,2024-07-28,Transferred,14053.18
A003971,P02062,General Medicine,Kidney Infection,Emergency,2025-08-13,2025-08-18,Recovered,13546.5
A003589,P03319,Pulmonology,Asthma,Emergency,06/22/2025,2025-06-26,Recovered,34813.91
A002834,P03461,General Medicine,Diabetes Complication,Emergency,2025-03-04,2025-03-05,Improved,11934.48
A002063,P02636,Pediatrics,Gastroenteritis,,2024-11-11,2024-11-13,Recovered,10478.37
A001593,P00670,Pediatrics,Bronchiolitis,Emergency,2024-09-04,2024-09-06,Recovered,12151.44
A000502,P02647,General Medicine,Sepsis,Emergency,2024-03-22,2024-03-28,Recovered,17222.75
A001710,P01495,pulmonology ,Pneumonia,Emergency,2024-09-20,2024-09-27,Improved,34102.44
A001564,P01173,Orthopedics,Spinal Disorder,Urgent,08/30/2024,2024-09-02,Transferred,
A002352,P03902,Orthopedics,Joint Replacement,Emergency,12/23/2024,2025-01-15,Improved,61644.26
A001976,P03744,General Medicine,Kidney Infection,Urgent,2024-10-27,2024-10-30,Transferred,10585.34
A000850,P00683,Neurology,Seizure Disorder,Elective,2024-05-14,2024-05-16,Recovered,24997.51
A003714,P03618,Orthopedics,Hip Fracture,Elective,2025-07-09,2025-07-10,Recovered,28187.36
A002172,P03726,Oncology,Lung Cancer,Emergency,2024-11-26,2024-11-29,Recovered,47864.03
A003604,P02650,General Medicine,Diabetes Complication,Urgent,2025-06-24,2025-06-29,Improved,12266.92
A003895,P02750,Cardiology,Heart Failure,,2025-08-04,2025-08-10,Recovered,51582.73
A003812,P01529,Pediatrics,Gastroenteritis,Urgent,2025-07-22,2025-07-23,Recovered,7882.77
A001684,P00983,Neurology,Seizure Disorder,Urgent,2024-09-18,2024-09-20,Recovered,12920.56
A001469,P02581,Cardiology,Myocardial Infarction,Emergency,2024-08-15,2024-08-21,Recovered,47154.15
A001644,P03875,Pulmonology,COPD,Emergency,09/11/2024,2024-09-18,Transferred,35394.44
A000966,P00345,Cardiology,Heart Failure,Urgent,2024-05-30,2024-06-06,Improved,45215.97
A003376,P00871,Neurology,Multiple Sclerosis,Emergency,2025-05-23,2025-05-27,Recovered,23477.05
A002741,P01003,Pulmonology,Pneumonia,Elective,2025-02-19,2025-02-23,Recovered,18395.8
A004338,P02467,Pulmonology,COPD,Urgent,2025-10-11,2025-10-21,Transferred,35031.39
A003792,P00139,Neurology,Multiple Sclerosis,Emergency,2025-07-19,2025-07-23,Transferred,43355.37
A003139,P03664,General Medicine,Kidney Infection,Urgent,2025-04-20,2025-04-21,Recovered,8584.47
A003171,P01192,Cardiology,Heart Failure,Emergency,2025-04-24,2025-04-28,Improved,28655.19
A004191,P00453,Cardiology,Arrhythmia,Urgent,2025-09-15,2025-09-17,Recovered,20872.14
A003856,P03693,General Medicine,Kidney Infection,Emergency,2025-07-30,2025-08-06,Transferred,24557.03
A000665,P03306,General Medicine,Diabetes Complication,Emergency,2024-04-14,2024-04-20,Improved,20224.6
A003960,P03066,Pulmonology,Pneumonia,Urgent,2025-08-12,,Improved,12172.95
A000460,P03839,Orthopedics,Hip Fracture,Emergency,2024-03-16,2024-03-19,Improved,20878.4
A004759,P03162,General Medicine,Diabetes Complication,Emergency,2025-12-13,2025-12-15,Recovered,11169.65
A001621,P03404,Neurology,Seizure Disorder,Urgent,2024-09-08,2024-09-14,Transferred,41111.04
A002502,P02875,Neurology,Stroke,Emergency,01/14/2025,2025-01-18,Recovered,24624.16
A000080,P01188,Neurology,Stroke,Emergency,2024-01-14,2024-01-14,Improved,11458.12
A000208,P01590,Pediatrics,Gastroenteritis,Emergency,2024-02-06,2024-02-06,Improved,6110.96
A003772,P03543,Pediatrics,Gastroenteritis,Elective,2025-07-16,2025-07-20,Recovered,11239.03
A000392,P03048,Oncology,Lung Cancer,Emergency,2024-03-06,2024-03-11,Improved,43058.59
A001683,P03640,Neurology,Stroke,Emergency,2024-09-18,2024-09-21,Recovered,30135.92
A002238,P03210,General Medicine,Kidney Infection,Elective,2024-12-06,2024-12-08,Recovered,15963.02
A001855,P03642,Pulmonology,Asthma,Urgent,2024-10-11,2024-10-15,Improved,30141.45
A004837,P02198,General Medicine,Sepsis,Urgent,12/21/2025,2025-12-25,Deceased,29076.86
A001318,P00553,Oncology,Lung Cancer,Emergency,2024-07-23,2024-07-27,Recovered,56479.6
A000483,P01584,Cardiology,Heart Failure,Urgent,2024-03-19,2024-03-22,Improved,29821.48
A003970,P00677,Oncology,Breast Cancer,Emergency,2025-08-13,2025-08-19,Recovered,42007.21
A004390,P01914,General Medicine,Diabetes Complication,Emergency,2025-10-19,2025-10-21,Recovered,15194.74
A003724,P03669,General Medicine,Sepsis,Urgent,2025-07-09,2025-07-14,Improved,17546.32
A000841,P01041,Neurology,Stroke,Elective,2024-05-11,2024-05-17,Recovered,59067.94
A001861,P02091,Cardiology,Heart Failure,,2024-10-13,2024-10-19,Recovered,49145.59
A000636,P03360,General Medicine,Sepsis,Emergency,2024-04-08,2024-04-16,Recovered,21076.37
A003944,P03806,CARDIOLOGY,Arrhythmia,Urgent,2025-08-10,2025-08-13,Improved,28002.98
A000317,P00180,General Medicine,Diabetes Complication,Emergency,2024-02-23,2024-02-24,Recovered,10069.04
A000642,P03343,Pediatrics,Bronchiolitis,Emergency,2024-04-09,2024-04-09,Recovered,5816.68
A001716,P02970,Neurology,Stroke,Elective,2024-09-21,2024-09-26,Recovered,44688.1
A003044,P01505,Orthopedics,Hip Fracture,Urgent,2025-04-05,2025-04-08,Recovered,22120.63
A001421,P02934,General Medicine,Kidney Infection,Urgent,2024-08-08,2024-08-11,Improved,12247.08
A004749,P01993,Orthopedics,Spinal Disorder,Emergency,12/13/2025,2025-12-20,Improved,48511.49
A004643,P00214,Neurology,Seizure Disorder,Urgent,2025-11-26,2025-12-06,Recovered,64573.13
A000499,P02869,General  Medicine,Kidney Infection,Emergency,2024-03-21,2024-03-26,Recovered,13272.78
A000662,P03619,Neurology,Seizure Disorder,Urgent,2024-04-14,2024-04-17,Deceased,28283.51
A001230,P03720,Neurology,Stroke,Emergency,2024-07-11,2024-07-29,Recovered,
A001286,P03239,Orthopedics,Joint Replacement,Elective,2024-07-20,2024-07-20,Recovered,15357.65
A002944,P02076,General Medicine,Diabetes Complication,Emergency,03/21/2025,2025-03-22,Improved,9164.56
A003992,P00766,Neurology,Stroke,Urgent,2025-08-16,2025-08-25,Improved,72279.6
A004522,P01035,Pediatrics,Bronchiolitis,Emergency,2025-11-09,2025-11-13,Improved,11356.02
A000799,P00020,Cardiology,Heart Failure,Emergency,2024-05-06,2024-05-10,Recovered,25686.45
A000034,P03225,General Medicine,Kidney Infection,Emergency,2024-01-06,2024-01-07,Transferred,9146.28
A000845,P00187,Pediatrics,Bronchiolitis,Urgent,05/12/2024,2024-05-14,Improved,7565.45
A000610,P00639,General Medicine,Diabetes Complication,Emergency,2024-04-06,2024-04-14,Improved,20431.6
A003711,P03084,Oncology,Lymphoma,Urgent,07/08/2025,2025-07-15,Recovered,67622.61
A000246,P03312,Cardiology,Heart Failure,Elective,02/12/2024,2024-02-21,Recovered,51958.51
A000692,P02784,Orthopedics,Joint Replacement,Emergency,2024-04-19,2024-04-22,Recovered,29145.72
A003183,P02531,Cardiology,Myocardial Infarction,Urgent,2025-04-26,2025-04-30,Recovered,33919.86
A003762,P01435,General  Medicine,Sepsis,Emergency,2025-07-14,2025-07-15,Recovered,8495.21
A000655,P00826,Pediatrics,Pediatric Asthma,Urgent,2024-04-12,2024-04-14,Recovered,7432.06
A001735,P03871,Pediatrics,Pediatric Asthma,Urgent,09/24/2024,2024-09-26,Recovered,9556.69
A004731,P03921,General Medicine,Diabetes Complication,Emergency,2025-12-10,2025-12-16,Improved,13229.04
A001212,P01344,pulmonology ,Pneumonia,Urgent,2024-07-08,2024-07-09,Recovered,21487.55
A004264,P00483,Neurology,Stroke,Emergency,2025-09-28,2025-10-02,Improved,23169.78
A003719,P02788,Pediatrics,Bronchiolitis,Elective,2025-07-09,2025-07-12,Improved,12085.3
A000162,P02673,Orthopedics,Hip Fracture,,2024-01-28,2024-01-31,Improved,36482.11
A001573,P00674,Pediatrics,Pediatric Asthma,Elective,2024-09-01,2024-09-04,Transferred,10516.26
A004164,P03394,Pediatrics,Gastroenteritis,Emergency,09/10/2025,2025-09-13,Recovered,10365.14
A004611,P03153,Neurology,Multiple Sclerosis,Urgent,2025-11-21,2025-12-05,Improved,105853.16
A000348,P03610,Neurology,Multiple Sclerosis,Elective,2024-02-28,2024-03-02,Recovered,25099.52
A000764,P03574,General Medicine,Sepsis,Emergency,2024-05-01,2024-05-03,Improved,13217.27
A004342,P00782,General Medicine,Diabetes Complication,Emergency,10/12/2025,2025-10-15,Transferred,19405.93
A000251,P01735,Neurology,Multiple Sclerosis,Emergency,2024-02-13,2024-02-15,Recovered,42702.93
A001121,P00627,Cardiology,Myocardial Infarction,Emergency,2024-06-24,2024-06-27,Improved,26731.08
A004775,P03037,Neurology,Seizure Disorder,Urgent,2025-12-15,2025-12-18,Recovered,32290.4
A004857,P02290,Cardiology,Myocardial Infarction,Urgent,2025-12-25,2025-12-28,Recovered,30163.83
A002802,P03089,Orthopedics,Hip Fracture,Emergency,2025-02-28,2025-03-06,Improved,45907.11
A002832,P03254,Neurology,Stroke,Elective,2025-03-04,2025-03-08,Improved,31544.17
A000667,P03132,Cardiology,Myocardial Infarction,Urgent,2024-04-14,2024-04-18,Recovered,
A001712,P01020,Pediatrics,Gastroenteritis,Emergency,2024-09-21,2024-09-24,Recovered,9563.88
A002168,P01696,Neurology,Seizure Disorder,Elective,2024-11-26,2024-12-05,Recovered,50011.25
A002450,P02481,Orthopedics,Hip Fracture,Emergency,2025-01-07,2025-01-11,Improved,35991.2
A003718,P02107,Oncology,Breast Cancer,Elective,2025-07-09,2025-07-19,Recovered,58268.96
A002535,P03665,Orthopedics,Spinal Disorder,Elective,2025-01-20,2025-01-27,Recovered,37846.8
A002579,P00151,Pulmonology,Asthma,Emergency,2025-01-27,2025-02-05,Improved,33100.6
A001000,P02542,General Medicine,Sepsis,Emergency,2024-06-03,2024-06-11,Recovered,23793.61
A001654,P01264,General Medicine,Diabetes Complication,Emergency,2024-09-14,2024-09-22,Recovered,18530.94
A001971,P00772,Cardiology,Arrhythmia,Emergency,2024-10-27,2024-11-13,Recovered,85301.24
A000738,P03325,Orthopedics,Joint Replacement,Emergency,2024-04-27,2024-05-01,Recovered,35344.07
A002671,P01294,Pediatrics,Gastroenteritis,Urgent,2025-02-10,2025-02-16,Recovered,18149.27
A002568,P02179,General Medicine,Sepsis,Emergency,2025-01-25,2025-01-26,Transferred,8288.97
A003821,P02066,Gen Med,Kidney Infection,Elective,2025-07-23,2025-07-25,Improved,9498.89
A004383,P03211,Neurology,Multiple Sclerosis,Emergency,10/17/2025,2025-10-22,Improved,28930.08
A002623,P01912,Orthopedics,Spinal Disorder,Emergency,2025-02-02,2025-02-03,Recovered,33957.91
A001138,P01492,Oncology,Breast Cancer,Emergency,06/27/2024,2024-06-29,Improved,40563.3
A001191,P03009,Cardiology,Heart Failure,Emergency,2024-07-05,2024-07-13,Improved,52953.85
A001570,P03921,General  Medicine,Diabetes Complication,Emergency,2024-08-31,2024-09-02,Improved,19060.47
A000434,P02335,Neurology,Multiple Sclerosis,Emergency,03/13/2024,2023-12-31,Transferred,27426.39
A000084,P02362,General Medicine,Diabetes Complication,,2024-01-16,2024-01-17,Improved,8167.42
A002679,P01222,Pulmonology,COPD,Urgent,02/11/2025,2025-02-14,Recovered,16183.51
A000723,P01290,General Medicine,Sepsis,Urgent,2024-04-25,2024-04-30,Improved,16231.59
A001044,P03209,Oncology,Lymphoma,Emergency,2024-06-11,2024-06-13,Improved,22375.4
A001760,P02482,Oncology,Lymphoma,Urgent,2024-09-28,2024-10-10,Recovered,80423.21
A000633,P00711,Cardiology,Heart Failure,Emergency,2024-04-08,,Transferred,42256.61
A004891,P03654,Orthopedics,Spinal Disorder,Elective,2025-12-30,2026-01-02,Recovered,32052.34
A001360,P03437,General Medicine,Sepsis,Emergency,2024-07-29,2024-08-02,Recovered,10116.94
A002304,P02667,Orthopedics,Hip Fracture,Emergency,2024-12-17,2024-12-18,Recovered,29317.91
A000891,P03939,Oncology,Lung Cancer,Emergency,2024-05-19,2024-05-25,Recovered,
A000268,P00285,General Medicine,Sepsis,Emergency,2024-02-16,2024-02-18,Recovered,11002.7
A001634,P01595,Cardiology,Myocardial Infarction,Emergency,2024-09-10,2024-09-13,Improved,21755.17
A002929,P02964,Pediatrics,Gastroenteritis,Urgent,2025-03-19,2025-03-21,Recovered,8569.19
A001024,P02424,Pulmonology,COPD,Urgent,2024-06-08,2024-06-14,Recovered,23012.39
A001194,P01786,Oncology,Breast Cancer,Emergency,2024-07-06,2024-07-06,Recovered,23799.81
A004007,P02040,Cardiology,Myocardial Infarction,Emergency,2025-08-17,2025-08-21,Recovered,56179.61
A004466,P03757,Oncology,Lymphoma,Emergency,10/31/2025,2025-11-03,Recovered,31191.16
A002758,P01809,Pediatrics,Pediatric Asthma,Urgent,2025-02-20,2025-02-22,Recovered,8613.61
A000137,P01020,Pediatrics,Bronchiolitis,Urgent,2024-01-24,2024-01-30,Transferred,11165.31
A001486,P01505,Oncology,Lymphoma,Elective,2024-08-17,2024-08-31,Recovered,124803.1
A000468,P02470,Oncology,Lung Cancer,Emergency,2024-03-17,2024-03-28,Recovered,62260.9
A002742,P01273,General Medicine,Kidney Infection,Emergency,2025-02-19,2025-02-21,Improved,10509.13
A001082,P00579,Cardiology,Heart Failure,Emergency,2024-06-17,2024-06-21,Improved,30153.79
A000577,P03219,Neurology,Seizure Disorder,Urgent,2024-04-02,2024-04-13,Recovered,65001.88
A004348,P02421,Pulmonology,Asthma,Emergency,2025-10-12,2025-10-16,Improved,20273.82
A003814,P01992,Neurology,Stroke,Elective,2025-07-23,2025-07-28,Recovered,37400.9
A000603,P00358,General Medicine,Diabetes Complication,Urgent,04/05/2024,2024-04-13,Transferred,27520.79
A003749,P01445,Pediatrics,Gastroenteritis,Emergency,2025-07-12,2025-07-14,Recovered,8839.42
A003501,P00431,Pediatrics,Gastroenteritis,Emergency,2025-06-12,2025-06-16,Improved,13876.34
A002178,P00068,Neurology,Stroke,Elective,2024-11-27,2024-11-30,Improved,30411.5
A003724,P03669,General Medicine,Sepsis,Urgent,2025-07-09,2025-07-14,Improved,17546.32
A000046,P02873,General Medicine,Sepsis,Emergency,2024-01-08,2024-01-10,Recovered,15821.23
A000541,P00280,Pediatrics,Gastroenteritis,Emergency,03/27/2024,2024-03-31,Transferred,11346.61
A004354,P01630,Pediatrics,Pediatric Asthma,Urgent,2025-10-13,2025-10-13,Recovered,8172.08
A002663,P00944,Pulmonology,Asthma,Urgent,2025-02-09,2025-02-13,Recovered,20627.84
A001656,P01629,Pulmonology,COPD,Urgent,2024-09-14,2024-09-17,Improved,27179.52
A000406,P03673,Cardiology,Myocardial Infarction,Emergency,2024-03-09,2024-03-14,Recovered,29902.29
A004323,P02749,Neurology,Seizure Disorder,Emergency,2025-10-09,2025-10-15,Recovered,64128.31
A000275,P02186,Cardiology,Myocardial Infarction,Urgent,2024-02-17,2024-02-23,Recovered,49950.14
A002170,P00774,Neurology,Multiple Sclerosis,,2024-11-26,2024-12-03,Recovered,47585.49
A002821,P03740,General Medicine,Diabetes Complication,Emergency,2025-03-02,2025-03-10,Transferred,20190.18
A003128,P03297,Oncology,Lung Cancer,Emergency,2025-04-19,2025-04-23,Recovered,46005.97
A000867,P03034,Pediatrics,Pediatric Asthma,Emergency,2024-05-17,2024-05-18,Recovered,8505.88
A002307,P00648,Pulmonology,Asthma,Urgent,12/18/2024,2025-01-04,Improved,49685.07
A001640,P02705,Pediatrics,Pediatric Asthma,Emergency,2024-09-11,2024-09-15,Recovered,12597.98
A004093,P02531,Cardiology,Myocardial Infarction,Emergency,2025-08-31,2025-09-06,Improved,34912.06
A004048,P01397,General Medicine,Kidney Infection,Urgent,2025-08-24,2025-08-27,Improved,14159.96
A000115,P03196,Pediatrics,Bronchiolitis,Elective,01/19/2024,2024-01-23,Recovered,12475.56
A002545,P00827,General Medicine,Kidney Infection,Urgent,2025-01-21,2025-01-26,Transferred,21142.94
A003131,P02241,ortho,Hip Fracture,Emergency,2025-04-19,2025-04-24,Improved,33897.79
A003370,P01499,Orthopedics,Spinal Disorder,Emergency,2025-05-22,2025-05-23,Improved,15142.52
A000680,P03203,Oncology,Lymphoma,Urgent,2024-04-17,2024-04-22,Improved,35788.75
A001088,P00341,General Medicine,Kidney Infection,Emergency,2024-06-19,2024-06-24,Improved,20046.24
A001818,P01342,Pediatrics,Gastroenteritis,Emergency,2024-10-07,2023-12-31,Recovered,8616.32
A003746,P01917,Cardiology,Myocardial Infarction,Emergency,2025-07-11,2025-07-14,Recovered,28527.66
A003969,P03303,General Medicine,Kidney Infection,Urgent,2025-08-13,2025-08-19,Improved,16258.82
A004561,P03026,Pulmonology,Asthma,Elective,11/16/2025,2025-11-23,Transferred,43262.49
A000763,P00005,General Medicine,Diabetes Complication,Emergency,2024-04-30,2024-05-04,Transferred,18399.83
A004699,P03934,Neurology,Multiple Sclerosis,Emergency,12/06/2025,2025-12-08,Transferred,27590.84
A004021,P00708,Cardiology,Arrhythmia,Urgent,08/20/2025,2025-08-30,Transferred,52794.67
A003817,P03117,General Medicine,Diabetes Complication,Elective,2025-07-23,2025-07-27,Improved,11038.06
A002763,P03000,Oncology,Breast Cancer,Elective,2025-02-21,2025-02-25,Recovered,52661.83
A004696,P02604,ortho,Joint Replacement,Elective,2025-12-05,2025-12-07,Recovered,
A002727,P03173,General Medicine,Kidney Infection,Urgent,2025-02-17,2025-02-19,Recovered,10582.63
A003612,P03276,Cardiology,Arrhythmia,Urgent,2025-06-25,2025-07-12,Improved,100625.31
A003038,P03316,Oncology,Lymphoma,Emergency,2025-04-04,2025-04-08,Recovered,58328.62
A003581,P02662,Oncology,Breast Cancer,Emergency,2025-06-21,2025-07-04,Recovered,106843.82
A003552,P00083,Pediatrics,Pediatric Asthma,Urgent,2025-06-17,2025-06-22,Improved,16126.84
A000075,P01808,Cardiology,Heart Failure,Elective,2024-01-13,2024-01-19,Improved,38917.03
A003938,P02517,Oncology,Lung Cancer,Emergency,2025-08-09,2025-08-12,Recovered,42417.79
A003393,P03541,Pulmonology,Pneumonia,Emergency,2025-05-25,2025-05-28,Improved,29811.1
A004105,P03633,Pediatrics,Pediatric Asthma,Urgent,09/01/2025,2025-09-04,Recovered,9919.34
A000977,P03005,General Medicine,Diabetes Complication,Emergency,2024-06-01,2024-06-06,Transferred,21134.53
A004431,P01233,Pulmonology,COPD,Elective,2025-10-26,2025-11-05,Improved,54647.32
A001405,P02984,General Medicine,Diabetes Complication,Urgent,08/06/2024,2024-08-10,Improved,
A003963,P01250,Pulmonology,Asthma,Elective,2025-08-12,2025-08-16,Deceased,16572.78
A000044,P02813,General Medicine,Kidney Infection,Emergency,2024-01-08,2024-01-09,Recovered,12182.1
A004640,P02963,General Medicine,Diabetes Complication,Emergency,2025-11-26,2025-12-03,Recovered,17358.77
A000442,P01116,Neurology,Multiple Sclerosis,Emergency,2024-03-14,2024-03-21,Recovered,24885.4
A002633,P01485,pulmonology ,COPD,,2025-02-04,2025-02-12,Recovered,39984.66
A001933,P01591,Oncology,Breast Cancer,Emergency,2024-10-22,2024-10-26,Improved,63365.87
A000953,P01510,General Medicine,Diabetes Complication,Emergency,2024-05-29,2024-06-05,Improved,28267.43
A004019,P03386,General Medicine,Kidney Infection,Emergency,08/20/2025,2025-08-25,Improved,
A002054,P01730,Pediatrics,Bronchiolitis,Emergency,2024-11-09,2024-11-11,Recovered,15158.53
A003196,P02583,Pulmonology,Asthma,Emergency,2025-04-27,2025-05-03,Recovered,25013.27
A002490,P02090,Pediatrics,Bronchiolitis,Urgent,2025-01-12,2025-01-14,Improved,10762.4
A004602,P00397,Pediatrics,Pediatric Asthma,Urgent,2025-11-20,2025-11-24,Improved,12581.5
A001754,P01112,Orthopedics,Joint Replacement,Elective,2024-09-27,2024-10-04,Improved,43284.28
A002494,P02259,Pediatrics,Pediatric Asthma,Emergency,2025-01-13,2025-01-20,Improved,11818.7
A000954,P00270,Neurology,Multiple Sclerosis,Urgent,2024-05-29,2024-05-31,Improved,23004.36
A002462,P00283,Cardiology,Myocardial Infarction,Emergency,2025-01-08,2025-01-15,Improved,72509.27
A001099,P02322,Pediatrics,Pediatric Asthma,Elective,2024-06-20,2024-06-26,Recovered,22797.98
A003180,P03462,Orthopedics,Spinal Disorder,Elective,04/25/2025,2025-04-29,Improved,44737.94
A000437,P03811,General Medicine,Sepsis,Urgent,2024-03-13,2024-03-15,Improved,10585.04
A004687,P00160,Cardiology,Myocardial Infarction,Elective,2025-12-04,2025-12-11,Recovered,42775.86
A001227,P01498,General Medicine,Sepsis,Elective,2024-07-10,2024-07-18,Recovered,30303.84
A004416,P03301,Cardiology,Myocardial Infarction,Urgent,2025-10-23,2025-10-24,Improved,20463.68
A000323,P01579,Pediatrics,Pediatric Asthma,Emergency,02/23/2024,2024-02-25,Recovered,9720.01
A000283,P02276,Cardiology,Arrhythmia,Emergency,2024-02-18,2024-02-22,Recovered,51337.87
A000849,P02936,Neurology,Stroke,Emergency,2024-05-13,2024-05-18,Recovered,21610.68
A000583,P00427,General Medicine,Diabetes Complication,Urgent,2024-04-02,2024-04-04,Recovered,14635.86
A002689,P00759,Pediatrics,Gastroenteritis,Urgent,2025-02-13,2025-02-19,Recovered,22306.45
A000879,P01647,Pulmonology,Pneumonia,Emergency,2024-05-19,2024-05-27,Recovered,26866.2
A000976,P01149,Orthopedics,Spinal Disorder,Elective,2024-06-01,2024-06-02,Improved,12094.29
A002094,P02677,Orthopedics,Spinal Disorder,Emergency,2024-11-15,2024-11-15,Recovered,18654.81
A004146,P01572,Neurology,Multiple Sclerosis,Urgent,2025-09-07,2025-09-11,Improved,22040.98
A001320,P00550,Oncology,Lung Cancer,Urgent,2024-07-23,2024-08-01,Improved,58406.58
A000470,P01893,Oncology,Breast Cancer,Emergency,2024-03-17,2024-03-24,Recovered,88092.54
A000871,P02519,Pediatrics,Gastroenteritis,Elective,2024-05-17,2024-05-21,Improved,10097.96
A000566,P02389,Pulmonology,Pneumonia,Emergency,2024-03-30,2024-04-07,Improved,26092.41
A002953,P02208,Gen Med,Diabetes Complication,Emergency,2025-03-22,2025-03-23,Transferred,12482.58
A002631,P02185,Oncology,Breast Cancer,Emergency,02/04/2025,2025-02-14,Recovered,84202.41
A004432,P03277,Pediatrics,Bronchiolitis,Emergency,2025-10-26,2025-10-26,Recovered,4168.74
A003544,P02491,Oncology,Breast Cancer,Emergency,2025-06-16,2025-06-20,Improved,54301.48
A002587,P01873,Cardiology,Heart Failure,Emergency,01/28/2025,2025-01-29,Recovered,32097.45
A004447,P00007,Pediatrics,Pediatric Asthma,Elective,2025-10-28,2025-10-30,Recovered,10932.47
A003420,P03834,General Medicine,Kidney Infection,Emergency,05/30/2025,2025-06-09,Improved,27143.86
A001739,P03947,Pediatrics,Gastroenteritis,Emergency,2024-09-24,2024-09-25,Recovered,11606.65
A003518,P03914,Neurology,Seizure Disorder,Elective,06/13/2025,2025-06-22,Recovered,49378.03
A004464,P02028,Oncology,Lung Cancer,Urgent,2025-10-30,2025-11-01,Improved,41695.66
A001363,P00545,Cardiology,Heart Failure,Emergency,2024-07-30,2024-08-11,Recovered,44427.75
A001531,P01224,Neurology,Seizure Disorder,Emergency,2024-08-24,2024-08-29,Recovered,32976.13
A004776,P00837,Orthopedics,Hip Fracture,Urgent,2025-12-15,2025-12-19,Recovered,22062.73
A001075,P00658,Cardiology,Arrhythmia,Urgent,2024-06-16,2024-06-22,Improved,48009.28
A001409,P00731,Orthopedics,Joint Replacement,Urgent,08/06/2024,2024-08-12,Recovered,33947.91
A004345,P01881,Cardiology,Arrhythmia,Emergency,10/12/2025,2025-10-15,Recovered,33755.06
A004720,P00974,General Medicine,Diabetes Complication,Urgent,12/09/2025,2025-12-11,Improved,10493.47
A003643,P00117,Pediatrics,Gastroenteritis,Emergency,2025-06-30,2025-07-02,Recovered,9271.29
A000390,P02190,Orthopedics,Hip Fracture,Elective,2024-03-05,2024-03-06,Recovered,11528.03
A004193,P03069,Pediatrics,Pediatric Asthma,Emergency,09/15/2025,2025-09-17,Improved,6399.92
A002057,P01406,Pediatrics,Pediatric Asthma,Emergency,2024-11-10,2024-11-12,Improved,6692.04
A002167,P01010,Oncology,Breast Cancer,Urgent,2024-11-26,2024-11-29,Improved,46720.85
A002073,P03463,Neurology,Stroke,Elective,2024-11-12,2024-11-14,Recovered,22389.06
A001307,P03447,Oncology,Lung Cancer,Emergency,2024-07-22,2024-07-24,Recovered,40115.15
A003247,P00893,Pulmonology,Asthma,Emergency,2025-05-04,2025-05-16,Improved,48442.42
A001231,P03227,general medicine,Diabetes Complication,Emergency,2024-07-11,2024-07-14,Recovered,18628.54
A002366,P01310,Oncology,Lung Cancer,Elective,2024-12-25,2025-01-02,Recovered,51749.21
A001436,P03978,General Medicine,Diabetes Complication,Emergency,2024-08-10,2024-08-10,Improved,12343.03
A002701,P00384,Orthopedics,Hip Fracture,Emergency,2025-02-14,2025-02-18,Transferred,33329.68
A003461,P00605,General Medicine,Sepsis,Emergency,2025-06-07,2025-06-08,Improved,10232.07
A004320,P03779,General Medicine,Kidney Infection,Emergency,2025-10-08,2025-10-12,Improved,12205.54
A003014,P01798,Pediatrics,Gastroenteritis,Emergency,2025-04-01,2025-04-02,Recovered,4512.21
A001174,P01761, Cardiology ,Myocardial Infarction,Emergency,2024-07-03,2024-07-08,Improved,22913.79
A000127,P02701,General Medicine,Kidney Infection,Urgent,2024-01-22,2024-01-28,Improved,16520.7
A003891,P03813,Pulmonology,Asthma,Urgent,08/03/2025,2025-08-08,Improved,20616.94
A003867,P02390,Cardiology,Arrhythmia,Elective,2025-07-31,2025-08-04,Recovered,45465.59
A001434,P01335,General Medicine,Kidney Infection,Emergency,2024-08-10,2024-08-11,Recovered,9194.51
A002040,P01199,Oncology,Lymphoma,Elective,2024-11-07,2024-11-13,Recovered,44027.53
A003493,P01907,Neurology,Multiple Sclerosis,Emergency,2025-06-11,2025-06-14,Recovered,35350.61
A004745,P03394,Pediatrics,Gastroenteritis,Emergency,2025-12-12,2025-12-13,Recovered,6367.3
A000267,P01336,Orthopedics,Spinal Disorder,Emergency,2024-02-16,2024-02-21,Recovered,40297.95
A002809,P03070,Pediatrics,Gastroenteritis,Elective,2025-03-01,2025-03-05,Recovered,12414.45
A003732,P01959,Oncology,Lymphoma,Urgent,2025-07-10,2025-07-15,Recovered,63972.24
A004278,P03680,Cardiology,Heart Failure,Elective,2025-10-01,2025-10-14,Improved,72559.15
A001968,P00222,General Medicine,Diabetes Complication,Emergency,2024-10-26,2024-10-29,Recovered,14810.95
A000870,P03436,Pulmonology,Pneumonia,Emergency,2024-05-17,2024-05-22,Recovered,33593.9
A000878,P03039,Pulmonology,Pneumonia,Urgent,2024-05-18,2024-05-23,Recovered,18955.4
A001213,P03010,Pulmonology,Asthma,,2024-07-08,2024-07-10,Recovered,25745.49
A001900,P00478,Pediatrics,Bronchiolitis,Urgent,2024-10-18,2024-10-19,Recovered,5270.82
A001597,P00334,pulmonology ,Pneumonia,Elective,2024-09-04,2024-09-21,Recovered,70684.24
A001471,P00406,Orthopedics,Hip Fracture,Urgent,2024-08-15,2024-08-17,Improved,25258.19
A000165,P03017,General Medicine,Kidney Infection,Elective,01/29/2024,2024-01-30,Recovered,10886.99
A000788,P02637,General Medicine,Sepsis,Elective,2024-05-03,2024-05-08,Recovered,15396.75
A001725,P03796,Oncology,Lung Cancer,Emergency,2024-09-22,2024-09-25,Recovered,32338.44
A000131,P03217,Pediatrics,Gastroenteritis,Elective,2024-01-23,2024-01-31,Recovered,22487.9
A000518,P03286,General Medicine,Kidney Infection,Elective,2024-03-24,2024-03-30,Transferred,11770.71
A002653,P01599,Oncology,Lymphoma,Emergency,2025-02-07,2025-02-15,Recovered,60084.14
A002491,P03512,General Medicine,Sepsis,Emergency,2025-01-12,2025-01-21,Improved,28440.16
A004281,P00546,Pediatrics,Pediatric Asthma,Elective,2025-10-02,2025-10-05,Improved,13143.07
A000061,P02972,Pediatrics,Pediatric Asthma,Emergency,2024-01-11,2024-01-13,Recovered,8387.34
A002959,P03929,Cardiology,Myocardial Infarction,Emergency,03/23/2025,2025-03-25,Recovered,24082.26
A000605,P00326,Cardiology,Myocardial Infarction,Urgent,2024-04-05,,Recovered,33523.38
A000154,P01494,General Medicine,Diabetes Complication,Emergency,2024-01-27,2024-02-05,Recovered,23985.09
A002649,P03495,Neurology,Multiple Sclerosis,Urgent,2025-02-07,2025-02-11,Deceased,23324.63
A000048,P01467,Pulmonology,Asthma,Urgent,2024-01-09,2024-01-23,Recovered,46019.23
A001594,P02085,Pediatrics,Pediatric Asthma,Emergency,2024-09-04,2024-09-07,Recovered,9256.45
A001753,P01848,General Medicine,Diabetes Complication,Urgent,2024-09-27,2024-10-04,Recovered,17526.89
A000581,P00533,Pediatrics,Bronchiolitis,Elective,2024-04-02,2024-04-08,Recovered,12457.25
A000996,P00517,General Medicine,Kidney Infection,Emergency,2024-06-03,2024-06-05,Recovered,14679.44
A001611,P03221,Cardiology,Heart Failure,Emergency,2024-09-06,2024-09-12,Recovered,43378.06
A003140,P02666,General  Medicine,Diabetes Complication,Urgent,2025-04-20,2025-04-21,Recovered,8862.29
A000343,P02748,Gen Med,Sepsis,Emergency,2024-02-27,2024-03-01,Recovered,12893.05
A004451,P00114,Cardiology,Heart Failure,Urgent,2025-10-29,2025-11-01,Recovered,38176.2
A000067,P02032,Pediatrics,Pediatric Asthma,Emergency,01/12/2024,2024-01-14,Improved,8564.88
A002407,P03241,Pulmonology,Asthma,Emergency,12/31/2024,2025-01-05,Recovered,28227.23
A004427,P01463,Pediatrics,Gastroenteritis,,2025-10-25,2025-10-26,Improved,11149.59
A003915,P01926,Pediatrics,Bronchiolitis,Elective,2025-08-06,2025-08-08,Recovered,9902.48
A003121,P02243, Cardiology ,Heart Failure,Urgent,2025-04-18,2025-04-19,Improved,19209.93
A002840,P01688,pulmonology ,COPD,Emergency,2025-03-05,2025-03-07,Improved,24437.97
A000686,P00599,General Medicine,Sepsis,Emergency,2024-04-18,2024-04-22,Recovered,18478.63
A000042,P03283,Orthopedics,Spinal Disorder,Emergency,2024-01-07,2024-01-14,Deceased,33010.28
A002731,P00113,General Medicine,Diabetes Complication,Emergency,2025-02-17,2025-02-19,Recovered,13140.21
A001234,P01282,pulmonology ,Pneumonia,Urgent,2024-07-11,2024-07-13,Recovered,27256.49
A004880,P02741,Pediatrics,Gastroenteritis,Emergency,2025-12-29,,Recovered,6949.78
A001687,P01924,Neurology,Multiple Sclerosis,Emergency,2024-09-18,2024-09-20,Recovered,20331.48
A001050,P02951,Pediatrics,Bronchiolitis,Elective,2024-06-12,2024-06-14,Recovered,8103.33
A000247,P03567,Gen Med,Sepsis,Emergency,2024-02-12,2024-02-15,Recovered,14366.1
A003699,P02089,Cardiology,Myocardial Infarction,Elective,2025-07-07,2025-07-11,Improved,33472.13
A001237,P02022,Oncology,Lymphoma,Urgent,2024-07-12,2024-07-16,Recovered,41395.44
A001149,P00222,General Medicine,Diabetes Complication,Emergency,06/29/2024,2024-07-04,Recovered,17757.23
A001284,P03137,General Medicine,Sepsis,Emergency,2024-07-20,,Improved,11278.27
A001783,P02423,Pediatrics,Pediatric Asthma,Elective,2024-10-02,2024-10-04,Recovered,8965.47
A001675,P03867,Oncology,Lymphoma,Emergency,2024-09-17,2024-09-23,Recovered,56064.21
A002275,P02946,Pediatrics,Gastroenteritis,Elective,2024-12-12,2024-12-13,Recovered,9694.39
A002342,P01720,Orthopedics,Spinal Disorder,Emergency,2024-12-22,2024-12-25,Recovered,27047.02
A002591,P00365,Pediatrics,Pediatric Asthma,Emergency,2025-01-28,2025-01-29,Recovered,6643.38
A001633,P00588,Pediatrics,Bronchiolitis,Elective,2024-09-09,2024-09-10,Recovered,10561.57
A001846,P02448,Cardiology,Heart Failure,Emergency,2024-10-10,2024-10-20,Recovered,65354.27
A001828,P00576,Pulmonology,Pneumonia,Emergency,2024-10-08,2024-10-11,Transferred,35953.97
A001374,P01558,Oncology,Lung Cancer,Elective,2024-08-02,2024-08-07,Improved,58944.02
A000926,P01898,Cardiology,Arrhythmia,Urgent,2024-05-25,2024-05-28,Deceased,28254.02
A004200,P03474,General Medicine,Diabetes Complication,Emergency,09/17/2025,2025-09-20,Improved,16144.16
A000273,P03438,Gen Med,Kidney Infection,Emergency,2024-02-17,2024-02-20,Improved,11945.57
A003637,P01907,Neurology,Seizure Disorder,Emergency,2025-06-29,2025-07-01,Recovered,29512.03
A000190,P02111,Cardiology,Arrhythmia,Elective,2024-02-03,2024-02-11,Improved,43075.73
A003020,P02119,General Medicine,Kidney Infection,Urgent,2025-04-02,2025-04-05,Recovered,9649.08
A001558,P01154,Oncology,Breast Cancer,Emergency,08/29/2024,2024-08-30,Recovered,24772.12
A003615,P02952,Neurology,Seizure Disorder,Urgent,2025-06-26,2025-06-30,Recovered,33444.79
A002996,P02126,Pulmonology,Asthma,Urgent,2025-03-29,2025-04-02,Transferred,40272.59
A000511,P00668,Neurology,Seizure Disorder,Emergency,03/23/2024,2024-03-30,Recovered,25128.41
A000789,P02870,Neurology,Stroke,Emergency,2024-05-04,2024-05-09,Recovered,29246.12
A003479,P00637,Pulmonology,Asthma,Emergency,2025-06-09,2025-06-13,Recovered,
A002565,P01366,Pediatrics,Bronchiolitis,Elective,2025-01-24,2025-01-28,Recovered,10332.66
A003080,P02221,Orthopedics,Spinal Disorder,Emergency,2025-04-10,2025-04-15,Improved,28106.83
A004711,P01582,Orthopedics,Joint Replacement,Elective,2025-12-07,2025-12-10,Recovered,24547.16
A000293,P03405,Pulmonology,Asthma,Emergency,2024-02-19,2024-02-28,Improved,35208.43
A001942,P01226,Orthopedics,Hip Fracture,Emergency,2024-10-23,2024-10-24,Improved,20646.74
A004541,P01369,Neurology,Multiple Sclerosis,Emergency,2025-11-12,2025-11-20,Recovered,58198.65
A003284,P02235,General Medicine,Diabetes Complication,Emergency,2025-05-09,2025-05-17,Recovered,19660.93
A004069,P02052,Orthopedics,Spinal Disorder,Urgent,08/27/2025,2025-08-27,Recovered,15537.19
A000118,P03248,Pediatrics,Bronchiolitis,Emergency,2024-01-20,2024-01-22,Recovered,11465.54
A000059,P02036,general medicine,Kidney Infection,Emergency,2024-01-11,2024-01-20,Improved,23423.82
A000258,P02631,Oncology,Lung Cancer,Urgent,2024-02-14,2024-02-27,Recovered,112447.01
A004245,P03723,Cardiology,Myocardial Infarction,Elective,2025-09-24,2025-09-25,Improved,24021.75
A004441,P03853,Pediatrics,Pediatric Asthma,Emergency,2025-10-28,2025-11-02,Transferred,12109.17
A004075,P01456,Pediatrics,Pediatric Asthma,Emergency,08/29/2025,2025-09-02,Recovered,5956.45
A000140,P02913,General Medicine,Sepsis,Emergency,2024-01-25,2024-01-28,Improved,25949.5
A002914,P02981,General Medicine,Kidney Infection,Urgent,2025-03-16,2025-03-19,Recovered,14042.02
A000210,P01296,General Medicine,Diabetes Complication,Elective,02/07/2024,2024-02-12,Improved,16682.65
A003174,P00379,Cardiology,Heart Failure,Emergency,2025-04-25,2025-04-29,Improved,34210.98
A001021,P03420,Cardiology,Arrhythmia,Emergency,2024-06-08,2024-06-09,Recovered,28354.01
A003832,P02429,ortho,Hip Fracture,Elective,2025-07-26,2025-07-30,Recovered,34783.38
A001954,P02887,Cardiology,Heart Failure,Emergency,2024-10-24,2024-11-06,Recovered,68569.04
A004132,P00088,Cardiology,Heart Failure,Elective,09/05/2025,2025-09-12,Improved,50122.38
A003927,P01465,Cardiology,Arrhythmia,Emergency,08/08/2025,2025-08-15,Improved,41772.7
A004023,P01508,Oncology,Lymphoma,Urgent,08/20/2025,2025-08-23,Deceased,42121.13
A003146,P01999,Orthopedics,Hip Fracture,Urgent,2025-04-21,2023-12-31,Transferred,37963.92
A001349,P02165,Orthopedics,Spinal Disorder,Elective,2024-07-27,2024-08-09,Improved,47251.02
A003288,P01066,Cardiology,Arrhythmia,Emergency,2025-05-10,2025-05-13,Recovered,27788.93
A000257,P01350,General Medicine,Diabetes Complication,Elective,2024-02-14,2024-02-16,Improved,16957.75
A000270,P01332,General Medicine,Diabetes Complication,Emergency,2024-02-16,2024-02-19,Recovered,10327.47
A001123,P01592,Cardiology,Myocardial Infarction,Elective,06/25/2024,2024-06-30,Recovered,40231.5
A004247,P02555,General Medicine,Diabetes Complication,Emergency,2025-09-24,2025-09-25,Recovered,8244.11
A001929,P03374,Orthopedics,Spinal Disorder,Emergency,2024-10-21,2024-10-22,Improved,20732.84
A002524,P03495,Oncology,Lung Cancer,Elective,2025-01-18,2025-01-24,Recovered,74411.18
A001263,P01333,Cardiology,Heart Failure,Urgent,2024-07-16,2024-07-28,Recovered,73353.19
A004274,P02810,Pediatrics,Bronchiolitis,,2025-09-30,2025-10-01,Improved,9396.53
A000330,P03638,Oncology,Lymphoma,Emergency,2024-02-26,2024-03-14,Improved,49993.45
A003472,P00462,Pediatrics,Bronchiolitis,Elective,2025-06-08,2025-06-11,Recovered,18239.44
A004157,P00791,Pediatrics,Pediatric Asthma,Urgent,09/08/2025,2025-09-08,Transferred,7641.43
A001166,P03282,Cardiology,Myocardial Infarction,Emergency,2024-07-02,2024-07-05,Improved,43441.41
A000491,P00066,Neurology,Seizure Disorder,Elective,2024-03-20,2024-04-13,Transferred,97312.1
A002106,P00003,Orthopedics,Spinal Disorder,Emergency,2024-11-16,2024-11-21,Transferred,25578.92
A004134,P03366,Orthopedics,Spinal Disorder,Urgent,09/05/2025,2025-09-12,Recovered,51202.95
A002841,P02079,ortho,Joint Replacement,Emergency,2025-03-05,2025-03-12,Recovered,45364.99
A000114,P01923,General Medicine,Diabetes Complication,Emergency,2024-01-19,2024-01-26,Transferred,16859.12
A001187,P00870,Pediatrics,Gastroenteritis,Emergency,07/05/2024,2024-07-08,Transferred,16142.84
A000239,P00315,General Medicine,Kidney Infection,Emergency,2024-02-11,2024-02-14,Recovered,12564.67
A000529,P00826,Pediatrics,Pediatric Asthma,Emergency,03/26/2024,2024-03-27,Transferred,10647.03
A003042,P03724,Pulmonology,COPD,Emergency,2025-04-05,2025-04-07,Recovered,10745.23
A001557,P00524,Cardiology,Myocardial Infarction,Urgent,2024-08-29,2024-08-31,Improved,22045.58
A002672,P00864,General Medicine,Diabetes Complication,Urgent,2025-02-10,2025-02-14,Recovered,19068.56
A000701,P01472,Orthopedics,Joint Replacement,Emergency,04/21/2024,2024-04-27,Recovered,49148.63
A003040,P00973,Orthopedics,Joint Replacement,Elective,2025-04-04,2025-04-08,Transferred,44774.59
A000031,P03930,Pulmonology,COPD,Emergency,2024-01-05,2024-01-06,Recovered,18250.01
A002617,P03073,Orthopedics,Hip Fracture,Urgent,2025-02-01,2025-02-09,Improved,50362.69
A002879,P00713,General Medicine,Kidney Infection,Elective,2025-03-11,2025-03-13,Improved,16405.97
A002324,P00793,Gen Med,Diabetes Complication,Elective,2024-12-20,2024-12-22,Improved,8864.03
A003738,P01396,Cardiology,Myocardial Infarction,Emergency,2025-07-11,2025-07-18,Recovered,63949.79
A000592,P01129,Oncology,Lung Cancer,Elective,2024-04-04,2024-04-08,Recovered,43397.66
A003384,P00846,Pediatrics,Bronchiolitis,Emergency,2025-05-23,2025-05-24,Transferred,6587.77
A001851,P02587,Cardiology,Heart Failure,Urgent,2024-10-11,2024-10-14,Improved,27021.07
A004495,P01070,Pediatrics,Bronchiolitis,Urgent,2025-11-05,2025-11-10,Improved,10028.21
A002642,P03714,General Medicine,Kidney Infection,Emergency,2025-02-06,2025-02-12,Recovered,18936.06
A003571,P03742,General Medicine,Sepsis,Urgent,2025-06-20,2025-06-23,Transferred,17298.79
A002807,P00230,Pediatrics,Pediatric Asthma,Urgent,03/01/2025,2025-03-07,Improved,12948.33
A000337,P01790,Cardiology,Arrhythmia,Urgent,2024-02-27,2024-03-04,Recovered,48358.09
A001333,P02465,General Medicine,Sepsis,Emergency,2024-07-26,2024-07-28,Recovered,12666.47
A003983,P03988,Pediatrics,Bronchiolitis,Emergency,08/14/2025,2025-08-14,Improved,6670.61
A004748,P00836,Orthopedics,Hip Fracture,Elective,2025-12-13,2025-12-18,Recovered,41563.75
A004726,P02382,General Medicine,Kidney Infection,Emergency,2025-12-10,2025-12-13,Recovered,10589.04
A003934,P02069,Pulmonology,Asthma,Urgent,08/08/2025,2025-08-14,Transferred,43424.84
A001945,P00569,ortho,Hip Fracture,Emergency,2024-10-23,2024-10-27,Recovered,46707.73
A000514,P01621,General Medicine,Diabetes Complication,Elective,03/23/2024,2024-03-27,Recovered,19397.48
A002588,P03046,General Medicine,Diabetes Complication,Elective,2025-01-28,2025-02-02,Recovered,18611.04
A002619,P01482,Pediatrics,Gastroenteritis,Elective,2025-02-02,2025-02-07,Improved,12026.13
A001752,P03697,Pulmonology,COPD,Urgent,2024-09-26,2024-10-05,Improved,38113.14
A002777,P02534,Pediatrics,Gastroenteritis,Emergency,2025-02-23,2025-02-27,Recovered,18855.91
A004367,P02765,Orthopedics,Spinal Disorder,Elective,2025-10-15,2025-10-23,Recovered,43970.84
A001525,P02964,Pediatrics,Bronchiolitis,Emergency,2024-08-24,2024-08-26,Recovered,8079.56
A001344,P01048,general medicine,Diabetes Complication,Emergency,2024-07-27,2024-07-30,Recovered,14380.39
A003852,P02431,Pediatrics,Bronchiolitis,Emergency,2025-07-28,2025-07-29,Recovered,5535.5
A000389,P02847,Oncology,Lymphoma,Elective,03/05/2024,2024-03-08,Improved,34408.13
A003182,P01509,Cardiology,Arrhythmia,Urgent,04/26/2025,2025-04-29,Recovered,31764.77
A002196,P02816,Pediatrics,Bronchiolitis,Elective,2024-11-30,2024-12-03,Improved,9148.32
A000164,P01080,Cardiology,Heart Failure,Emergency,2024-01-29,2024-02-02,Transferred,63128.6
A001116,P01242,Oncology,Lymphoma,Emergency,2024-06-23,2024-06-26,Recovered,26317.33
A004548,P02625,General Medicine,Sepsis,Urgent,2025-11-13,2025-11-23,Improved,24349.69
A003098,P01944,Pediatrics,Gastroenteritis,Urgent,04/14/2025,2025-04-15,Recovered,15578.61
A002788,P02993,Gen Med,Kidney Infection,Emergency,02/25/2025,2025-03-01,Recovered,16269.54
A002326,P00906,Pulmonology,Asthma,Urgent,2024-12-20,2024-12-20,Improved,15668.42
A003164,P01217,Neurology,Stroke,Urgent,2025-04-24,2025-04-27,Transferred,26931.92
A001997,P02340,Pediatrics,Pediatric Asthma,Urgent,2024-10-30,2024-11-04,Improved,11622.86
A004770,P03064,Pediatrics,Bronchiolitis,Emergency,2025-12-15,2025-12-15,Improved,
A000600,P01818,General Medicine,Sepsis,Elective,04/04/2024,2024-04-06,Recovered,5056.88
A002465,P03480,General Medicine,Sepsis,Elective,2025-01-08,2025-01-10,Improved,11009.59
A004002,P02822,Neurology,Stroke,Elective,2025-08-17,2025-08-22,Improved,23153.2
A000967,P02392,General Medicine,Kidney Infection,Urgent,05/30/2024,2024-06-02,Improved,20433.55
A003765,P03176,Oncology,Lymphoma,Elective,2025-07-15,2025-07-25,Transferred,88802.14
A001943,P01726,Neurology,Seizure Disorder,Emergency,2024-10-23,2024-10-24,Recovered,31749.17
A001625,P02967,Pulmonology,Asthma,Urgent,2024-09-09,2024-09-14,Recovered,31392.36
A003492,P01968,General Medicine,Diabetes Complication,Emergency,2025-06-11,2025-06-13,Recovered,17600.4
A002907,P01353,pulmonology ,Asthma,Urgent,2025-03-15,2025-03-21,Recovered,30146.8
A002102,P01077,Cardiology,Arrhythmia,Emergency,2024-11-16,2024-11-30,Recovered,81539.92
A003431,P02629,Pulmonology,Pneumonia,Emergency,06/02/2025,2025-06-08,Improved,24970.13
A003460,P02946,Pediatrics,Gastroenteritis,Elective,2025-06-07,2025-06-09,Recovered,10172.26
A000972,P01602,Orthopedics,Joint Replacement,Urgent,2024-05-31,2024-06-03,Recovered,35023.65
A001266,P00035,Cardiology,Arrhythmia,Emergency,07/17/2024,2024-07-25,Recovered,65246.07
A001468,P03071,General Medicine,Diabetes Complication,Emergency,2024-08-14,2024-08-15,Recovered,11380.9
A003498,P00131,Oncology,Breast Cancer,Urgent,2025-06-12,2025-06-15,Improved,49350.2
A003369,P01912,Orthopedics,Hip Fracture,Elective,2025-05-22,2025-05-24,Transferred,22632.83
A004580,P00527,General Medicine,Kidney Infection,Emergency,2025-11-19,2025-11-24,Recovered,15781.44
A003381,P00093,Oncology,Lymphoma,Urgent,2025-05-23,2025-05-31,Recovered,63388.48
A000106,P03038,Pediatrics,Bronchiolitis,Urgent,2024-01-18,2024-01-19,Recovered,7390.0
A004469,P02746,Cardiology,Heart Failure,Emergency,2025-10-31,2025-11-01,Recovered,25327.68
A002934,P00380,Gen Med,Sepsis,Emergency,2025-03-20,2025-03-30,Recovered,20277.42
A003959,P03526,Pulmonology,Pneumonia,Urgent,2025-08-12,2025-08-15,Recovered,19900.42
A003024,P02173, Cardiology ,Heart Failure,Urgent,04/02/2025,2025-04-04,Recovered,47347.94
A001740,P03977,Cardiology,Heart Failure,Elective,2024-09-25,2024-09-26,Transferred,21622.9
A003326,P03535,Pediatrics,Bronchiolitis,Elective,2025-05-16,2025-05-17,Improved,9317.89
A001100,P00968,Pulmonology,COPD,Emergency,2024-06-20,2024-06-24,Improved,28994.93
A004279,P00530,Neurology,Stroke,Emergency,2025-10-01,,Improved,30372.79
A004307,P00213,General Medicine,Diabetes Complication,Urgent,2025-10-06,2025-10-08,Recovered,
A004646,P01807,Pediatrics,Gastroenteritis,Emergency,2025-11-26,2025-11-29,Improved,8822.0
A002848,P01373,Cardiology,Heart Failure,Emergency,2025-03-06,2025-03-08,Improved,29478.52
A000887,P02488,Pediatrics,Bronchiolitis,Urgent,2024-05-19,2024-05-21,Recovered,8922.62
A003990,P00714,Pulmonology,Pneumonia,Elective,2025-08-16,2025-08-21,Recovered,28146.32
A004194,P03189,Pediatrics,Pediatric Asthma,Emergency,2025-09-15,2025-09-17,Improved,6244.39
A001296,P00632,General Medicine,Diabetes Complication,Urgent,2024-07-20,2024-07-23,Improved,11873.88
A003577,P02774,Orthopaedics,Hip Fracture,Emergency,2025-06-20,2025-06-21,Improved,22710.64
A000961,P03364,Cardiology,Myocardial Infarction,Emergency,05/30/2024,2024-06-03,Recovered,37643.14
A000227,P03539,Neurology,Seizure Disorder,Urgent,2024-02-09,2024-02-13,Recovered,29380.0
A002666,P02039,General Medicine,Sepsis,Elective,2025-02-09,2025-02-18,Recovered,14141.02
A001367,P03229,Cardiology,Heart Failure,Emergency,2024-08-01,2024-08-12,Improved,56786.66
A000925,P01969,Cardiology,Myocardial Infarction,Emergency,2024-05-25,2024-05-26,Transferred,21388.52
A000978,P01852,Cardiology,Arrhythmia,Urgent,2024-06-01,2024-06-04,Recovered,50044.47
A002435,P01713,General Medicine,Diabetes Complication,Urgent,2025-01-05,2025-01-08,Recovered,10203.0
A001627,P00977,Pediatrics,Pediatric Asthma,Emergency,2024-09-09,2024-09-09,Recovered,8657.85
A001037,P01766,Oncology,Lung Cancer,Urgent,2024-06-11,2024-06-24,Improved,75006.73
A001691,P01696,Neurology,Multiple Sclerosis,Urgent,2024-09-19,2024-09-30,Recovered,56066.85
A002781,P02179,Oncology,Lung Cancer,Urgent,2025-02-24,2025-03-16,Recovered,110931.69
A004502,P03308,Pediatrics,Pediatric Asthma,Emergency,2025-11-06,2025-11-08,Improved,8337.75
A000731,P02350,Cardiology,Heart Failure,Emergency,2024-04-25,2024-04-30,Recovered,20611.93
A002523,P02567,General Medicine,Diabetes Complication,Emergency,01/17/2025,2025-01-29,Transferred,24471.75
A004186,P03165,Pediatrics,Bronchiolitis,Urgent,2025-09-14,2025-09-16,Recovered,11804.32
A000685,P03836,General Medicine,Sepsis,Elective,2024-04-17,2024-04-22,Recovered,20214.57
A001823,P01212,Cardiology,Arrhythmia,Elective,2024-10-08,2024-10-13,Recovered,34004.45
A001723,P03800,Pediatrics,Pediatric Asthma,Urgent,2024-09-22,2024-09-24,Recovered,12627.3
A001511,P00091,Oncology,Lymphoma,Emergency,2024-08-20,2024-08-22,Recovered,20974.17
A003676,P00084,Neurology,Multiple Sclerosis,Urgent,2025-07-04,2025-07-06,Transferred,17157.92
A004663,P00857,Pulmonology,Pneumonia,Urgent,2025-11-29,2025-12-04,Recovered,41810.76
A001816,P00371,General Medicine,Sepsis,Emergency,2024-10-07,2024-10-10,Improved,12638.09
A002656,P02271,Orthopedics,Spinal Disorder,Emergency,02/07/2025,2025-02-09,Improved,21714.46
A001651,P01086,Pulmonology,COPD,Emergency,2024-09-13,2024-09-16,Recovered,21679.92
A002827,P00674,Pediatrics,Gastroenteritis,Urgent,2025-03-03,2025-03-07,Recovered,20830.14
A003005,P02216,Cardiology,Heart Failure,Emergency,2025-03-31,2025-04-05,Improved,40510.66
A000560,P03938,Neurology,Seizure Disorder,Urgent,2024-03-30,2024-04-05,Improved,56683.07
A000105,P00940,General Medicine,Sepsis,Elective,2024-01-18,2024-01-20,Transferred,11990.21
A001176,P01715,Gen Med,Diabetes Complication,Emergency,2024-07-03,2024-07-04,Recovered,12380.94
A002236,P03320,Pediatrics,Bronchiolitis,Urgent,2024-12-06,2024-12-15,Recovered,22870.65
A001790,P00382,Oncology,Lymphoma,Urgent,2024-10-03,2024-10-08,Improved,59546.11
A003292,P01912,Orthopedics,Joint Replacement,Urgent,2025-05-11,2025-05-12,Transferred,22096.45
A003398,P01925,Neurology,Seizure Disorder,Urgent,2025-05-26,2025-05-31,Improved,46438.08
A000466,P01507,General Medicine,Diabetes Complication,Urgent,2024-03-17,2024-03-20,Recovered,13179.08
A003808,P00586,General  Medicine,Diabetes Complication,Emergency,2025-07-22,2025-07-23,Improved,12578.22
A000937,P03597,General Medicine,Sepsis,Elective,2024-05-27,2024-05-28,Recovered,5022.36
A001133,P02025,Pediatrics,Gastroenteritis,Elective,2024-06-27,2024-06-29,Improved,13306.57
A001990,P01212,General Medicine,Diabetes Complication,Emergency,2024-10-28,2024-10-31,Recovered,14938.57
A003120,P02891,Pediatrics,Gastroenteritis,Emergency,04/18/2025,2025-04-21,Improved,10558.92
A004842,P00457,Pediatrics,Gastroenteritis,Emergency,12/23/2025,2025-12-26,Transferred,11191.07
A002069,P01511,Oncology,Breast Cancer,Elective,2024-11-11,2024-11-21,Improved,50725.45
A001894,P01796,Orthopedics,Hip Fracture,Emergency,10/18/2024,2024-10-25,Recovered,35221.24
A000215,P02524,pulmonology ,Asthma,Emergency,2024-02-07,2024-02-26,Improved,87139.13
A003226,P00863,Pediatrics,Bronchiolitis,Elective,2025-05-01,2025-05-03,Recovered,8360.03
A003782,P03734,Oncology,Breast Cancer,Elective,2025-07-17,2025-07-23,Transferred,56913.56
A002985,P02854,Pediatrics,Pediatric Asthma,Emergency,2025-03-27,2025-03-28,Recovered,6611.66
A000243,P03365,Pediatrics,Bronchiolitis,Emergency,2024-02-12,2024-02-13,Recovered,8572.33
A002921,P03070,Pediatrics,Bronchiolitis,Urgent,03/18/2025,2025-03-22,Improved,10874.14
A000886,P01900,General Medicine,Kidney Infection,Emergency,2024-05-19,2024-05-21,Improved,8599.99
A002489,P03574,General Medicine,Diabetes Complication,,2025-01-11,2025-01-12,Recovered,11500.48
A003119,P02194,Cardiology,Arrhythmia,Urgent,2025-04-17,2025-04-20,Improved,32872.99
A004752,P00942,Oncology,Breast Cancer,Emergency,2025-12-13,2025-12-14,Recovered,40264.95
A003500,P00440,Neurology,Seizure Disorder,Elective,2025-06-12,2025-06-12,Improved,20638.97
A001043,P02339,Pediatrics,Gastroenteritis,Emergency,2024-06-11,2024-06-14,Recovered,7182.62
A004763,P01909,Pediatrics,Pediatric Asthma,Emergency,2025-12-14,2025-12-17,Recovered,18834.12
A002158,P00112,Orthopedics,Spinal Disorder,Emergency,2024-11-24,2024-11-28,Recovered,43189.07
A002100,P03883,Pulmonology,Pneumonia,Emergency,2024-11-16,2024-11-19,Recovered,16149.54
A000018,P02842,Oncology,Lymphoma,Urgent,2024-01-03,2024-01-07,Recovered,52799.88
A004429,P00166,Neurology,Multiple Sclerosis,Emergency,2025-10-26,2025-10-28,Improved,28825.51
A000064,P00670,Pediatrics,Gastroenteritis,Elective,2024-01-11,2024-01-13,Recovered,9994.99
A004286,P03146,General Medicine,Kidney Infection,Urgent,2025-10-02,2025-10-04,Transferred,19308.75
A002904,P02114,Cardiology,Heart Failure,Emergency,2025-03-15,2025-03-21,Deceased,44572.38
A004589,P02093,Cardiology,Arrhythmia,Emergency,2025-11-19,2025-11-28,Transferred,67392.31
A004449,P03036,Pulmonology,Pneumonia,Urgent,2025-10-29,2025-11-04,Recovered,42253.19
A003978,P00135,Cardiology,Myocardial Infarction,Emergency,2025-08-14,2025-08-20,Improved,35419.37
A003235,P03353,Pediatrics,Gastroenteritis,Emergency,2025-05-02,2025-05-05,Recovered,10028.28
A003225,P02314,Pediatrics,Bronchiolitis,Emergency,05/01/2025,2025-05-03,Improved,13589.17
A000847,P02520,Neurology,Multiple Sclerosis,Elective,2024-05-13,2024-05-19,Improved,42082.97
A001015,P00446,cardiology,Myocardial Infarction,Emergency,2024-06-07,2024-06-14,Recovered,34849.87
A001476,P02104,Pediatrics,Gastroenteritis,Urgent,08/15/2024,2024-08-17,Improved,6589.06
A003310,P01785,General Medicine,Sepsis,Emergency,05/14/2025,2025-05-18,Improved,16509.48
A002764,P03499,Pediatrics,Bronchiolitis,Emergency,2025-02-21,2025-02-22,Transferred,5678.28
A004294,P01724, Cardiology ,Arrhythmia,Emergency,2025-10-04,2025-10-11,Recovered,41667.71
A003385,P01378,Oncology,Breast Cancer,Emergency,2025-05-23,2025-06-19,Recovered,169343.42
A003213,P00713,General Medicine,Kidney Infection,Urgent,2025-04-29,2025-05-05,Recovered,22121.8
A002418,P01665,Cardiology,Heart Failure,Urgent,2025-01-02,2025-01-03,Improved,23668.8
A002046,P00646,Neurology,Stroke,Emergency,2024-11-07,2024-11-11,Improved,23087.81
A002995,P02553,Orthopedics,Hip Fracture,Urgent,2025-03-28,2025-04-02,Improved,35756.72
A003869,P01909,Pediatrics,Bronchiolitis,Urgent,2025-08-01,2025-08-02,Recovered,6683.99
A004592,P02174,Cardiology,Arrhythmia,Elective,2025-11-19,2025-11-21,Improved,31248.11
A003729,P00907,Cardiology,Heart Failure,Emergency,2025-07-10,2025-07-17,Improved,52287.14
A002174,P00118,Pediatrics,Bronchiolitis,Urgent,2024-11-27,2024-11-29,Recovered,9259.99
A003150,P02594,Pediatrics,Pediatric Asthma,Emergency,2025-04-22,2025-04-26,Recovered,19839.61
A000757,P00951,Pediatrics,Pediatric Asthma,Emergency,04/30/2024,2024-05-11,Transferred,22845.87
A004094,P02018,Oncology,Lung Cancer,Emergency,2025-08-31,2025-09-05,Recovered,56115.33
A004266,P01130,General Medicine,Sepsis,Urgent,2025-09-29,2025-10-02,Transferred,12906.42
A000012,P00175,General Medicine,Kidney Infection,Emergency,2024-01-02,2024-01-06,Improved,21005.46
A000479,P03859,Cardiology,Arrhythmia,Emergency,2024-03-18,2024-03-21,Transferred,41163.89
A003528,P03471,Neurology,Multiple Sclerosis,Emergency,2025-06-14,2025-06-19,Transferred,37825.12
A004057,P03557,Orthopedics,Joint Replacement,Urgent,08/26/2025,2025-08-30,Recovered,25825.32
A002828,P03855,Orthopedics,Hip Fracture,Emergency,03/03/2025,2025-03-06,Improved,19664.4
A003707,P02273,General Medicine,Sepsis,Emergency,2025-07-08,2025-07-12,Recovered,13598.06
A004453,P00597,General Medicine,Diabetes Complication,Emergency,2025-10-29,2025-10-31,Recovered,13743.72
A002561,P02515,Pediatrics,Gastroenteritis,Emergency,01/23/2025,2025-01-26,Transferred,9777.23
A004244,P02742,Pediatrics,Pediatric Asthma,Elective,2025-09-24,2025-09-27,Recovered,14840.83
A003753,P03962,Cardiology,Arrhythmia,Emergency,2025-07-12,2025-07-14,Improved,33276.66
A001291,P01824,General Medicine,Sepsis,Emergency,2024-07-20,2024-07-25,Improved,12128.31
A003616,P01420,Orthopedics,Hip Fracture,Emergency,2025-06-26,2025-06-28,Recovered,17969.1
A004301,P01936,Pediatrics,Bronchiolitis,Urgent,2025-10-05,2025-10-08,Improved,11678.63
A003283,P00657,General Medicine,Sepsis,Elective,2025-05-09,2025-05-14,Transferred,17850.85
A004653,P00377,Cardiology,Myocardial Infarction,Urgent,2025-11-27,2025-12-02,Transferred,44264.15
A001488,P00724,Pediatrics,Gastroenteritis,Urgent,2024-08-17,2024-08-22,Recovered,14294.12
A002147,P00812,Cardiology,Heart Failure,Urgent,2024-11-22,2024-11-25,Improved,30996.78
A000428,P01454,General Medicine,Kidney Infection,Urgent,2024-03-12,2024-03-22,Improved,43380.05
A003009,P00617, Cardiology ,Heart Failure,Elective,2025-03-31,2025-04-05,Recovered,35739.17
A002691,P01331,Oncology,Lung Cancer,,2025-02-13,2025-02-22,Recovered,77117.7
A000995,P01821,Neurology,Multiple Sclerosis,Elective,2024-06-03,2024-06-10,Recovered,44904.03
A000289,P02135,General Medicine,Sepsis,Emergency,02/19/2024,2024-02-21,Improved,19940.66
A002398,P00092,General Medicine,Diabetes Complication,Emergency,2024-12-30,2025-01-01,Transferred,12949.61
A000741,P00368,Cardiology,Myocardial Infarction,Urgent,2024-04-27,2024-04-29,Recovered,21492.58
A002831,P03560,Cardiology,Myocardial Infarction,Emergency,03/03/2025,2025-03-12,Improved,51273.72
A000884,P03643,Orthopedics,Hip Fracture,Emergency,2024-05-19,2024-05-23,Recovered,24469.21
A004298,P03150,Pediatrics,Pediatric Asthma,Elective,2025-10-05,2025-10-06,Improved,8231.98
A000359,P00963,Cardiology,Arrhythmia,Elective,2024-03-01,2024-03-11,Recovered,96540.15
A001762,P03400,General Medicine,Kidney Infection,Emergency,2024-09-28,2024-09-29,Improved,8447.24
A001791,P01536,Pediatrics,Pediatric Asthma,Emergency,2024-10-03,2024-10-11,Recovered,12557.47
A004505,P02749,Pulmonology,Pneumonia,Emergency,2025-11-07,2025-11-14,Improved,38215.85
A000179,P01029,Oncology,Lymphoma,Emergency,2024-01-31,2024-02-16,Recovered,107476.62
A002424,P03784,Oncology,Breast Cancer,Emergency,2025-01-03,,Improved,46821.33
A004564,P02886,Pediatrics,Pediatric Asthma,Urgent,2025-11-16,2025-11-17,Transferred,9108.76
A002966,P00715,Cardiology,Heart Failure,Urgent,2025-03-24,2025-04-05,Improved,74802.48
A004138,P00830,Pediatrics,Pediatric Asthma,Urgent,2025-09-06,,Improved,7715.12
A000627,P02887,Cardiology,Arrhythmia,Urgent,2024-04-07,2024-04-13,Transferred,38098.57
A001797,P00389,General Medicine,Diabetes Complication,Emergency,2024-10-04,2024-10-05,Recovered,11355.47
A000149,P01831,Orthopedics,Joint Replacement,Emergency,01/26/2024,2024-01-28,Recovered,28490.17
A000570,P03412,General Medicine,Kidney Infection,Urgent,2024-03-31,2024-04-02,Improved,10509.87
A004838,P03419,Pediatrics,Bronchiolitis,Urgent,2025-12-21,2025-12-23,Deceased,13479.83
A001202,P03424,General Medicine,Sepsis,Urgent,2024-07-06,2024-07-07,Recovered,
A002960,P01555,Neurology,Stroke,Elective,2025-03-23,2025-03-25,Recovered,25796.42
A001369,P02230,Oncology,Lymphoma,Urgent,2024-08-01,2024-08-05,Recovered,39045.69
A003941,P01951,Pulmonology,Asthma,Urgent,2025-08-10,2025-09-01,Recovered,46481.23
A003414,P00570,Orthopedics,Joint Replacement,Emergency,2025-05-29,2025-05-31,Recovered,26730.34
A002993,P00500,General Medicine,Kidney Infection,Emergency,2025-03-28,2025-03-31,Transferred,14762.03
A000201,P00413,General Medicine,Sepsis,Urgent,2024-02-04,2024-02-05,Improved,9921.88
A002075,P02406,Neurology,Multiple Sclerosis,Emergency,2024-11-12,2024-11-18,Deceased,40238.05
A000373,P02902,Cardiology,Heart Failure,Elective,2024-03-02,2024-03-11,Recovered,43636.36
A001722,P03143,Orthopedics,Joint Replacement,Emergency,2024-09-22,2024-09-26,Recovered,18392.53
A003154,P03903,Oncology,Lymphoma,Emergency,04/22/2025,2025-04-27,Recovered,51887.5
A001507,P03523,Cardiology,Heart Failure,Emergency,2024-08-20,2024-08-22,Recovered,32796.16
A000724,P01664,Orthopedics,Hip Fracture,Emergency,2024-04-25,2024-04-27,Recovered,19566.87
A001236,P02870,Neurology,Seizure Disorder,Emergency,07/12/2024,2024-07-22,Recovered,60137.4
A002087,P01123,General Medicine,Diabetes Complication,Emergency,2024-11-14,2024-11-18,Improved,17614.2
A000233,P01939,Pulmonology,Asthma,Emergency,2024-02-10,2024-02-21,Deceased,40645.38
A004810,P00503,Pulmonology,Asthma,Urgent,2025-12-19,2025-12-26,Recovered,30770.97
A003816,P03899,General Medicine,Kidney Infection,Urgent,2025-07-23,2025-07-26,Recovered,15214.86
A003828,P01677,Pediatrics,Bronchiolitis,Elective,2025-07-25,2025-07-27,Recovered,17245.46
A001243,P01967,Orthopedics,Joint Replacement,Urgent,2024-07-13,2024-07-20,Recovered,36259.37
A004576,P03709,General Medicine,Diabetes Complication,Urgent,11/17/2025,2025-11-18,Recovered,16322.64
A004481,P00328,Pediatrics,Bronchiolitis,Emergency,2025-11-02,2025-11-05,Recovered,8086.67
A003110,P03769,General Medicine,Kidney Infection,Emergency,2025-04-16,2025-04-22,Improved,16917.2
A000509,P01721,Pediatrics,Gastroenteritis,Urgent,03/23/2024,2024-03-24,Improved,7949.67
A004312,P00462,Pediatrics,Pediatric Asthma,Urgent,10/07/2025,2025-10-11,Recovered,9691.68
A001580,P02580,Neurology,Multiple Sclerosis,Elective,2024-09-02,2024-09-08,Recovered,30277.39
A001602,P01482,Pediatrics,Bronchiolitis,Urgent,2024-09-04,2024-09-06,Improved,10281.9
A002400,P01148,Orthopedics,Spinal Disorder,,2024-12-31,2025-01-01,Improved,17387.58
A001905,P03726,Oncology,Breast Cancer,Emergency,2024-10-19,2024-11-01,Recovered,71313.95
A003137,P00613,Cardiology,Arrhythmia,Urgent,2025-04-20,2025-04-24,Recovered,41374.08
A001747,P02343,General Medicine,Sepsis,Emergency,2024-09-25,2024-09-27,Transferred,13837.83
A001009,P02274,General Medicine,Sepsis,Emergency,2024-06-06,2024-06-06,Recovered,10502.27
A003562,P03145,Oncology,Lymphoma,Elective,2025-06-18,2025-06-27,Recovered,45475.93
A000901,P01653,Pediatrics,Gastroenteritis,Emergency,2024-05-22,2024-05-24,Recovered,12367.41
A002704,P00679,General Medicine,Diabetes Complication,Urgent,2025-02-14,2025-02-16,Recovered,14550.13
A001912,P03451,Cardiology,Arrhythmia,Urgent,2024-10-20,2024-10-22,Recovered,20108.57
A004126,P02740,Cardiology,Myocardial Infarction,,09/05/2025,2025-09-11,Improved,52522.16
A000843,P02705,Pediatrics,Pediatric Asthma,Elective,2024-05-12,2024-05-13,Improved,5606.78
A004171,P03513,Pediatrics,Bronchiolitis,Elective,2025-09-11,2025-09-13,Improved,8958.72
A003774,P01305,General Medicine,Kidney Infection,Emergency,2025-07-16,2025-07-20,Transferred,23537.67
A003771,P00979,Orthopedics,Spinal Disorder,Emergency,07/16/2025,2025-07-22,Recovered,26202.1
A002332,P01591,Oncology,Lung Cancer,Emergency,2024-12-20,2024-12-24,Recovered,58344.42
A002239,P03078,Orthopedics,Joint Replacement,Urgent,12/06/2024,2024-12-08,Improved,24044.45
A004543,P00417,Neurology,Seizure Disorder,Urgent,2025-11-12,2025-11-17,Improved,25691.7
A004503,P03821,Pediatrics,Pediatric Asthma,Emergency,2025-11-07,2025-11-09,Recovered,6366.8
A003084,P03492,General Medicine,Sepsis,Urgent,2025-04-11,2025-04-14,Recovered,15285.82
A001784,P03279,General Medicine,Diabetes Complication,Emergency,2024-10-02,2024-10-07,Improved,14045.78
A003037,P01542,Cardiology,Heart Failure,Urgent,2025-04-04,2025-04-11,Improved,35411.23
A004419,P01038,Pediatrics,Gastroenteritis,Urgent,2025-10-24,2025-10-26,Improved,6066.78
A000849,P02936,Neurology,Stroke,Emergency,2024-05-13,2024-05-18,Recovered,21610.68
A002578,P00969,General Medicine,Diabetes Complication,Elective,2025-01-27,2025-01-30,Improved,12218.93
A001503,P01873,Cardiology,Arrhythmia,Urgent,2024-08-19,2024-08-21,Improved,19694.12
A000545,P03936,Orthopedics,Hip Fracture,Emergency,2024-03-28,2024-03-29,Deceased,16700.06
A000989,P01961,Cardiology,Myocardial Infarction,Emergency,2024-06-02,2024-06-08,Recovered,59956.53
A001582,P00873,Pediatrics,Bronchiolitis,Emergency,2024-09-02,2024-09-04,Recovered,10447.36
A004818,P01343,Pediatrics,Gastroenteritis,Urgent,2025-12-19,2025-12-21,Improved,10393.33
A003367,P03314,Pulmonology,COPD,Emergency,2025-05-22,2025-05-26,Recovered,38306.32
A001232,P00416,Neurology,Multiple Sclerosis,Emergency,2024-07-11,2024-07-15,Transferred,
A001238,P01295,Orthopedics,Spinal Disorder,Elective,2024-07-12,2024-08-01,Recovered,92321.38
A003598,P03561,Pediatrics,Gastroenteritis,Urgent,2025-06-24,2025-06-26,Recovered,
A004322,P03556,Orthopedics,Spinal Disorder,,2025-10-09,2025-10-11,Recovered,21968.42
A001090,P00146,Cardiology,Arrhythmia,Emergency,2024-06-19,2024-07-02,Recovered,49005.57
A001952,P01997,Oncology,Lymphoma,Emergency,2024-10-24,2024-10-28,Transferred,31198.43
A001239,P03843,Cardiology,Heart Failure,Emergency,2024-07-12,2024-07-14,Recovered,36006.69
A002138,P00604,Pediatrics,Pediatric Asthma,Emergency,2024-11-21,2024-11-23,Improved,13321.09
A002064,P00337,General Medicine,Diabetes Complication,Elective,2024-11-11,2024-11-13,Recovered,13587.72
A004219,P01869,Pediatrics,Pediatric Asthma,,2025-09-20,2025-09-25,Recovered,8594.37
A002543,P00070,Pulmonology,COPD,,01/20/2025,2025-01-20,Improved,15263.07
A004142,P02313,Orthopedics,Joint Replacement,Elective,2025-09-07,2025-09-10,Deceased,30373.54
A004372,P00403,Cardiology,Arrhythmia,Emergency,2025-10-16,2025-10-24,Improved,28570.07
A001353,P02852,General Medicine,Kidney Infection,Urgent,2024-07-28,2024-08-01,Improved,21850.15
A000169,P03719,Oncology,Lung Cancer,Elective,01/29/2024,2024-02-15,Improved,110502.49
A002901,P03030,General Medicine,Diabetes Complication,Emergency,2025-03-14,2025-03-17,Improved,9754.58
A004756,P01574,Cardiology,Arrhythmia,Emergency,2025-12-13,2025-12-14,Recovered,23366.34
A000618,P03233,Oncology,Lymphoma,Emergency,2024-04-06,2024-04-07,Improved,16099.16
A002242,P02658,Orthopaedics,Joint Replacement,Emergency,2024-12-07,2024-12-10,Improved,17585.28
A003698,P01847,Oncology,Breast Cancer,Emergency,2025-07-07,2025-07-14,Improved,85203.13
A003256,P00307,Cardiology,Arrhythmia,Emergency,05/05/2025,2025-05-09,Recovered,25194.82
A001442,P00603,Neurology,Seizure Disorder,Urgent,2024-08-11,2024-08-29,Recovered,75628.22
A004125,P03968,Oncology,Lymphoma,Emergency,2025-09-05,2025-09-08,Recovered,44728.53
A002818,P02863,Cardiology,Myocardial Infarction,Elective,2025-03-02,2025-03-12,Recovered,42311.95
A003943,P00429,Pediatrics,Gastroenteritis,Elective,2025-08-10,2025-08-11,Recovered,9590.06
A002513,P01168,Neurology,Multiple Sclerosis,Urgent,01/16/2025,2025-01-17,Recovered,25655.73
A001183,P03954,Pulmonology,Asthma,Emergency,2024-07-04,2024-07-08,Improved,21568.26
A001289,P03185,General Medicine,Sepsis,Emergency,07/20/2024,2024-07-24,Recovered,18000.74
A001128,P01123,Gen Med,Kidney Infection,Emergency,2024-06-26,2024-07-02,Recovered,19803.31
A003053,P01837,Cardiology,Myocardial Infarction,Emergency,2025-04-06,2025-04-22,Improved,91705.17
A000216,P00554,Orthopedics,Joint Replacement,Emergency,02/07/2024,2024-02-10,Recovered,37640.3
A002555,P02600,General Medicine,Kidney Infection,Elective,01/22/2025,2025-01-25,Recovered,15055.82
A000580,P02238,Oncology,Lymphoma,Urgent,04/02/2024,2024-04-06,Transferred,47283.51
A001019,P00801,Pediatrics,Gastroenteritis,Elective,2024-06-08,2024-06-10,Transferred,9680.99
A000060,P02621,General Medicine,Sepsis,Urgent,2024-01-11,2024-01-14,Recovered,8277.7
A002162,P03632,Oncology,Lung Cancer,Emergency,2024-11-25,2024-12-08,Recovered,71996.58
A000397,P01823,Cardiology,Heart Failure,Emergency,2024-03-07,2024-03-14,Recovered,30710.81
A002103,P00325,Neurology,Multiple Sclerosis,Emergency,2024-11-16,2024-11-27,Recovered,53223.22
A004836,P02645,Cardiology,Myocardial Infarction,Emergency,12/21/2025,2025-12-24,Improved,33271.96
A000838,P02254,Neurology,Multiple Sclerosis,Elective,2024-05-11,2024-05-15,Recovered,29759.59
A003039,P01992,Neurology,Multiple Sclerosis,Elective,2025-04-04,2025-04-08,Improved,31133.57
A002255,P03591,Pediatrics,Pediatric Asthma,Urgent,2024-12-09,2024-12-14,Recovered,16652.05
A004790,P01364,Orthopedics,Spinal Disorder,Emergency,2025-12-16,2025-12-18,Recovered,26496.79
A001819,P00920,Oncology,Breast Cancer,Emergency,2024-10-07,2024-10-12,Recovered,59771.17
A000913,P02011,ortho,Spinal Disorder,Elective,05/23/2024,2024-05-24,Recovered,13613.13
A004343,P03450,Neurology,Multiple Sclerosis,Urgent,2025-10-12,2025-10-13,Recovered,27183.22
A002918,P02810,Pediatrics,Bronchiolitis,Urgent,2025-03-17,2025-03-18,Improved,7253.29
A002417,P00836,Orthopedics,Hip Fracture,Urgent,2025-01-02,2025-01-06,Improved,27519.72
A002274,P01631,Cardiology,Heart Failure,Emergency,2024-12-12,2024-12-14,Recovered,16644.61
A004594,P02541,Orthopedics,Hip Fracture,Emergency,2025-11-19,2025-11-24,Improved,36023.92
A002166,P02577,Gen Med,Kidney Infection,Emergency,11/26/2024,2024-11-30,Improved,11509.79
A000026,P03994,General Medicine,Diabetes Complication,Emergency,2024-01-05,2024-01-07,Recovered,14395.12
A003025,P02402,Cardiology,Arrhythmia,Emergency,2025-04-02,2025-04-06,Transferred,38331.2
A002961,P01813,pulmonology ,COPD,Emergency,2025-03-23,2025-03-25,Recovered,16603.4
A003779,P01906,Cardiology,Heart Failure,Elective,2025-07-17,2025-07-18,Recovered,21127.23
A001070,P03330,General Medicine,Diabetes Complication,Emergency,2024-06-16,2024-06-19,Improved,20305.6
A003586,P03423,Cardiology,Heart Failure,Emergency,2025-06-22,2025-06-29,Recovered,51663.46
A001922,P01354,Cardiology,Myocardial Infarction,Elective,2024-10-20,2024-10-26,Recovered,36844.09
A003392,P00677,Oncology,Lung Cancer,Elective,2025-05-25,2025-05-27,Recovered,59888.06
A002937,P02594,Pediatrics,Bronchiolitis,Urgent,2025-03-20,2025-03-21,Recovered,4963.64
A000415,P00242,General Medicine,Sepsis,Urgent,2024-03-11,2024-03-15,Recovered,19834.94
A001750,P01071,Orthopedics,Joint Replacement,Emergency,2024-09-26,2024-09-28,Improved,
A002048,P01798,Pediatrics,Bronchiolitis,Elective,11/07/2024,2024-11-11,Recovered,10036.7
A000730,P02659,Oncology,Lung Cancer,Elective,2024-04-25,2024-04-28,Recovered,37620.47
A003410,P03832,Oncology,Lung Cancer,Emergency,2025-05-28,2025-06-01,Recovered,45034.27
A002992,P01386,Orthopedics,Hip Fracture,Emergency,2025-03-28,2025-04-06,Improved,46837.81
A004163,P02862,Neurology,Stroke,Emergency,2025-09-10,2025-09-13,Recovered,28563.14
A000229,P00346,General Medicine,Kidney Infection,Emergency,2024-02-09,2024-02-10,Recovered,8338.58
A001563,P01738,Pediatrics,Bronchiolitis,Emergency,2024-08-30,2024-09-04,Improved,11053.35
A004422,P02749,Neurology,Stroke,Emergency,2025-10-25,2025-11-03,Recovered,54121.8
A000892,P03401,General Medicine,Diabetes Complication,Elective,2024-05-19,2024-05-20,Recovered,8433.49
A001354,P03451,Orthopedics,Joint Replacement,Emergency,2024-07-28,2024-07-30,Recovered,30687.59
A001188,P02319,Cardiology,Arrhythmia,Elective,2024-07-05,2024-07-08,Recovered,29766.68
A002442,P01380,General Medicine,Sepsis,Urgent,2025-01-06,2025-01-11,Recovered,13349.86
A001072,P00633,Oncology,Lymphoma,Elective,2024-06-16,2024-06-20,Recovered,62844.55
A000569,P02883,Pulmonology,Pneumonia,Emergency,2024-03-31,2024-04-05,Improved,44958.02
A003574,P00366,Orthopedics,Hip Fracture,Elective,2025-06-20,2025-06-25,Improved,37460.62
A004276,P03984,Cardiology,Myocardial Infarction,Urgent,10/01/2025,2025-10-05,Recovered,28503.26
A001399,P01515,Cardiology,Myocardial Infarction,Elective,2024-08-05,2024-08-11,Improved,42990.54
A002793,P02330,Pediatrics,Pediatric Asthma,Emergency,2025-02-26,2025-03-04,Recovered,12880.92
A001926,P01784,Neurology,Multiple Sclerosis,Emergency,2024-10-20,2024-10-29,Improved,42384.81
A003231,P02205,Orthopedics,Joint Replacement,Emergency,2025-05-02,2025-05-04,Recovered,20542.0
A000934,P00725,General Medicine,Diabetes Complication,Emergency,2024-05-26,2024-05-28,Recovered,9790.77
A002287,P03116,Cardiology,Heart Failure,Emergency,2024-12-13,2024-12-17,Recovered,24370.75
A003289,P00649,Cardiology,Myocardial Infarction,Emergency,2025-05-11,2025-05-18,Recovered,58977.35
A000294,P02917,Cardiology,Myocardial Infarction,Emergency,2024-02-20,2024-02-24,Recovered,28188.84
A004133,P02208,General Medicine,Diabetes Complication,Urgent,2025-09-05,2025-09-10,Recovered,15628.05
A000982,P00594,General Medicine,Diabetes Complication,Emergency,2024-06-01,2024-06-04,Improved,12432.83
A004420,P00045,Pediatrics,Bronchiolitis,Urgent,2025-10-24,2025-10-26,Recovered,12618.54
A004760,P01112,Pulmonology,Pneumonia,Emergency,2025-12-13,2025-12-17,Recovered,29720.98
A003165,P03958,General Medicine,Kidney Infection,Emergency,2025-04-24,,Recovered,14236.49
A002292,P02157,General Medicine,Diabetes Complication,,2024-12-14,2024-12-20,Recovered,19131.41
A003901,P02212,Cardiology,Heart Failure,Emergency,2025-08-04,2025-08-09,Recovered,37207.82
A002556,P00076,Oncology,Lung Cancer,Emergency,2025-01-23,2025-01-24,Improved,22766.88
A000943,P03683,Cardiology,Arrhythmia,Elective,2024-05-27,2024-05-29,Recovered,23370.56
A000661,P01727,General Medicine,Diabetes Complication,Urgent,2024-04-14,2024-04-16,Recovered,8501.88
A001862,P01407,Cardiology,Myocardial Infarction,Urgent,2024-10-13,2024-10-14,Transferred,41118.17
A004628,P00624,Cardiology,Heart Failure,Urgent,11/24/2025,2025-11-27,Transferred,39116.04
A003991,P02732,Pulmonology,Pneumonia,Emergency,2025-08-16,2025-08-20,Recovered,31196.65
A001697,P01191,Pulmonology,Pneumonia,Emergency,09/19/2024,2024-09-21,Improved,22412.74
A003727,P01470,Pediatrics,Pediatric Asthma,Emergency,2025-07-10,2025-07-11,Recovered,9070.55
A002693,P02636,Pediatrics,Bronchiolitis,Emergency,2025-02-13,2025-02-18,Recovered,6573.09
A003561,P03982,Pediatrics,Gastroenteritis,Emergency,2025-06-18,2025-06-19,Recovered,7438.41
A003152,P02681,Pediatrics,Bronchiolitis,Emergency,2025-04-22,2025-04-24,Recovered,12662.31
A002068,P03964,General Medicine,Sepsis,Urgent,2024-11-11,2024-11-14,Recovered,17383.39
A002300,P03443,Oncology,Lymphoma,Emergency,2024-12-16,2024-12-23,Recovered,57069.72
A004144,P00783,Pediatrics,Pediatric Asthma,Urgent,2025-09-07,2025-09-08,Recovered,10458.09
A002474,P03047,Neurology,Multiple Sclerosis,Emergency,2025-01-09,2025-01-19,Improved,69327.22
A000579,P00175,Pulmonology,Pneumonia,Urgent,2024-04-02,2024-04-09,Improved,32015.66
A002951,P01030,Cardiology,Heart Failure,Emergency,2025-03-21,2025-03-22,Transferred,19824.54
A003642,P02607,Cardiology,Heart Failure,Urgent,2025-06-30,2025-07-01,Improved,24512.21
A001845,P03519,Oncology,Breast Cancer,Emergency,2024-10-10,2024-10-16,Recovered,30109.58
A004516,P02888,Pediatrics,Bronchiolitis,Emergency,2025-11-08,2025-11-09,Recovered,3378.97
A001435,P03916,Pediatrics,Bronchiolitis,Emergency,2024-08-10,2024-08-12,Transferred,12521.46
A002133,P03851,Oncology,Lymphoma,Urgent,2024-11-20,2024-11-21,Deceased,25714.94
A001438,P00939,General Medicine,Diabetes Complication,Emergency,2024-08-11,,Recovered,10782.03
A004462,P00559,Oncology,Lymphoma,Urgent,10/30/2025,2025-11-08,Improved,85574.88
A001157,P00319,General Medicine,Sepsis,Emergency,2024-07-01,2024-07-03,Recovered,16994.28
A004830,P01058,Orthopedics,Spinal Disorder,Urgent,2025-12-21,2025-12-25,Recovered,36687.16
A001617,P02104,Pediatrics,Pediatric Asthma,Emergency,2024-09-07,2024-09-11,Improved,11258.64
A002865,P01181,General Medicine,Sepsis,Urgent,2025-03-09,2025-03-12,Improved,11747.51
A001346,P00487,Cardiology,Heart Failure,Elective,2024-07-27,2024-08-01,Improved,40498.71
A004415,P01698,Pediatrics,Gastroenteritis,Elective,2025-10-23,2025-10-25,Recovered,7825.2
A003968,P01552,Neurology,Seizure Disorder,Emergency,2025-08-12,2025-08-16,Recovered,31380.91
A001189,P00525,Neurology,Multiple Sclerosis,Elective,2024-07-05,2024-07-08,Improved,15598.41
A004625,P02069,Pulmonology,COPD,Emergency,2025-11-23,2025-11-27,Recovered,21331.66
A004188,P02777,Orthopedics,Joint Replacement,Elective,2025-09-14,2025-09-19,Recovered,21523.7
A003223,P02363,Neurology,Seizure Disorder,Emergency,2025-05-01,2025-05-08,Transferred,
A002124,P00580,Pediatrics,Pediatric Asthma,Elective,2024-11-18,2024-11-18,Recovered,5738.86
A002518,P03959,Pediatrics,Gastroenteritis,Elective,2025-01-17,2025-01-19,Improved,8008.23
A000378,P01607,Pediatrics,Pediatric Asthma,Urgent,2024-03-03,2024-03-08,Improved,12317.34
A000746,P02554,General Medicine,Kidney Infection,Emergency,2024-04-28,2024-04-30,Recovered,10035.41
A000986,P01863,Neurology,Stroke,Urgent,2024-06-02,2024-06-10,Recovered,54657.98
A004753,P03607,General Medicine,Sepsis,Elective,2025-12-13,2025-12-17,Recovered,13967.64
A003576,P02771,Orthopedics,Joint Replacement,Elective,06/20/2025,2025-06-24,Recovered,21686.26
A003462,P01445,Pediatrics,Pediatric Asthma,Emergency,2025-06-07,2025-06-13,Recovered,13083.92
A001875,P01855,Pediatrics,Bronchiolitis,Emergency,2024-10-15,2024-10-17,Transferred,10079.89
A000347,P03207,General Medicine,Sepsis,Emergency,2024-02-28,2024-03-08,Recovered,23111.48
A003421,P01394,Orthopedics,Hip Fracture,Emergency,2025-05-30,2025-06-07,Recovered,40419.02
A004715,P00662,Neurology,Stroke,Emergency,2025-12-08,2025-12-21,Improved,56829.76
A003575,P01487,Pediatrics,Gastroenteritis,Emergency,2025-06-20,2025-06-21,Recovered,11746.84
A000987,P01699,Neurology,Stroke,Emergency,2024-06-02,2024-06-05,Improved,32374.2
A001559,P00415,Pediatrics,Pediatric Asthma,Elective,2024-08-29,2024-08-31,Improved,7689.88
A000133,P00147,Pediatrics,Pediatric Asthma,Urgent,2024-01-24,2024-01-26,Recovered,12088.83
A002187,P01409,Pediatrics,Gastroenteritis,Emergency,2024-11-28,2024-11-30,Recovered,
A003304,P03490,Cardiology,Myocardial Infarction,Elective,2025-05-13,2025-05-15,Improved,18941.62
A004134,P03366,Orthopedics,Spinal Disorder,Urgent,09/05/2025,2025-09-12,Recovered,51202.95
A000873,P02550,Pediatrics,Bronchiolitis,Urgent,2024-05-18,2024-05-26,Improved,17680.63
A001183,P03954,Pulmonology,Asthma,Emergency,2024-07-04,2024-07-08,Improved,21568.26
A000356,P00271,Oncology,Lung Cancer,Urgent,2024-02-29,2024-03-02,Improved,52358.36
A000706,P01348,General Medicine,Diabetes Complication,Urgent,04/22/2024,2024-04-25,Recovered,13384.14
A002241,P01842,Pediatrics,Pediatric Asthma,Emergency,12/07/2024,2024-12-10,Recovered,11573.07
A000734,P00784,Pediatrics,Bronchiolitis,Urgent,2024-04-26,2024-04-30,Improved,16195.21
A003787,P01270,Pediatrics,Bronchiolitis,Elective,2025-07-18,2025-07-30,Improved,15602.44
A003032,P00884,Pediatrics,Pediatric Asthma,Urgent,2025-04-03,2025-04-07,Recovered,11733.27
A004384,P01891,Pediatrics,Gastroenteritis,Emergency,2025-10-17,2025-10-19,Transferred,12495.59
A004758,P00396,Pulmonology,Pneumonia,Urgent,12/13/2025,2025-12-17,Recovered,22505.51
A002280,P00153,Cardiology,Arrhythmia,Elective,12/13/2024,2024-12-16,Deceased,29686.88
A003430,P02625,Oncology,Lung Cancer,Emergency,2025-06-01,2025-06-12,Recovered,122971.3
A003452,P02481,Orthopedics,Joint Replacement,Emergency,2025-06-05,2025-06-11,Recovered,37959.3
A003912,P00264,General Medicine,Diabetes Complication,Emergency,08/06/2025,2025-08-08,Improved,10577.72
A002371,P01120,Cardiology,Myocardial Infarction,Emergency,2024-12-26,2025-01-01,Recovered,55731.08
A000740,P02758,Cardiology,Arrhythmia,Elective,04/27/2024,2024-04-29,Improved,27603.0
A003116,P03865,Cardiology,Myocardial Infarction,Emergency,2025-04-17,2025-04-20,Improved,42591.83
A002510,P02627,Oncology,Lung Cancer,Urgent,2025-01-15,2025-01-17,Recovered,37715.06
A002369,P01737,General Medicine,Sepsis,Elective,2024-12-26,2024-12-30,Improved,12845.93
A002801,P00944,Pulmonology,Asthma,Emergency,02/28/2025,2025-03-10,Recovered,34628.07
A003297,P00054,Orthopedics,Hip Fracture,Urgent,2025-05-12,2025-05-15,Transferred,16111.18
A004773,P00123,General Medicine,Diabetes Complication,Elective,2025-12-15,2025-12-17,Improved,11671.4
A001767,P00675,General Medicine,Sepsis,Emergency,2024-09-28,2024-10-03,Recovered,21247.11
A003559,P03573,Pulmonology,Pneumonia,Emergency,2025-06-18,2025-06-22,Transferred,20809.65
A001001,P03306,General Medicine,Sepsis,Emergency,06/05/2024,2024-06-11,Transferred,14118.74
A000110,P02608,Neurology,Multiple Sclerosis,Urgent,2024-01-19,2024-01-28,Transferred,49540.0
A002855,P01243,Oncology,Lymphoma,Urgent,2025-03-07,2025-03-19,Recovered,84270.06
A001380,P03562,Pediatrics,Pediatric Asthma,Urgent,2024-08-02,2024-08-03,Recovered,11272.6
A000147,P02425,Neurology,Stroke,Emergency,2024-01-26,2024-01-29,Recovered,31104.24
A002219,P00904,General Medicine,Kidney Infection,Elective,2024-12-03,2024-12-08,Recovered,16796.96
A003858,P00492,Neurology,Seizure Disorder,Elective,07/30/2025,2025-07-31,Recovered,24453.57
A002426,P02535,Neurology,Seizure Disorder,Urgent,2025-01-03,2025-01-09,Recovered,41266.86
A001849,P03430,Pulmonology,Asthma,Emergency,2024-10-11,2024-10-13,Recovered,19128.75
A004386,P02791,Cardiology,Arrhythmia,Emergency,2025-10-18,2025-10-19,Recovered,17751.11
A002571,P01843,General Medicine,Diabetes Complication,Emergency,2025-01-25,2025-02-03,Improved,34079.69
A000787,P00304,Oncology,Lymphoma,Emergency,2024-05-03,2024-05-05,Recovered,35608.09
A003689,P03659,Orthopedics,Hip Fracture,Urgent,2025-07-05,2025-07-08,Improved,30483.67
A004333,P00880,General Medicine,Kidney Infection,Elective,2025-10-10,2025-10-13,Recovered,11930.77
A001419,P02718,General  Medicine,Diabetes Complication,Elective,2024-08-08,2024-08-09,Transferred,10515.08
A003889,P01872,General Medicine,Diabetes Complication,Urgent,2025-08-03,2025-08-08,Recovered,21216.23
A003631,P00063,pulmonology ,Pneumonia,Urgent,2025-06-28,2025-07-06,Recovered,21135.89
A002260,P03250,Orthopedics,Joint Replacement,Emergency,2024-12-10,2024-12-16,Recovered,37491.09
A000409,P02381,Pediatrics,Bronchiolitis,Emergency,2024-03-11,2024-03-13,Recovered,7750.24
A000920,P01284,Cardiology,Myocardial Infarction,Elective,05/24/2024,2024-05-27,Recovered,23766.64
A001185,P00148,Orthopedics,Joint Replacement,Emergency,2024-07-04,2024-07-05,Recovered,22477.0
A001467,P01812,Cardiology,Heart Failure,Urgent,2024-08-14,2024-08-17,Recovered,28357.12
A002889,P00810,Orthopedics,Joint Replacement,Emergency,2025-03-12,2025-03-16,Improved,27304.15
A002436,P03877,Cardiology,Heart Failure,Emergency,2025-01-05,2025-01-06,Improved,24579.06
A000940,P02871,Pulmonology,Pneumonia,Urgent,2024-05-27,2024-05-28,Improved,16390.89
A001533,P01870,Neurology,Seizure Disorder,Emergency,2024-08-25,2024-08-25,Transferred,16468.08
A003377,P01251,Cardiology,Heart Failure,Urgent,2025-05-23,2025-05-31,Recovered,-65269.87
A001843,P01156,Pulmonology,Asthma,Urgent,2024-10-10,2024-10-12,Recovered,
A004296,P02885,General Medicine,Kidney Infection,Emergency,2025-10-05,2025-10-07,Improved,11497.69
A003063,P02064,Neurology,Stroke,Emergency,2025-04-08,2025-04-16,Improved,30533.84
A001984,P00781,General Medicine,Kidney Infection,Emergency,2024-10-28,2024-11-01,Recovered,16202.77
A003658,P03235,General Medicine,Diabetes Complication,Elective,2025-07-01,2025-07-02,Recovered,9767.61
A003471,P00253,Pediatrics,Bronchiolitis,Elective,2025-06-08,2025-06-08,Recovered,6866.9
A003124,P00880,General Medicine,Kidney Infection,Emergency,2025-04-18,2025-04-25,Improved,15289.12
A000696,P02357,Pulmonology,Asthma,Urgent,2024-04-20,2024-04-21,Improved,11279.48
A002328,P00435,Cardiology,Arrhythmia,Urgent,2024-12-20,2024-12-22,Recovered,22224.16
A003015,P01036,Cardiology,Myocardial Infarction,Emergency,2025-04-01,2025-04-04,Recovered,44934.61
A004472,P01676,Oncology,Breast Cancer,Emergency,2025-10-31,2025-11-07,Improved,50888.69
A003865,P00205,Oncology,Breast Cancer,Emergency,2025-07-30,2025-08-01,Recovered,28373.01
A001077,P00532,Pediatrics,Pediatric Asthma,Emergency,2024-06-16,2024-06-17,Transferred,7932.26
A001204,P01876,Pediatrics,Gastroenteritis,Emergency,2024-07-07,2024-07-13,Recovered,16072.27
A003179,P03873,Orthopedics,Joint Replacement,Emergency,2025-04-25,2025-04-26,Improved,18418.87
A000587,P01123,General Medicine,Sepsis,Elective,2024-04-02,2024-04-05,Transferred,10311.68
A001994,P03302,Cardiology,Arrhythmia,Emergency,2024-10-30,2024-10-30,Recovered,17310.56
A004607,P01569,Oncology,Lymphoma,Emergency,2025-11-21,2025-12-07,Recovered,115625.84
A001348,P01111,Cardiology,Arrhythmia,Urgent,2024-07-27,2024-08-01,Improved,24910.14
A000624,P03121,Neurology,Seizure Disorder,Elective,2024-04-07,2024-04-13,Improved,21953.47
A000192,P01225,General Medicine,Sepsis,Emergency,2024-02-03,2024-02-07,Transferred,
A003118,P00221,Pediatrics,Pediatric Asthma,Emergency,2025-04-17,2025-04-19,Recovered,9171.5
A003396,P00539,General Medicine,Kidney Infection,Emergency,2025-05-26,2025-05-30,Recovered,17794.85
A000635,P03476,General Medicine,Kidney Infection,Emergency,2024-04-08,2024-04-10,Recovered,10009.71
A002898,P02943,General Medicine,Diabetes Complication,Urgent,2025-03-14,2025-03-16,Improved,10508.52
A001914,P01164,General Medicine,Kidney Infection,Urgent,2024-10-20,2024-10-21,Recovered,13558.33
A004478,P01230,Pulmonology,Pneumonia,Emergency,11/02/2025,2025-11-09,Recovered,21959.22
A000632,P03630,Pulmonology,COPD,Emergency,2024-04-08,2024-04-15,Recovered,29613.16
A002148,P03405,Pulmonology,Asthma,Emergency,2024-11-23,2024-12-03,Improved,35561.4
A001763,P01632,Neurology,Seizure Disorder,Elective,2024-09-28,2024-10-06,Recovered,40882.86
A003187,P00017,Orthopedics,Joint Replacement,Elective,2025-04-26,2025-04-28,Recovered,24076.85
A000414,P01600,General Medicine,Sepsis,Urgent,2024-03-11,2024-03-18,Improved,16044.97
A001235,P00885,General Medicine,Kidney Infection,Emergency,2024-07-11,2024-07-15,Recovered,17040.13
A003106,P01914,General Medicine,Diabetes Complication,Emergency,2025-04-15,2025-04-18,Improved,11354.83
A002132,P03462,Cardiology,Myocardial Infarction,Urgent,2024-11-20,2024-11-29,Recovered,57599.8
A002422,P01061,General Medicine,Kidney Infection,Emergency,2025-01-03,2025-01-05,Improved,10585.55
A003054,P00189,Cardiology,Heart Failure,Elective,2025-04-07,2025-04-09,Recovered,31257.99
A004520,P03766,General Medicine,Sepsis,Elective,2025-11-09,2025-11-14,Recovered,26937.47
A002229,P01597,General  Medicine,Sepsis,Elective,12/03/2024,2024-12-04,Improved,7148.16
A002336,P00059,General Medicine,Kidney Infection,Urgent,2024-12-21,2024-12-23,Transferred,8867.56
A002854,P01819,Pediatrics,Bronchiolitis,,03/07/2025,2025-03-09,Improved,6905.04
A004151,P03711,Oncology,Lung Cancer,Urgent,2025-09-08,2025-09-15,Improved,
A001127,P03876,Oncology,Lymphoma,Urgent,2024-06-26,2024-07-11,Transferred,83135.43
A000474,P03976, Cardiology ,Myocardial Infarction,Elective,2024-03-18,2024-03-20,Recovered,29108.05
A004040,P01850,Pediatrics,Gastroenteritis,Urgent,2025-08-23,2025-08-29,Improved,16990.52
A003696,P02134,Oncology,Lymphoma,Urgent,07/06/2025,2025-07-08,Improved,28917.45
A003126,P00867,Cardiology,Arrhythmia,Emergency,04/19/2025,2025-04-24,Recovered,30770.49
A003876,P02500,General Medicine,Kidney Infection,Emergency,08/02/2025,2025-08-07,Recovered,13360.31
A000861,P03602,Pulmonology,Asthma,Emergency,2024-05-16,2024-05-19,Recovered,
A004080,P03846,General Medicine,Kidney Infection,Emergency,2025-08-29,2025-09-01,Recovered,12576.72
A004135,P01039,Neurology,Seizure Disorder,Emergency,2025-09-06,2025-09-11,Recovered,40453.67
A003176,P01729,General Medicine,Kidney Infection,Emergency,2025-04-25,2025-05-01,Recovered,15132.36
A002182,P01742,Neurology,Seizure Disorder,Emergency,2024-11-28,2024-12-05,Improved,39354.8
A004256,P01362,Pediatrics,Gastroenteritis,Emergency,2025-09-27,2025-09-28,Recovered,10630.07
A000291,P01505,Oncology,Breast Cancer,Emergency,2024-02-19,2024-02-24,Improved,68831.4
A000299,P00202,Oncology,Lymphoma,Emergency,2024-02-21,2024-02-27,Improved,63830.61
A002956,P02184,General Medicine,Sepsis,Urgent,2025-03-23,2025-03-29,Transferred,12216.76
A002130,P03678,Cardiology,Arrhythmia,Emergency,2024-11-19,2024-11-25,Improved,41895.85
A001294,P00678,Pediatrics,Bronchiolitis,Elective,2024-07-20,2024-07-23,Improved,11635.57
A000065,P03361,Cardiology,Heart Failure,Elective,2024-01-12,2024-01-14,Transferred,27863.9
A003306,P02341,Cardiology,Myocardial Infarction,Emergency,2025-05-13,2025-05-23,Improved,44930.56
A003438,P00893,Pulmonology,COPD,Elective,2025-06-03,2025-06-07,Recovered,21467.71
A003536,P02180,Cardiology,Myocardial Infarction,Elective,2025-06-16,2025-06-18,Transferred,38696.62
A001487,P00795,CARDIOLOGY,Arrhythmia,Emergency,08/17/2024,2024-08-18,Improved,32036.94
A003135,P00047,Cardiology,Heart Failure,Emergency,04/20/2025,2025-04-22,Transferred,34898.22
A002710,P03693,General Medicine,Diabetes Complication,Urgent,2025-02-15,2025-02-16,Transferred,11642.54
A000125,P02168,general medicine,Kidney Infection,Elective,2024-01-21,2024-02-07,Deceased,35623.16
A002874,P01072,Cardiology,Myocardial Infarction,Urgent,03/10/2025,2025-03-11,Improved,22972.13
A001616,P00799,Pulmonology,COPD,Emergency,09/07/2024,2024-09-11,Recovered,
A004425,P00237,Orthopedics,Joint Replacement,Emergency,2025-10-25,2025-10-27,Recovered,21515.2
A001917,P00412,General Medicine,Diabetes Complication,Emergency,2024-10-20,2024-10-24,Improved,22372.34
A004781,P03482,Neurology,Stroke,Emergency,12/16/2025,2025-12-23,Deceased,51708.27
A004064,P00834,Pediatrics,Pediatric Asthma,Emergency,08/27/2025,2025-08-30,Improved,9126.77
A000367,P02876,Orthopedics,Joint Replacement,Urgent,03/02/2024,2024-03-03,Recovered,12722.25
A004404,P00015,Oncology,Lymphoma,Emergency,2025-10-21,2025-10-24,Improved,50949.9
A004071,P02993,General Medicine,Diabetes Complication,Elective,2025-08-28,2025-08-31,Recovered,15590.19
A002605,P01895,Pediatrics,Pediatric Asthma,Emergency,2025-01-31,2025-02-05,Recovered,12031.08
A004121,P00480,Pediatrics,Pediatric Asthma,Emergency,09/04/2025,2025-09-07,Improved,11743.18
A000391,P03529,Pediatrics,Gastroenteritis,Elective,2024-03-06,2024-03-08,Recovered,9297.64
A000451,P03196,Pediatrics,Gastroenteritis,Urgent,2024-03-15,2024-03-17,Recovered,13684.45
A002519,P00420,Pulmonology,Pneumonia,Urgent,2025-01-17,2025-01-18,Improved,17117.26
A004233,P03729,pulmonology ,COPD,Emergency,2025-09-22,2025-10-03,Transferred,55289.0
A001255,P00780,Neurology,Seizure Disorder,Emergency,2024-07-15,2024-07-20,Recovered,23937.3
A003085,P03085,Orthopedics,Hip Fracture,Emergency,2025-04-11,2025-04-16,Improved,31323.51
A002816,P02251,Neurology,Stroke,Emergency,2025-03-02,2025-03-06,Improved,29992.91
A003329,P01305,Pulmonology,Pneumonia,Elective,05/16/2025,2025-05-23,Improved,34316.04
A003998,P00381,Pediatrics,Pediatric Asthma,Elective,2025-08-16,2025-08-19,Recovered,11334.61
A002676,P03274,Pulmonology,COPD,Emergency,2025-02-11,2025-02-14,Recovered,17332.34
A003785,P01294,Pediatrics,Pediatric Asthma,Emergency,2025-07-17,2025-07-21,Improved,11381.78
A003831,P00111,Pulmonology,Asthma,Emergency,07/26/2025,2025-07-28,Improved,12702.48
A000955,P01255,Pulmonology,COPD,Urgent,2024-05-29,2024-05-31,Recovered,20430.46
A004402,P03700,Oncology,Lymphoma,Emergency,2025-10-20,2025-10-23,Recovered,34553.68
A002822,P00721,Pediatrics,Bronchiolitis,Emergency,2025-03-03,2025-03-04,Recovered,9069.51
A002061,P00293,General Medicine,Sepsis,Emergency,2024-11-10,2024-11-15,Recovered,20406.47
A003455,P02626,Cardiology,Myocardial Infarction,Elective,2025-06-06,2025-06-06,Improved,18951.52
A000279,P03459,Orthopedics,Hip Fracture,Urgent,2024-02-17,2024-02-19,Recovered,26656.92
A001217,P01219,Orthopedics,Spinal Disorder,Emergency,2024-07-09,2024-07-13,Recovered,26515.78
A000735,P03207,General Medicine,Kidney Infection,Elective,2024-04-26,2024-04-30,Improved,13955.69
A001729,P00785,Cardiology,Heart Failure,Urgent,2024-09-23,2024-09-24,Recovered,34508.92
A002384,P02029,Cardiology,Myocardial Infarction,Urgent,2024-12-29,2025-01-03,Improved,51053.85
A003572,P00917,General Medicine,Kidney Infection,Emergency,2025-06-20,2025-06-23,Improved,13098.19
A004184,P01545,Pulmonology,Asthma,Emergency,2025-09-14,2025-09-23,Improved,
A003476,P02145,Orthopedics,Spinal Disorder,Elective,2025-06-09,2025-06-13,Recovered,29969.33
A001771,P02103,Pediatrics,Pediatric Asthma,Emergency,2024-09-29,2024-10-03,Transferred,11048.89
A002725,P00073,General Medicine,Sepsis,Elective,2025-02-16,2025-02-19,Recovered,23141.02
A003467,P02829,Oncology,Breast Cancer,Emergency,2025-06-08,2025-06-10,Improved,40830.82
A004335,P02267,Cardiology,Heart Failure,Emergency,2025-10-10,2025-10-14,Recovered,49644.48
A004777,P03042,Oncology,Breast Cancer,Elective,2025-12-15,2025-12-18,Improved,32026.15
A003328,P00680,General Medicine,Kidney Infection,Emergency,2025-05-16,2025-05-18,Recovered,15664.59
A001122,P02584,Oncology,Lung Cancer,Elective,2024-06-24,2024-06-27,Recovered,41219.87
A004115,P00885,Cardiology,Heart Failure,Urgent,2025-09-03,2025-09-04,Improved,34324.3
A000224,P02783,Oncology,Breast Cancer,Emergency,2024-02-08,2024-02-10,Improved,34842.26
A002751,P02243,General Medicine,Kidney Infection,Emergency,2025-02-20,2025-02-23,Improved,12551.99
A001119,P03221,Cardiology,Arrhythmia,Emergency,2024-06-23,2024-06-26,Recovered,25265.84
A000022,P00812,Orthopedics,Hip Fracture,Urgent,2024-01-04,2024-01-14,Recovered,42907.14
A000328,P00912,Pediatrics,Bronchiolitis,Emergency,2024-02-24,2024-03-05,Recovered,21117.42
A001125,P03704,General Medicine,Sepsis,Elective,2024-06-25,2024-06-29,Improved,7632.99
A000285,P01611,Neurology,Multiple Sclerosis,Elective,2024-02-18,2024-03-02,Improved,121603.12
A000809,P03155,Pediatrics,Pediatric Asthma,Emergency,2024-05-07,2024-05-10,Improved,
A000794,P00543,Pulmonology,Pneumonia,Urgent,05/05/2024,2024-05-14,Improved,43055.36
A002156,P01120,Orthopedics,Joint Replacement,Urgent,2024-11-24,2024-12-05,Improved,41392.88
A000242,P03208,Orthopedics,Spinal Disorder,Emergency,2024-02-12,2024-02-17,Recovered,39668.65
A003592,P02731,General Medicine,Sepsis,Urgent,2025-06-23,2025-07-01,Improved,26198.26
A004782,P00806,General Medicine,Kidney Infection,Emergency,12/16/2025,2025-12-20,Transferred,16334.74
A000625,P01382,Orthopedics,Joint Replacement,Emergency,2024-04-07,2024-04-10,Recovered,29598.82
A000056,P01801,Pediatrics,Pediatric Asthma,Urgent,01/10/2024,2024-01-13,Recovered,15447.09
A004210,P02292,Cardiology,Heart Failure,Emergency,2025-09-18,2025-09-23,Improved,62506.36
A001578,P02135,General Medicine,Kidney Infection,Elective,2024-09-02,2024-09-09,Recovered,23085.38
A001295,P02560,Oncology,Lymphoma,Elective,2024-07-20,,Improved,51471.76
A000900,P02807,Pulmonology,Pneumonia,Urgent,2024-05-21,2024-05-25,Recovered,22103.26
A000753,P01749,Cardiology,Heart Failure,Urgent,2024-04-29,2024-05-09,Recovered,97876.8
A002093,P02908,Neurology,Seizure Disorder,Elective,2024-11-15,2024-11-21,Recovered,35622.69
A003627,P03063,Neurology,Stroke,Emergency,2025-06-28,2025-07-01,Recovered,34692.66
A002456,P00257,Cardiology,Myocardial Infarction,Urgent,2025-01-07,2025-01-10,Recovered,32746.43
A003107,P00999,Cardiology,Heart Failure,Emergency,2025-04-15,2025-04-18,Improved,30450.21
A001477,P01953,Pediatrics,Bronchiolitis,Urgent,2024-08-15,2024-08-21,Recovered,15115.22
A003451,P03062,Cardiology,Heart Failure,Elective,06/05/2025,2025-06-08,Transferred,28298.24
A002931,P00969,General Medicine,Diabetes Complication,Urgent,2025-03-19,2025-04-01,Recovered,38709.96
A001514,P03930,Pulmonology,Pneumonia,Urgent,2024-08-21,2024-08-27,Recovered,23372.99
A003265,P03881,General Medicine,Kidney Infection,,2025-05-06,2025-05-09,Improved,10929.84
A004116,P01601,Oncology,Lung Cancer,Emergency,2025-09-03,2025-09-09,Transferred,66372.73
A004735,P03728,Oncology,Lung Cancer,Urgent,2025-12-11,2025-12-22,Recovered,55154.28
A004289,P00241,Pediatrics,Bronchiolitis,Emergency,2025-10-03,2025-10-04,Improved,
A002254,P03270,General Medicine,Kidney Infection,Urgent,2024-12-09,2024-12-11,Improved,13889.39
A000962,P02584,Oncology,Lymphoma,Emergency,2024-05-30,2024-06-10,Recovered,78464.13
A002385,P02371,Pediatrics,Gastroenteritis,Emergency,2024-12-29,2024-12-30,Transferred,7747.58
A002511,P00965,Cardiology,Heart Failure,Elective,01/15/2025,2025-01-17,Recovered,24888.67
A003936,P01341,Cardiology,Arrhythmia,Emergency,2025-08-09,2025-08-18,Recovered,50983.07
A001609,P01876,Pediatrics,Pediatric Asthma,Elective,2024-09-06,2024-09-11,Improved,13645.77
A002467,P02391,Oncology,Lymphoma,Urgent,01/09/2025,2025-01-14,Recovered,44120.83
A004488,P01916,Oncology,Lymphoma,Emergency,2025-11-04,2025-11-11,Recovered,53024.65
A003254,P03687,Pediatrics,Pediatric Asthma,Urgent,2025-05-05,2025-05-08,Improved,8127.02
A004492,P02376,Cardiology,Myocardial Infarction,Emergency,2025-11-05,2025-11-08,Recovered,34701.24
A003470,P01649,General Medicine,Kidney Infection,Emergency,2025-06-08,2025-06-10,Recovered,11775.34
A003820,P01465,Cardiology,Myocardial Infarction,Emergency,2025-07-23,2025-07-26,Transferred,30733.69
A000906,P00006,Cardiology,Arrhythmia,Emergency,2024-05-23,2024-05-28,Improved,39270.23
A004519,P00231,Orthopedics,Joint Replacement,Urgent,2025-11-08,2025-11-10,Recovered,27461.3
A003033,P03402,Oncology,Breast Cancer,Urgent,2025-04-03,,Recovered,48495.58
A001341,P03469,Pulmonology,COPD,Emergency,2024-07-26,2024-07-30,Recovered,38859.35
A004697,P00769,Pediatrics,Pediatric Asthma,Emergency,12/06/2025,2025-12-08,Recovered,9735.87
A004805,P03316,Oncology,Breast Cancer,Elective,2025-12-18,2025-12-27,Recovered,57884.01
A001489,P01655,Pediatrics,Gastroenteritis,Emergency,2024-08-17,2024-08-19,Recovered,9235.27
A000649,P00631,Pulmonology,Asthma,Emergency,2024-04-11,2024-04-16,Improved,21876.05
A001115,P03440,Oncology,Breast Cancer,Elective,2024-06-22,2024-07-04,Improved,117457.74
A002042,P02796,General Medicine,Diabetes Complication,Emergency,2024-11-07,2024-11-08,Recovered,12200.35
A004762,P00555,General Medicine,Sepsis,Emergency,12/14/2025,2025-12-17,Recovered,12311.97
A004845,P02311,Neurology,Multiple Sclerosis,Urgent,2025-12-24,2026-01-03,Recovered,67715.82
A001316,P00976,General Medicine,Diabetes Complication,Elective,2024-07-23,2024-08-01,Recovered,17880.77
A003212,P00425,Cardiology,Arrhythmia,Elective,04/29/2025,,Recovered,27936.0
A000441,P01573,Oncology,Lung Cancer,Urgent,03/14/2024,2024-03-27,Recovered,60833.21
A004486,P03750,Neurology,Stroke,Emergency,2025-11-04,2025-11-07,Improved,38061.01
A002423,P01267,Pediatrics,Gastroenteritis,Elective,2025-01-03,2025-01-10,Improved,22879.21
A003072,P03120,Oncology,Breast Cancer,Emergency,2025-04-09,2025-04-17,Recovered,43918.85
A004515,P02484,Orthopedics,Spinal Disorder,Emergency,2025-11-08,2025-11-10,Recovered,20582.09
A000153,P02532,Oncology,Lung Cancer,Urgent,2024-01-26,2024-01-29,Improved,38931.7
A003655,P01490,Oncology,Lung Cancer,Emergency,2025-07-01,2025-07-06,Recovered,46391.42
A000597,P02821,Pulmonology,COPD,Emergency,2024-04-04,2024-04-08,Improved,22089.53
A000688,P03141,Cardiology,Myocardial Infarction,Elective,2024-04-19,2024-04-27,Recovered,63296.23
A000576,P01922,General Medicine,Diabetes Complication,Elective,2024-04-02,2024-04-08,Recovered,25896.02
A001480,P03649,Orthopedics,Spinal Disorder,Emergency,2024-08-15,2024-08-20,Recovered,19957.33
A002775,P02548,Cardiology,Arrhythmia,Emergency,2025-02-23,2025-02-28,Improved,53139.56
A001447,P03882,Gen Med,Diabetes Complication,Emergency,2024-08-12,2024-08-13,Improved,8008.24
A002767,P01791,Pulmonology,Asthma,Emergency,2025-02-21,2025-02-28,Recovered,35602.93
A002305,P03022,Pediatrics,Gastroenteritis,Urgent,2024-12-17,2024-12-20,Recovered,12726.39
A000439,P00050,general medicine,Kidney Infection,Emergency,2024-03-14,2024-03-15,Recovered,13912.22
A002957,P03341,Orthopedics,Hip Fracture,Urgent,2025-03-23,2025-03-25,Improved,24953.62
A003950,P02268,Neurology,Multiple Sclerosis,Emergency,2025-08-11,2025-08-17,Transferred,37278.73
A003267,P01043,General Medicine,Kidney Infection,Emergency,2025-05-06,2025-05-10,Improved,11545.93
A002626,P02157,Oncology,Lymphoma,Emergency,2025-02-03,2025-02-05,Recovered,47070.86
A001700,P03380,Cardiology,Heart Failure,Emergency,2024-09-20,2024-09-22,Improved,31069.03
A004620,P03316,Oncology,Lung Cancer,Emergency,2025-11-23,2025-11-29,Recovered,61701.04
A001094,P00720,General Medicine,Kidney Infection,Elective,2024-06-19,2024-06-21,Improved,10175.92
A002272,P03049,Pediatrics,Pediatric Asthma,Elective,2024-12-12,2024-12-18,Deceased,13233.91
A001505,P03608,Neurology,Multiple Sclerosis,Emergency,2024-08-20,2024-08-21,Transferred,15366.08
A004401,P03373,Orthopedics,Joint Replacement,Elective,2025-10-20,2025-10-25,Recovered,40174.62
A004609,P03706,General Medicine,Sepsis,Emergency,2025-11-21,2025-11-23,Recovered,12228.08
A000156,P01207,Orthopedics,Hip Fracture,Elective,2024-01-27,2024-01-28,Recovered,26550.78
A002003,P01262,General Medicine,Kidney Infection,Emergency,2024-10-31,2024-11-03,Recovered,13146.99
A003123,P01185,Oncology,Lung Cancer,Emergency,2025-04-18,2025-04-20,Recovered,30010.71
A001777,P01240,Pediatrics,Gastroenteritis,Emergency,2024-10-01,2024-10-06,Recovered,12229.14
A004557,P01811,General Medicine,Diabetes Complication,Emergency,11/15/2025,2025-11-17,Recovered,7565.81
A001974,P00344,General Medicine,Kidney Infection,Elective,10/27/2024,2024-10-30,Recovered,
A003340,P03743,Oncology,Breast Cancer,Urgent,2025-05-18,2025-05-30,Transferred,75428.28
A002958,P01320,Orthopedics,Spinal Disorder,Emergency,2025-03-23,2025-03-29,Recovered,46754.61
A002373,P00820,Pulmonology,Asthma,Urgent,2024-12-26,2024-12-28,Recovered,11623.18
A004565,P02375,Neurology,Seizure Disorder,Emergency,2025-11-16,2025-11-20,Transferred,32350.11
A000889,P03811,General Medicine,Diabetes Complication,Elective,2024-05-19,2024-05-20,Recovered,8114.36
A001517,P03381,ortho,Hip Fracture,Emergency,08/21/2024,2024-08-26,Recovered,27546.73
A001869,P02125,Orthopaedics,Spinal Disorder,Urgent,2024-10-14,2024-10-19,Recovered,33955.92
A000762,P00588,Pediatrics,Pediatric Asthma,Elective,2024-04-30,2024-05-04,Recovered,13999.54
A004517,P00377,Cardiology,Myocardial Infarction,Urgent,2025-11-08,2025-11-14,Improved,66903.55
A000612,P03434,Neurology,Stroke,Emergency,2024-04-06,2024-04-09,Improved,30132.31
A002358,P00215,Pulmonology,COPD,Emergency,2024-12-24,2024-12-29,Recovered,30993.38
A001141,P00341,General Medicine,Sepsis,Emergency,06/28/2024,2024-06-29,Improved,7097.91
A000464,P02101,Oncology,Breast Cancer,Emergency,03/16/2024,2024-03-26,Improved,69476.59
A003059,P00908,Pediatrics,Bronchiolitis,Emergency,2025-04-07,2025-04-08,Improved,3834.81
A002923,P01458,Orthopedics,Spinal Disorder,Emergency,2025-03-18,2025-03-20,Recovered,24716.4
A003661,P03723,General Medicine,Kidney Infection,Elective,2025-07-02,2025-07-08,Recovered,17231.77
A003459,P01758,Cardiology,Arrhythmia,Elective,2025-06-06,2025-06-09,Improved,51841.91
A002205,P00976,Orthopedics,Joint Replacement,Emergency,2024-12-01,2023-12-31,Recovered,34562.85
A002690,P02005,Orthopedics,Joint Replacement,Urgent,2025-02-13,2025-02-16,Improved,18109.24
A000200,P00027,Cardiology,Myocardial Infarction,Emergency,2024-02-04,2024-02-12,Recovered,76340.73
A003314,P00847,Pediatrics,Gastroenteritis,Elective,2025-05-14,2025-05-16,Recovered,9776.58
A003648,P02091,Cardiology,Myocardial Infarction,Elective,2025-06-30,2025-07-10,Recovered,62775.89
A004831,P01056,General Medicine,Diabetes Complication,Urgent,12/21/2025,2025-12-26,Improved,21324.44
A000055,P01637,Pediatrics,Bronchiolitis,Urgent,2024-01-10,2024-01-11,Transferred,8202.18
A003394,P03272,General Medicine,Sepsis,Urgent,2025-05-25,2025-06-01,Improved,20438.41
A001759,P03917,Pediatrics,Pediatric Asthma,Emergency,2024-09-28,2024-09-29,Improved,8311.91
A004187,P02211,Cardiology,Heart Failure,Elective,09/14/2025,2025-09-22,Recovered,26586.27
A004123,P02118,Oncology,Lung Cancer,Emergency,2025-09-05,2025-09-07,Recovered,31681.63
A000090,P00150,Pediatrics,Gastroenteritis,Emergency,01/16/2024,2024-01-25,Recovered,19810.64
A000758,P00289,General Medicine,Diabetes Complication,Urgent,2024-04-30,2024-05-02,Improved,10798.67
A002027,P02192,pulmonology ,Pneumonia,Emergency,2024-11-05,2024-11-09,Transferred,35049.4
A003905,P03629,Cardiology,Myocardial Infarction,Emergency,2025-08-05,2025-08-11,Recovered,58664.65
A001211,P02281,Oncology,Lymphoma,Urgent,07/08/2024,2024-07-10,Improved,36838.73
A004459,P01196,Orthopedics,Hip Fracture,Urgent,2025-10-30,2025-11-06,Recovered,30025.84
A004324,P02291,Oncology,Lymphoma,Emergency,2025-10-09,2025-10-10,Recovered,25864.73
A002709,P03095,Cardiology,Myocardial Infarction,Emergency,2025-02-15,2025-02-20,Improved,31716.12
A003913,P01078,Pediatrics,Gastroenteritis,Emergency,08/06/2025,2025-08-13,Improved,12934.64
A003433,P02313,Orthopedics,Hip Fracture,Elective,2025-06-02,2025-06-05,Recovered,33942.31
A000707,P02304,Gen Med,Sepsis,Emergency,2024-04-22,2024-05-03,Transferred,24741.96
A002634,P01106,Pediatrics,Gastroenteritis,Emergency,2025-02-05,2025-02-08,Recovered,16046.6
A004671,P00072,Pediatrics,Gastroenteritis,Urgent,2025-12-01,2025-12-03,Recovered,9924.8
A000040,P02737,General Medicine,Kidney Infection,Emergency,2024-01-07,2024-01-07,Improved,9192.26
A002283,P01784,Neurology,Seizure Disorder,Urgent,2024-12-13,2024-12-24,Recovered,38383.35
A004414,P01521,Neurology,Multiple Sclerosis,Emergency,2025-10-23,2025-10-26,Recovered,19881.27
A004192,P03171,pulmonology ,Asthma,Emergency,2025-09-15,2025-09-21,Recovered,27889.63
A004559,P02884,Pediatrics,Bronchiolitis,Emergency,2025-11-15,2025-11-17,Recovered,6436.09
A000669,P00909,Oncology,Breast Cancer,Emergency,2024-04-15,2024-04-16,Deceased,29424.72
A000567,P01742,Neurology,Seizure Disorder,Urgent,2024-03-31,2024-04-05,Recovered,43508.84
A001874,P03324,Orthopedics,Joint Replacement,Emergency,2024-10-15,2024-10-17,Recovered,26595.16
A002370,P02137,Pulmonology,Pneumonia,Emergency,12/26/2024,2025-01-11,Recovered,70687.6
A001766,P02708,Gen Med,Kidney Infection,Elective,2024-09-28,2024-09-30,Recovered,6837.67
A003502,P02766,Pulmonology,Asthma,Emergency,2025-06-12,2025-06-14,Recovered,19012.32
A001159,P02462,Neurology,Seizure Disorder,Urgent,2024-07-01,2024-07-15,Recovered,78508.26
A003253,P03288,Oncology,Lymphoma,Emergency,2025-05-05,2025-05-06,Improved,35843.42
A001361,P02631,Orthopedics,Spinal Disorder,Emergency,2024-07-29,2024-07-29,Improved,19330.31
A001325,P00710,General Medicine,Sepsis,Elective,2024-07-24,2024-07-31,Recovered,26956.48
A001698,P00268,Neurology,Stroke,Emergency,2024-09-19,2024-09-25,Improved,31423.31
A000340,P00775,General Medicine,Sepsis,Emergency,2024-02-27,2024-03-01,Improved,12501.16
A003145,P01256,Pediatrics,Pediatric Asthma,Emergency,2025-04-21,2025-04-23,Recovered,8768.14
A004480,P00529,Pulmonology,Asthma,Emergency,2025-11-02,2025-11-07,Improved,28666.43
A002955,P00194,Neurology,Stroke,Emergency,2025-03-23,2025-03-26,Recovered,25128.01
A002871,P01274,General Medicine,Diabetes Complication,Elective,03/10/2025,2025-03-14,Improved,10894.21
A001120,P03106,Oncology,Lung Cancer,Emergency,2024-06-24,2024-06-27,Recovered,34887.11
A004540,P00798,general medicine,Sepsis,Emergency,2025-11-11,2025-11-13,Recovered,16263.34
A002551,P01562,Pulmonology,Asthma,Emergency,2025-01-22,2025-01-26,Improved,24363.16
A003551,P03583,Oncology,Lymphoma,Emergency,2025-06-17,2025-06-19,Recovered,35367.6
A002416,P01677,Pediatrics,Pediatric Asthma,Urgent,2025-01-02,,Recovered,10225.17
A003688,P02337,Cardiology,Myocardial Infarction,Emergency,2025-07-05,2025-07-18,Improved,65311.27
A001527,P02293,General Medicine,Diabetes Complication,Emergency,08/24/2024,2024-08-28,Recovered,12117.0
A000481,P00280,Pediatrics,Bronchiolitis,Urgent,2024-03-19,2024-03-21,Recovered,6614.41
A000646,P02030,Orthopedics,Spinal Disorder,Elective,2024-04-10,2024-04-11,Recovered,17936.43
A002849,P01973,General  Medicine,Sepsis,Elective,2025-03-06,2025-03-07,Improved,9077.57
A002477,P00229,Cardiology,Heart Failure,Urgent,01/09/2025,2025-01-10,Recovered,38036.6
A000448,P01092,Oncology,Breast Cancer,Emergency,2024-03-15,2024-03-31,Recovered,102679.33
A000011,P02919,Cardiology,Heart Failure,Elective,2024-01-02,2024-01-05,Recovered,35788.01
A001329,P03992,Orthopedics,Hip Fracture,Emergency,2024-07-25,2024-07-30,Recovered,23916.98
A001961,P00089,General Medicine,Diabetes Complication,Emergency,2024-10-25,2024-10-25,Recovered,7504.18
A003138,P01126,General Medicine,Diabetes Complication,Elective,2025-04-20,2025-04-29,Recovered,28264.77
A004471,P01145,General Medicine,Kidney Infection,Emergency,2025-10-31,2025-11-05,Recovered,20336.19
A003914,P02831,Cardiology,Heart Failure,Urgent,2025-08-06,2025-08-10,Deceased,33241.35
A003299,P02386,General Medicine,Diabetes Complication,Urgent,2025-05-12,2025-05-17,Recovered,
A000385,P00334,Pulmonology,COPD,Emergency,2024-03-05,2024-03-08,Improved,23571.65
A001827,P03168,Cardiology,Heart Failure,Emergency,2024-10-08,2024-10-19,Recovered,72611.77
A001454,P03395,Oncology,Lung Cancer,Emergency,2024-08-12,2024-08-28,Recovered,84676.66
A002661,P02281,Orthopedics,Spinal Disorder,Elective,2025-02-08,2025-02-12,Recovered,30444.66
A004423,P01195,Pulmonology,COPD,Emergency,2025-10-25,2025-11-04,Recovered,48533.85
A001451,P03600,Oncology,Lymphoma,Emergency,2024-08-12,2024-08-18,Improved,49837.08
A000691,P03910,Oncology,Breast Cancer,Emergency,2024-04-19,2024-04-23,Deceased,69040.75
A003788,P01015,Neurology,Multiple Sclerosis,Elective,2025-07-18,2025-07-22,Improved,25493.69
A002692,P03674,Pediatrics,Bronchiolitis,Urgent,2025-02-13,,Recovered,4484.0
A004562,P00001,Pediatrics,Gastroenteritis,Urgent,2025-11-16,2025-11-17,Recovered,8385.68
A000888,P02113,Pulmonology,Asthma,Urgent,2024-05-19,2024-05-29,Improved,42045.0
A004659,P02187,Neurology,Stroke,Elective,2025-11-28,2025-12-13,Improved,74023.11
A001584,P03767,Cardiology,Myocardial Infarction,Urgent,09/03/2024,2024-09-07,Transferred,48202.46
A004070,P00910,Pediatrics,Bronchiolitis,Emergency,08/28/2025,2025-08-31,Recovered,12422.28
A003029,P02665,Cardiology,Myocardial Infarction,Elective,2025-04-03,2025-04-05,Improved,27762.12
A002397,P02163,Neurology,Seizure Disorder,Emergency,2024-12-30,2024-12-30,Recovered,16070.92
A000260,P00013,Orthopedics,Joint Replacement,Emergency,2024-02-15,2024-02-22,Improved,48588.6
A000304,P03280,Cardiology,Heart Failure,Emergency,2024-02-21,2024-02-22,Transferred,16199.35
A003383,P03372,General Medicine,Sepsis,Urgent,2025-05-23,2025-05-26,Improved,12393.58
A003047,P03752,Neurology,Seizure Disorder,Emergency,2025-04-05,2025-04-09,Improved,19986.67
A001761,P01313,Neurology,Stroke,Elective,2024-09-28,2024-10-02,Recovered,41981.45
A000096,P01614,Oncology,Breast Cancer,Urgent,2024-01-17,2024-01-23,Improved,46310.68
A002141,P02522,Pediatrics,Pediatric Asthma,Emergency,2024-11-21,2024-11-23,Recovered,8890.46
A002059,P01914,General Medicine,Kidney Infection,Emergency,2024-11-10,2024-11-16,Recovered,19123.03
A000671,P03302,General Medicine,Kidney Infection,Emergency,2024-04-15,2024-04-15,Recovered,11672.39
A003933,P03830,Pediatrics,Gastroenteritis,Emergency,2025-08-08,2025-08-14,Improved,16378.46
A002930,P02485,Cardiology,Heart Failure,Urgent,2025-03-19,2025-03-29,Improved,
A000578,P02279,General Medicine,Sepsis,Urgent,2024-04-02,2024-04-06,Transferred,15757.01
A004329,P03582,Oncology,Lung Cancer,Emergency,2025-10-10,2025-10-14,Recovered,62724.33
A000607,P00551,Neurology,Multiple Sclerosis,Urgent,2024-04-05,2024-04-11,Improved,40639.18
A000144,P01389,Cardiology,Heart Failure,Urgent,01/25/2024,2024-02-05,Recovered,57552.33
A004398,P01186,Oncology,Lymphoma,Elective,2025-10-20,2025-11-04,Improved,
A004385,P02224,Oncology,Lung Cancer,Emergency,2025-10-17,2025-10-19,Transferred,27951.06
A004815,P02000,Orthopedics,Joint Replacement,Urgent,2025-12-19,2025-12-23,Transferred,18948.39
A004551,P00450,Pulmonology,Pneumonia,Elective,2025-11-14,2025-11-18,Improved,27221.1
A000674,P02099,Orthopedics,Spinal Disorder,Emergency,2024-04-16,2024-04-28,Recovered,35789.89
A000759,P03885,Pediatrics,Gastroenteritis,Emergency,2024-04-30,2024-05-01,Transferred,
A003086,P01040,Cardiology,Arrhythmia,Emergency,2025-04-12,2025-04-18,Transferred,33687.51
A002662,P01200,Orthopedics,Spinal Disorder,Emergency,2025-02-08,2025-02-12,Improved,54830.57
A003773,P02763,Pulmonology,Pneumonia,Urgent,2025-07-16,2025-07-21,Transferred,22961.92
A003666,P02974, Cardiology ,Arrhythmia,Emergency,2025-07-02,2025-07-08,Recovered,50042.56
A004046,P00172,Pediatrics,Gastroenteritis,Emergency,2025-08-24,2025-08-25,Improved,4715.82
A001600,P00242,General Medicine,Sepsis,Urgent,2024-09-04,2024-09-06,Improved,9146.35
A003670,P02317,Pediatrics,Pediatric Asthma,Emergency,2025-07-03,2025-07-05,Recovered,8090.34
A001764,P00410,Pediatrics,Pediatric Asthma,Elective,2024-09-28,,Recovered,11803.49
A001193,P03548,Neurology,Seizure Disorder,Urgent,2024-07-06,2024-07-13,Recovered,54851.2
A003716,P02088,General Medicine,Diabetes Complication,Urgent,07/09/2025,,Transferred,14393.96
A004728,P02795,Pediatrics,Gastroenteritis,Elective,2025-12-10,2025-12-10,Recovered,8396.67
A004757,P01569,Oncology,Breast Cancer,Elective,2025-12-13,2025-12-20,Improved,82184.72
A001881,P02264,General Medicine,Diabetes Complication,Emergency,2024-10-16,2024-10-19,Recovered,17993.65
A000679,P01803,Oncology,Breast Cancer,Emergency,2024-04-17,2024-04-19,Improved,36632.59
A003113,P00024,Neurology,Stroke,Emergency,2025-04-16,2025-04-21,Improved,39141.45
A001260,P01544,Orthopedics,Spinal Disorder,Emergency,07/16/2024,2024-07-21,Recovered,25427.86
A000705,P02870,Neurology,Stroke,Emergency,2024-04-22,2024-04-27,Recovered,23431.67
A003426,P02552,Cardiology,Heart Failure,Emergency,2025-05-30,,Recovered,60206.78
A000515,P03024,General Medicine,Kidney Infection,Emergency,2024-03-23,2024-03-25,Improved,8642.88
A000135,P00124,General Medicine,Sepsis,Emergency,2024-01-24,2024-01-31,Improved,26008.72
A003803,P00848,Pediatrics,Bronchiolitis,Urgent,07/20/2025,2025-07-21,Recovered,8365.55
A003083,P01744,Pediatrics,Pediatric Asthma,Elective,2025-04-11,2025-04-13,Improved,5139.5
A000783,P01384,Cardiology,Arrhythmia,Elective,2024-05-03,2024-05-05,Improved,30371.63
A000503,P00312,General Medicine,Kidney Infection,Urgent,2024-03-22,2024-03-28,Recovered,7943.98
A000983,P01647,Pulmonology,COPD,Elective,06/01/2024,2024-06-09,Improved,34313.9
A002950,P00949,Oncology,Lung Cancer,Urgent,2025-03-21,2025-04-05,Recovered,78670.41
A004209,P02265,Pediatrics,Gastroenteritis,Emergency,2025-09-18,2025-09-20,Recovered,9520.31
A003339,P02494,Orthopedics,Spinal Disorder,Emergency,2025-05-17,2025-05-19,Transferred,26570.94
A004660,P02043,General Medicine,Sepsis,Urgent,2025-11-28,2023-12-31,Recovered,10892.58
A004360,P01493,Pediatrics,Gastroenteritis,Elective,2025-10-14,2025-10-18,Improved,12918.15
A004674,P01793,Pulmonology,Asthma,Emergency,2025-12-02,2025-12-11,Improved,
A003358,P00763,General Medicine,Kidney Infection,Emergency,05/20/2025,2025-05-23,Improved,11163.11
A000623,P02709,Neurology,Multiple Sclerosis,Elective,2024-04-07,2024-04-13,Deceased,26872.74
A001214,P01161,Oncology,Lymphoma,Urgent,2024-07-08,2024-07-15,Recovered,49947.22
A004311,P00540,Pediatrics,Gastroenteritis,Urgent,2025-10-07,2025-10-12,Recovered,17345.17
A004591,P02043,General Medicine,Diabetes Complication,Urgent,2025-11-19,2025-11-22,Transferred,12464.93
A000382,P02823,Pediatrics,Gastroenteritis,Emergency,2024-03-04,2024-03-06,Improved,11102.15
A003523,P03896,Neurology,Seizure Disorder,Emergency,2025-06-14,2025-06-29,Recovered,78281.36
A002031,P02418,Orthopedics,Joint Replacement,Emergency,11/05/2024,2024-11-06,Transferred,13601.01
A004222,P03033,Orthopedics,Spinal Disorder,Urgent,2025-09-20,2025-09-28,Recovered,61781.47
A004399,P02790,pulmonology ,Pneumonia,Urgent,2025-10-20,2025-10-30,Improved,47202.29
A002286,P01737,General Medicine,Diabetes Complication,Urgent,2024-12-13,2024-12-21,Recovered,17828.51
A003684,P00277,Orthopedics,Hip Fracture,Emergency,2025-07-05,2025-07-12,Recovered,50883.68
A003842,P00116,Orthopaedics,Joint Replacement,Elective,07/26/2025,2025-07-29,Recovered,29529.04
A000006,P00443,Pediatrics,Gastroenteritis,Emergency,2024-01-01,2024-01-09,Improved,15595.76
A001991,P00044,General Medicine,Diabetes Complication,Emergency,2024-10-29,2024-11-03,Recovered,20329.27
A004586,P01249,Neurology,Multiple Sclerosis,Emergency,2025-11-19,2025-11-27,Recovered,67010.25
A002608,P02528,Cardiology,Heart Failure,Emergency,2025-02-01,2025-02-06,Recovered,30408.89
A001668,P01430,Cardiology,Heart Failure,Emergency,2024-09-16,2024-09-20,Recovered,18618.26
A001290,P02915,General Medicine,Diabetes Complication,Emergency,2024-07-20,2024-07-24,Recovered,10906.08
A003144,P00743,General Medicine,Kidney Infection,Emergency,2025-04-21,2025-04-24,Recovered,11108.46
A002173,P01199,Oncology,Lung Cancer,Emergency,2024-11-27,2024-11-29,Recovered,29831.26
A001532,P03511,Orthopedics,Hip Fracture,Urgent,2024-08-24,2024-09-03,Recovered,54019.16
A004587,P01455,Pulmonology,Pneumonia,Emergency,2025-11-19,2025-11-20,Recovered,12743.83
A002990,P03234,Pediatrics,Bronchiolitis,Urgent,2025-03-28,2025-03-31,Recovered,8909.15
A004160,P01911,Pediatrics,Bronchiolitis,Elective,09/09/2025,2025-09-13,Improved,14822.33
A004841,P02195,Pulmonology,Pneumonia,Elective,2025-12-23,2025-12-29,Recovered,32892.7
A002289,P01475,Orthopedics,Joint Replacement,Urgent,2024-12-13,2024-12-24,Recovered,109436.89
A002644,P00085,General Medicine,Diabetes Complication,Emergency,2025-02-06,2025-02-08,Recovered,19497.81
A003437,P02612,Orthopedics,Spinal Disorder,Urgent,2025-06-03,2025-06-07,Recovered,59028.53
A001314,P01868,Pulmonology,Pneumonia,Urgent,2024-07-22,2024-07-27,Transferred,21133.71
A000929,P00499,Orthopedics,Hip Fracture,Emergency,2024-05-26,2024-06-01,Recovered,41171.37
A003481,P02313,Orthopedics,Spinal Disorder,Emergency,2025-06-09,2025-06-09,Recovered,19198.91
A001080,P03442,Pediatrics,Bronchiolitis,Urgent,06/17/2024,2024-06-17,Transferred,5805.62
A003805,P02832,Neurology,Stroke,Emergency,2025-07-21,2025-07-24,Transferred,36138.6
A001426,P03969,General Medicine,Sepsis,Emergency,2024-08-09,2024-08-15,Recovered,13411.8
A002216,P00756,General Medicine,Kidney Infection,Emergency,2024-12-03,2024-12-06,Improved,16838.38
A001135,P03363,Pediatrics,Gastroenteritis,Emergency,2024-06-27,2024-07-01,Transferred,12018.95
A003249,P02494,Orthopedics,Hip Fracture,Emergency,2025-05-04,2025-05-07,Recovered,29574.42
A001659,P01861,General Medicine,Sepsis,Emergency,2024-09-15,2024-09-17,Improved,11874.91
A001275,P00426,Cardiology,Arrhythmia,Elective,2024-07-18,2024-07-26,Recovered,63284.75
A001407,P02022,Oncology,Breast Cancer,Emergency,2024-08-06,2024-08-16,Recovered,67980.19
A002861,P03902,General Medicine,Kidney Infection,Urgent,2025-03-08,2025-03-12,Recovered,22446.64
A000485,P01159,Cardiology,Myocardial Infarction,Emergency,2024-03-20,2024-03-23,Recovered,37805.19
A004089,P00226,Neurology,Stroke,Emergency,08/30/2025,2025-09-03,Recovered,23027.25
A002468,P01307,General Medicine,Diabetes Complication,Urgent,2025-01-09,2025-01-12,Recovered,17035.62
A000893,P00456,Cardiology,Myocardial Infarction,Emergency,2024-05-20,2024-05-27,Recovered,46059.28
A001642,P01583,Cardiology,Arrhythmia,Emergency,09/11/2024,2024-09-15,Recovered,38222.78
A000851,P03331,Neurology,Multiple Sclerosis,Urgent,2024-05-14,2024-05-30,Improved,83114.05
A004570,P00496,Oncology,Breast Cancer,Emergency,11/17/2025,2025-11-26,Recovered,105001.25
A001677,P03362,Pulmonology,COPD,Emergency,09/17/2024,2024-09-29,Recovered,24072.44
A002192,P03425,Orthopedics,Spinal Disorder,Emergency,2024-11-29,2024-12-02,Improved,20685.2
A001345,P00341,Cardiology,Arrhythmia,Emergency,2024-07-27,2024-08-03,Transferred,77022.86
A000995,P01821,Neurology,Multiple Sclerosis,Elective,2024-06-03,2024-06-10,Recovered,44904.03
A003838,P02294,Cardiology,Arrhythmia,Emergency,2025-07-26,2025-07-28,Improved,25447.53
A002298,P01041,Neurology,Stroke,Emergency,12/16/2024,2024-12-18,Recovered,23198.9
A000327,P02703,Pulmonology,Pneumonia,Emergency,2024-02-24,2024-03-04,Improved,32925.54
A001666,P02578,Neurology,Stroke,Emergency,2024-09-15,2024-09-22,Improved,24152.79
A001483,P02155,General Medicine,Diabetes Complication,Elective,2024-08-16,2024-08-20,Improved,17457.98
A004542,P00084,Neurology,Multiple Sclerosis,Emergency,2025-11-12,2025-11-18,Improved,63292.71
A000813,P03124,Orthopedics,Hip Fracture,Emergency,2024-05-08,2024-05-10,Transferred,23307.51
A002303,P03825,general medicine,Diabetes Complication,Urgent,2024-12-17,2024-12-21,Recovered,15684.33
A002443,P00372,General Medicine,Sepsis,Emergency,2025-01-06,2025-01-08,Recovered,11733.15
A003373,P00825,Oncology,Breast Cancer,Urgent,2025-05-22,2025-05-27,Improved,41083.11
A004073,P01252,Gen Med,Kidney Infection,Emergency,2025-08-28,2025-08-31,Recovered,11103.86
A003483,P01115,General Medicine,Sepsis,Emergency,2025-06-09,2025-06-11,Transferred,8558.97
A000588,P00354,Orthopedics,Spinal Disorder,Urgent,2024-04-02,2024-04-07,Transferred,34195.25
A002586,P00056,Pediatrics,Bronchiolitis,Elective,2025-01-28,2025-02-02,Recovered,17136.73
A002045,P02347,Cardiology,Myocardial Infarction,Emergency,2024-11-07,2024-11-10,Recovered,25507.47
A002005,P00017,Orthopedics,Joint Replacement,Urgent,2024-10-31,2024-11-03,Recovered,27002.25
A003207,P03006,Pulmonology,COPD,Emergency,2025-04-29,2025-05-05,Recovered,35145.55
A001276,P00802,Orthopedics,Spinal Disorder,Emergency,2024-07-19,2024-07-27,Recovered,41468.2
A003535,P00301,Orthopedics,Spinal Disorder,Emergency,2025-06-16,2025-06-21,Recovered,31503.21
A001629,P03925,Oncology,Lymphoma,Emergency,09/09/2024,2024-09-11,Transferred,32243.73
A004525,P03144,General Medicine,Kidney Infection,Emergency,2025-11-09,2025-11-15,Recovered,14195.93
A003317,P01318,Pulmonology,Asthma,Elective,2025-05-15,2025-05-16,Improved,15500.82
A002051,P02912,Pediatrics,Bronchiolitis,Elective,2024-11-09,2024-11-13,Improved,13685.81
A002670,P02675,ortho,Spinal Disorder,Emergency,2025-02-10,2025-02-14,Transferred,27530.38
A002368,P02567,General Medicine,Kidney Infection,Urgent,2024-12-26,2025-01-01,Improved,16182.93
A003898,P02419,General Medicine,Diabetes Complication,Emergency,2025-08-04,2025-08-07,Recovered,13215.69
A003973,P00441,Oncology,Lung Cancer,Emergency,2025-08-13,2025-08-19,Improved,51428.8
A000095,P01207,Orthopedics,Hip Fracture,Urgent,01/17/2024,2024-01-20,Transferred,27926.69
A001506,P01741,Orthopedics,Hip Fracture,Emergency,2024-08-20,2024-08-29,Improved,46803.34
A003366,P01462,Cardiology,Myocardial Infarction,Emergency,2025-05-21,2025-05-22,Improved,25359.92
A003142,P03827,Pulmonology,Asthma,Emergency,2025-04-20,2025-05-08,Recovered,89081.28
A001977,P01857,Orthopedics,Joint Replacement,Emergency,2024-10-27,2024-10-30,Recovered,19578.43
A002161,P03045,Pediatrics,Gastroenteritis,Emergency,2024-11-25,2024-11-29,Recovered,6763.16
A001334,P00699,Pediatrics,Gastroenteritis,Urgent,2024-07-26,2024-07-28,Improved,14269.38
A004812,P00342,Cardiology,Myocardial Infarction,Emergency,2025-12-19,,Improved,33258.28
A003781,P03953,Cardiology,Myocardial Infarction,Emergency,07/17/2025,2025-07-20,Recovered,42581.52
A000725,P00142,Orthopedics,Hip Fracture,Emergency,2024-04-25,2024-04-26,Recovered,23039.56
A004630,P03305,Pediatrics,Pediatric Asthma,Emergency,2025-11-24,2025-11-28,Recovered,20153.97
A003166,P02075,General Medicine,Diabetes Complication,Urgent,2025-04-24,2025-04-26,Recovered,14135.4
A002308,P03244,Oncology,Lung Cancer,Emergency,12/18/2024,2024-12-20,Transferred,45937.13
A003794,P02594,Pediatrics,Pediatric Asthma,Emergency,07/19/2025,2025-07-20,Recovered,8744.13
A003352,P00039,Pulmonology,Pneumonia,Emergency,2025-05-20,2025-05-23,Improved,21641.05
A002402,P02445,Cardiology,Heart Failure,Emergency,12/31/2024,2025-01-01,Recovered,24864.72
A000933,P02325,Pulmonology,Asthma,Emergency,2024-05-26,2024-06-02,Recovered,30961.14
A004085,P00281,Neurology,Seizure Disorder,Emergency,2025-08-29,2025-09-03,Transferred,30381.33
A004461,P03368,Pulmonology,Asthma,Emergency,2025-10-30,2025-11-02,Improved,27597.07
A002572,P00754,General Medicine,Kidney Infection,Emergency,01/25/2025,2025-01-27,Improved,15478.5
A003136,P01402,Cardiology,Arrhythmia,Emergency,2025-04-20,2025-04-28,Recovered,28706.06
A004740,P03273,Cardiology,Myocardial Infarction,Emergency,2025-12-11,2025-12-11,Recovered,17484.03
A003486,P03846,General Medicine,Sepsis,Emergency,2025-06-10,2025-06-12,Transferred,14586.3
A001293,P02443,Pediatrics,Bronchiolitis,Elective,2024-07-20,2024-07-21,Recovered,6843.69
A002630,P01501,Pulmonology,Pneumonia,Emergency,2025-02-04,2025-02-12,Recovered,27621.44
A000606,P02020,Orthopedics,Joint Replacement,Emergency,2024-04-05,2024-04-13,Improved,41463.42
A004176,P01137,Neurology,Multiple Sclerosis,Elective,2025-09-12,2025-09-14,Improved,17920.5
A002970,P02835,Cardiology,Arrhythmia,Emergency,03/25/2025,2025-03-30,Recovered,36460.9
A000904,P01204,Oncology,Lymphoma,Emergency,2024-05-22,2024-06-04,Recovered,98331.83
A003507,P00284,Orthopedics,Spinal Disorder,Emergency,2025-06-12,2025-06-14,Recovered,24375.35
A003770,P01025,Cardiology,Heart Failure,Elective,2025-07-16,2025-08-14,Recovered,139150.58
A002240,P03807,Pediatrics,Bronchiolitis,Elective,2024-12-06,2024-12-11,Improved,9727.2
A001811,P03191,Pediatrics,Pediatric Asthma,Emergency,2024-10-06,2024-10-12,Improved,12650.72
A000346,P02574,Pulmonology,COPD,Urgent,2024-02-28,2024-03-03,Recovered,27231.69
A002787,P02971,Cardiology,Heart Failure,Urgent,02/25/2025,2025-02-26,Transferred,19483.8
A004868,P02203,Pediatrics,Bronchiolitis,Emergency,2025-12-27,2025-12-31,Improved,15516.81
A004359,P03993,Pediatrics,Pediatric Asthma,Emergency,10/14/2025,2025-10-16,Recovered,6843.79
A002521,P00855,General Medicine,Diabetes Complication,Elective,2025-01-17,2025-01-21,Recovered,12378.88
A003088,P02272,Orthopedics,Hip Fracture,Emergency,2025-04-12,2025-04-16,Improved,37740.13
A004250,P00869,Oncology,Lymphoma,Emergency,09/24/2025,2025-10-05,Recovered,59388.98
A002184,P03596,General Medicine,Sepsis,Emergency,2024-11-28,2024-11-30,Recovered,10684.91
A001661,P01503,Orthopedics,Joint Replacement,Emergency,2024-09-15,2024-09-22,Recovered,45855.89
A000497,P01054,Orthopedics,Spinal Disorder,Elective,2024-03-21,2024-03-30,Recovered,44653.84
A003321,P02434,Orthopedics,Hip Fracture,Emergency,05/15/2025,2025-05-19,Transferred,27681.85
A004599,P02879,Orthopedics,Spinal Disorder,Elective,2025-11-20,2025-11-26,Recovered,26070.43
A002606,P03494,cardiology,Arrhythmia,Elective,2025-01-31,2025-02-03,Recovered,36582.86
A002647,P02303,Orthopedics,Joint Replacement,Urgent,2025-02-07,2025-02-11,Improved,38937.23
A004890,P01227,Pediatrics,Pediatric Asthma,Elective,12/30/2025,2026-01-02,Recovered,9613.38
A001992,P01322,General Medicine,Diabetes Complication,Emergency,2024-10-29,2024-10-31,Transferred,8375.56
A001440,P02248,Pediatrics,Pediatric Asthma,Elective,2024-08-11,2024-08-14,Recovered,6904.4
A003537,P01767,Orthopedics,Hip Fracture,Emergency,2025-06-16,2025-06-17,Recovered,22663.38
A000262,P01919,Cardiology,Heart Failure,Elective,2024-02-15,2024-02-19,Recovered,20937.75
A001366,P01461,General Medicine,Diabetes Complication,Emergency,2024-07-31,2024-07-31,Recovered,8391.93
A004822,P00179,general medicine,Sepsis,Elective,2025-12-20,2025-12-26,Recovered,17204.48
A001720,P00395,General Medicine,Diabetes Complication,Emergency,2024-09-22,2024-09-26,Recovered,10796.48
A001643,P01772,Cardiology,Arrhythmia,Urgent,09/11/2024,2024-09-16,Recovered,47984.18
A001145,P00178,Pediatrics,Gastroenteritis,Elective,2024-06-29,2024-07-03,Improved,12448.66
A003907,P03212,Pulmonology,Pneumonia,Emergency,08/06/2025,2025-08-09,Recovered,17772.25
A000840,P00832,Cardiology,Myocardial Infarction,Emergency,05/11/2024,2024-05-17,Transferred,60385.86
A003008,P01604,Cardiology,Arrhythmia,Urgent,2025-03-31,2025-04-01,Recovered,34526.56
A001604,P02234,Pediatrics,Pediatric Asthma,Emergency,2024-09-05,2024-09-08,Recovered,12348.36
A002726,P00204,Oncology,Lymphoma,Emergency,2025-02-16,2025-02-24,Recovered,54595.89
A003341,P00817,Pediatrics,Gastroenteritis,Elective,2025-05-18,2025-05-20,Recovered,10163.29
A002199,P01119,General Medicine,Sepsis,Elective,2024-12-01,2024-12-03,Improved,11861.58
A000557,P02170,Cardiology,Myocardial Infarction,Emergency,2024-03-29,2024-04-04,Recovered,52700.61
A000622,P01496, Cardiology ,Arrhythmia,Urgent,2024-04-07,2024-04-11,Improved,35132.13
A002395,P00474,General Medicine,Diabetes Complication,Emergency,2024-12-30,2025-01-04,Improved,17447.23
A002055,P00039,General Medicine,Sepsis,Urgent,2024-11-09,2024-11-11,Transferred,14572.68
A000722,P00363,Pulmonology,Asthma,Urgent,2024-04-24,2024-04-28,Transferred,28393.91
A001958,P03130, Cardiology ,Heart Failure,Urgent,2024-10-25,2024-11-01,Recovered,41070.45
A002345,P01662,Orthopedics,Hip Fracture,Urgent,12/22/2024,2024-12-25,Recovered,31096.07
A000196,P00099,Pulmonology,COPD,Urgent,2024-02-04,2024-02-12,Recovered,35191.59
A002629,P03398,Cardiology,Heart Failure,Emergency,02/03/2025,2025-02-09,Transferred,65870.55
A001705,P00005,General Medicine,Kidney Infection,Urgent,2024-09-20,2024-09-23,Recovered,18448.19
A000589,P02051,Pediatrics,Bronchiolitis,Emergency,2024-04-03,2024-04-04,Recovered,10312.64
A001466,P00380,Oncology,Breast Cancer,Emergency,2024-08-14,2024-08-19,Recovered,56214.64
A004159,P01950,Orthopedics,Joint Replacement,Emergency,09/09/2025,2025-09-15,Improved,61044.46
A003681,P03228,General Medicine,Kidney Infection,Emergency,2025-07-05,2025-07-08,Recovered,9447.12
A001560,P03661,Cardiology,Arrhythmia,Emergency,2024-08-29,2024-09-03,Improved,36994.16
A000335,P01913,Pediatrics,Gastroenteritis,,2024-02-26,2024-03-02,Improved,10459.92
A004769,P00107,Oncology,Lymphoma,Emergency,2025-12-14,2025-12-18,Improved,42266.74
A002415,P00402,Cardiology,Arrhythmia,Emergency,2025-01-02,2025-01-04,Improved,47349.51
A004617,P02394,General Medicine,Kidney Infection,Urgent,11/22/2025,2025-11-26,Recovered,15661.39
A000823,P03528,Pediatrics,Gastroenteritis,Urgent,2024-05-09,2024-05-11,Recovered,8069.04
A002528,P02014,Neurology,Stroke,Elective,2025-01-19,2025-01-24,Recovered,23291.78
A001385,P02444,General Medicine,Diabetes Complication,Elective,2024-08-03,2024-08-07,Deceased,14720.18
A001867,P00867,Cardiology,Myocardial Infarction,Emergency,2024-10-14,2024-10-26,Improved,76772.15
A003899,P00052,Neurology,Multiple Sclerosis,Urgent,2025-08-04,2025-08-12,Recovered,50723.23
A002067,P00273,Pediatrics,Pediatric Asthma,Urgent,2024-11-11,2024-11-11,Recovered,7864.45
A000167,P00464,Orthopedics,Joint Replacement,Urgent,2024-01-29,2024-02-01,Transferred,32755.3
A000656,P03542,General Medicine,Diabetes Complication,Emergency,2024-04-12,2024-04-15,Improved,18809.88
A003200,P02446,General Medicine,Kidney Infection,Urgent,2025-04-28,2025-05-04,Improved,26952.7
A001302,P01212,Cardiology,Arrhythmia,Elective,2024-07-21,2024-07-23,Improved,33364.9
A004015,P00214,Neurology,Stroke,Emergency,2025-08-19,2025-08-31,Improved,44499.85
A004203,P02697,Pediatrics,Bronchiolitis,Emergency,09/18/2025,,Recovered,9711.58
A003996,P00924,Pediatrics,Bronchiolitis,Emergency,2025-08-16,2025-08-18,Improved,8724.6
A000611,P02641,Cardiology,Arrhythmia,Urgent,2024-04-06,2024-04-08,Recovered,26666.82
A001523,P03045,Pediatrics,Pediatric Asthma,Emergency,2024-08-23,2024-08-25,Improved,10204.05
A000381,P03973,Pediatrics,Pediatric Asthma,Elective,2024-03-04,2024-03-08,Recovered,11366.09
A002261,P02947,Oncology,Lymphoma,Emergency,2024-12-10,2024-12-18,Improved,63254.75
A003662,P01752,Orthopedics,Hip Fracture,Emergency,2025-07-02,2025-07-06,Recovered,48259.75
A000198,P01957,Pulmonology,COPD,Urgent,2024-02-04,2024-02-10,Improved,18028.37
A003640,P00229,Cardiology,Heart Failure,Urgent,2025-06-29,2025-07-04,Transferred,41092.41
A003690,P02866,Pediatrics,Gastroenteritis,Emergency,2025-07-05,2025-07-07,Improved,7295.93
A002354,P01039,Neurology,Seizure Disorder,Urgent,2024-12-23,2024-12-25,Recovered,30701.15
A000957,P02094,Orthopedics,Joint Replacement,Elective,05/29/2024,2024-06-07,Transferred,51051.83
A003300,P00854,Neurology,Seizure Disorder,Emergency,05/12/2025,2025-05-23,Recovered,49390.34
A000342,P00014,Pulmonology,Pneumonia,Elective,2024-02-27,2024-03-01,Recovered,23267.47
A001948,P00476,Neurology,Stroke,Emergency,2024-10-24,2024-10-25,Improved,26362.5
A001566,P00414,Pediatrics,Gastroenteritis,Emergency,2024-08-30,2024-08-31,Recovered,8907.47
A003745,P00743,General Medicine,Diabetes Complication,Emergency,2025-07-11,2025-07-17,Improved,17863.67
A002134,P03491,Pediatrics,Bronchiolitis,Urgent,11/20/2024,2024-11-23,Recovered,9696.97
A001664,P01846,General Medicine,Sepsis,Urgent,2024-09-15,2024-09-19,Recovered,17241.03
A001902,P03219,Orthopedics,Spinal Disorder,,10/18/2024,,Deceased,
A002699,P03901,Oncology,Lung Cancer,Elective,02/14/2025,2025-03-03,Improved,98047.1
A003863,P00299,Cardiology,Arrhythmia,Emergency,2025-07-30,2025-07-31,Recovered,13530.37
A003101,P01097,Oncology,Breast Cancer,Emergency,04/14/2025,2025-04-15,Improved,29607.61
A001445,P02781,General Medicine,Sepsis,Emergency,2024-08-11,2024-08-13,Recovered,11127.49
A001364,P02738,Pediatrics,Bronchiolitis,Urgent,2024-07-31,2024-08-02,Recovered,11342.8
A001546,P03005,General Medicine,Diabetes Complication,Emergency,08/26/2024,2024-08-29,Transferred,7392.29
A000594,P01662,Orthopedics,Joint Replacement,Emergency,04/04/2024,2024-04-09,Improved,36256.97
A004458,P02247,General Medicine,Kidney Infection,Elective,2025-10-30,2025-10-31,Recovered,8343.97
A003582,P01234,Neurology,Multiple Sclerosis,Emergency,2025-06-21,2025-06-22,Improved,24082.07
A001871,P03321,Pediatrics,Gastroenteritis,Emergency,2024-10-15,2024-10-18,Recovered,11601.66
A000917,P01940,Cardiology,Heart Failure,Emergency,2024-05-24,2024-05-24,Improved,19436.42
A002320,P03292,Orthopedics,Hip Fracture,Emergency,2024-12-19,2024-12-31,Improved,62214.64
A000527,P01561,Oncology,Breast Cancer,Emergency,2024-03-26,2024-04-05,Recovered,61807.81
A000015,P02757,Neurology,Stroke,Urgent,2024-01-03,2024-01-05,Recovered,20221.24
A001728,P03388,Orthopaedics,Hip Fracture,Emergency,2024-09-23,2024-09-26,Recovered,32602.62
A002908,P00849,Pulmonology,Pneumonia,Emergency,2025-03-15,2025-03-19,Recovered,35126.17
A003291,P00833,Cardiology,Heart Failure,Elective,2025-05-11,2025-05-17,Improved,46236.21
A003458,P00489,Oncology,Lung Cancer,Urgent,2025-06-06,2025-06-10,Recovered,32059.94
A002594,P03078,Orthopedics,Spinal Disorder,Urgent,2025-01-29,2025-01-30,Recovered,19488.73
A004198,P03952,General Medicine,Sepsis,Emergency,2025-09-16,2025-09-18,Recovered,10015.21
A004475,P01138,Oncology,Breast Cancer,Emergency,2025-11-01,2025-11-08,Deceased,41572.54
A004682,P02499,Pediatrics,Gastroenteritis,Elective,2025-12-04,2025-12-07,Recovered,11482.27
A000370,P00148,Orthopedics,Joint Replacement,Urgent,2024-03-02,2024-03-07,Transferred,34872.05
A004843,P00927,General Medicine,Sepsis,Elective,12/23/2025,2025-12-24,Recovered,8544.42
A002486,P00771,General Medicine,Kidney Infection,Elective,2025-01-11,2025-01-13,Improved,13638.58
A003686,P03773,Pulmonology,Asthma,Emergency,2025-07-05,2025-07-09,Transferred,16567.7
A000548,P01426,Pulmonology,Pneumonia,Emergency,2024-03-28,2024-04-01,Recovered,17362.3
A002214,P00143,Oncology,Breast Cancer,Emergency,2024-12-03,2024-12-12,Improved,90752.41
A000848,P01381,Pulmonology,Pneumonia,Emergency,2024-05-13,2024-05-21,Transferred,29181.7
A000528,P00853,Neurology,Stroke,Elective,2024-03-26,2024-03-30,Recovered,19706.2
A003651,P03759,Pediatrics,Gastroenteritis,Urgent,2025-07-01,2025-07-02,Improved,8134.35
A002179,P03686,Pediatrics,Bronchiolitis,Urgent,2024-11-27,2024-11-28,Improved,5109.7
A004610,P03236,General Medicine,Kidney Infection,Emergency,2025-11-21,2025-11-22,Improved,11772.51
A003386,P01966,General Medicine,Kidney Infection,Emergency,05/24/2025,2025-05-29,Improved,24210.5
A000101,P00640,Oncology,Lymphoma,Elective,2024-01-18,2024-01-22,Deceased,32914.22
A002905,P03748,Pulmonology,Pneumonia,Urgent,2025-03-15,2025-03-26,Recovered,41832.25
A000387,P01026,Pediatrics,Gastroenteritis,Emergency,2024-03-05,2024-03-08,Improved,10218.05
A003155,P00608,Orthopedics,Spinal Disorder,Emergency,04/22/2025,2025-04-24,Recovered,20901.43
A002573,P03790,Cardiology,Heart Failure,Urgent,2025-01-26,,Improved,29680.83
A004223,P00022,Cardiology,Heart Failure,Urgent,2025-09-20,2025-09-28,Improved,42664.99
A002949,P01879,General Medicine,Diabetes Complication,Emergency,2025-03-21,2025-03-22,Improved,14916.8
A002108,P02104,Pediatrics,Gastroenteritis,Emergency,11/17/2024,2024-11-20,Improved,10606.49
A003758,P03561,Pediatrics,Gastroenteritis,Elective,2025-07-13,2025-07-15,Recovered,8857.34
A002043,P03008,General Medicine,Kidney Infection,Emergency,2024-11-07,2024-11-09,Recovered,17058.33
A003193,P03033,Orthopedics,Spinal Disorder,Urgent,2025-04-27,2025-04-29,Improved,25887.51
A000305,P03226,Pulmonology,COPD,Elective,2024-02-21,2024-02-24,Improved,19676.22
A000719,P00514,General Medicine,Diabetes Complication,Elective,04/23/2024,2024-04-30,Improved,31182.97
A002507,P03188,Pulmonology,Pneumonia,Urgent,2025-01-14,2025-01-20,Recovered,32059.16
A003244,P01175,Pediatrics,Gastroenteritis,Emergency,2025-05-04,2025-05-09,Improved,15779.16
A000119,P03604,Oncology,Lymphoma,Emergency,2024-01-20,2024-01-21,Recovered,31106.72
A000869,P01110,Pediatrics,Bronchiolitis,Emergency,2024-05-17,2024-05-21,Improved,14134.34
A000897,P02397,Cardiology,Myocardial Infarction,Urgent,2024-05-21,2024-05-26,Recovered,31683.19
A004693,P00797,Cardiology,Myocardial Infarction,Elective,2025-12-05,2025-12-13,Recovered,52209.28
A002786,P01111,pulmonology ,Pneumonia,Urgent,2025-02-25,2025-03-04,Recovered,28841.98
A003340,P03743,Oncology,Breast Cancer,Urgent,2025-05-18,2025-05-30,Transferred,75428.28
A003731,P00690,Orthopedics,Spinal Disorder,Urgent,2025-07-10,2025-07-21,Transferred,60207.54
A001197,P00964,General Medicine,Sepsis,Emergency,2024-07-06,2024-07-10,Transferred,11480.12
A000918,P00718,Cardiology,Heart Failure,Emergency,2024-05-24,2024-05-31,Transferred,42735.1
A004879,P02570,Pulmonology,COPD,Elective,2025-12-29,,Transferred,39664.83
A003034,P00344,General Medicine,Kidney Infection,Emergency,2025-04-03,2025-04-06,Improved,9091.56
A000475,P03586,Cardiology,Heart Failure,Emergency,2024-03-18,2024-03-24,Improved,36212.51
A000403,P01642,Pediatrics,Gastroenteritis,Urgent,2024-03-08,2024-03-10,Recovered,10137.35
A004750,P01883,Pediatrics,Gastroenteritis,Emergency,2025-12-13,2025-12-20,Recovered,17383.55
A000333,P01136,Pediatrics,Pediatric Asthma,Elective,2024-02-26,2024-03-01,Recovered,16506.27
A000240,P03626,Orthopedics,Spinal Disorder,Urgent,2024-02-11,,Recovered,17071.04
A002733,P00934,Pulmonology,COPD,Urgent,2025-02-17,2025-02-20,Transferred,14295.88
A000647,P03910,Oncology,Breast Cancer,Urgent,2024-04-10,2024-04-16,Recovered,73364.66
A004074,P03821,Pediatrics,Bronchiolitis,Urgent,2025-08-29,2025-09-01,Transferred,7558.96
A001836,P00053,Orthopedics,Spinal Disorder,Emergency,2024-10-09,2024-10-12,Improved,34694.73
A004082,P00734,General Medicine,Diabetes Complication,Emergency,2025-08-29,2025-08-31,Recovered,9286.08
A003320,P01673,CARDIOLOGY,Myocardial Infarction,Urgent,05/15/2025,2025-05-19,Recovered,47747.82
A000436,P02170,Cardiology,Heart Failure,Emergency,03/13/2024,2024-03-20,Recovered,33103.83
A003151,P01559,Pulmonology,Pneumonia,Elective,2025-04-22,,Improved,20326.33
A000748,P01983,Pediatrics,Bronchiolitis,Elective,2024-04-28,2024-05-01,Recovered,15693.68
A001228,P02959,Orthopedics,Hip Fracture,Emergency,2024-07-11,2024-07-15,Recovered,25539.0
A004553,P03881,Pulmonology,Pneumonia,Elective,2025-11-14,2025-11-17,Improved,13194.77
A003811,P02031,Neurology,Multiple Sclerosis,Emergency,2025-07-22,2025-08-01,Recovered,67978.92
A001180,P01516,General Medicine,Kidney Infection,Emergency,2024-07-04,2024-07-09,Recovered,17385.95
A000744,P02279,Neurology,Stroke,Urgent,2024-04-27,2024-05-07,Recovered,61590.04
A004662,P03110,Pulmonology,Pneumonia,Urgent,2025-11-29,2025-12-02,Improved,24142.18
A001455,P03857,Neurology,Multiple Sclerosis,Emergency,2024-08-12,2024-08-17,Recovered,40599.75
A004787,P02672,Orthopedics,Spinal Disorder,Elective,2025-12-16,2025-12-18,Improved,28482.77
A002569,P01156,Neurology,Stroke,Urgent,2025-01-25,2025-01-27,Transferred,25422.54
A001908,P02017,General Medicine,Sepsis,Emergency,10/19/2024,2024-10-25,Improved,17808.28
A001530,P02125,Cardiology,Myocardial Infarction,Emergency,2024-08-24,,Transferred,13824.4
A004231,P03612,Orthopedics,Hip Fracture,Elective,2025-09-22,2025-09-24,Recovered,22631.0
A003168,P01385,Cardiology,Myocardial Infarction,Elective,2025-04-24,2025-04-30,Improved,43791.29
A004012,P00364,General Medicine,Kidney Infection,Elective,08/18/2025,2025-08-25,Recovered,17240.27
A002880,P00291,Orthopedics,Hip Fracture,Elective,03/11/2025,2025-03-13,Improved,31777.03
A004474,P02846,Oncology,Lymphoma,Urgent,2025-11-01,2025-11-06,Recovered,46111.31
A000443,P03346,Oncology,Lymphoma,Elective,2024-03-14,2024-03-17,Improved,33233.39
A004102,P02182,Pulmonology,Asthma,Emergency,2025-09-01,2025-09-06,Recovered,24017.95
A001825,P00844,Pediatrics,Bronchiolitis,Emergency,2024-10-08,2024-10-10,Transferred,11074.59
A002669,P03998,Oncology,Breast Cancer,,2025-02-10,2025-02-22,Recovered,84172.44
A001352,P01647,Pulmonology,COPD,Emergency,2024-07-28,2024-07-30,Transferred,20517.97
A000168,P01171,General Medicine,Diabetes Complication,Urgent,01/29/2024,2024-02-02,Recovered,10486.52
A003092,P01809,Pediatrics,Gastroenteritis,Urgent,2025-04-13,2025-04-14,Improved,6200.86
A004855,P03174,General Medicine,Diabetes Complication,Emergency,2025-12-25,2025-12-31,Deceased,18871.31
A001160,P01865,Cardiology,Myocardial Infarction,Emergency,2024-07-01,2024-07-03,Improved,27698.4
A004258,P00445,Cardiology,Heart Failure,Urgent,2025-09-27,,Transferred,26007.43
A003405,P02148,Orthopedics,Joint Replacement,Elective,2025-05-27,2025-05-31,Recovered,33998.2
A002906,P02735,General Medicine,Kidney Infection,Emergency,2025-03-15,2025-03-19,Recovered,13405.77
A003117,P01815,Cardiology,Myocardial Infarction,Emergency,2025-04-17,2025-04-19,Recovered,26809.12
A000160,P00227,Gen Med,Sepsis,Urgent,2024-01-28,2024-02-01,Improved,16004.27
A004725,P02087,Neurology,Multiple Sclerosis,Urgent,2025-12-09,2025-12-10,Improved,20585.99
A003827,P03237,Orthopedics,Spinal Disorder,Emergency,07/24/2025,2025-07-27,Recovered,22066.82
A001891,P00491,Neurology,Multiple Sclerosis,Elective,10/18/2024,2024-10-25,Recovered,39670.43
A003659,P02448,Pulmonology,Pneumonia,Elective,2025-07-01,2025-07-04,Recovered,19774.2
A000194,P01207,Orthopedics,Joint Replacement,Urgent,2024-02-04,2024-02-07,Recovered,32738.87
A001073,P00923,Oncology,Breast Cancer,Elective,2024-06-16,2024-06-21,Deceased,51534.18
A000885,P01753,General Medicine,Sepsis,Urgent,2024-05-19,2024-05-20,Recovered,10628.11
A001087,P00890,Orthopedics,Spinal Disorder,Urgent,2024-06-19,2024-06-24,Recovered,44084.13
A002734,P02874,General Medicine,Diabetes Complication,Urgent,2025-02-17,2025-02-20,Recovered,14118.72
A004806,P00888,General Medicine,Kidney Infection,Emergency,2025-12-18,2025-12-20,Improved,8611.21
A002954,P00209,General Medicine,Kidney Infection,Elective,2025-03-22,2025-03-28,Recovered,19456.73
A002288,P03783,Pediatrics,Bronchiolitis,Emergency,2024-12-13,2024-12-20,Recovered,10192.33
A000702,P03405,Pulmonology,Pneumonia,Elective,2024-04-21,2024-04-27,Recovered,36549.34
A002340,P01388,Pulmonology,Asthma,Emergency,2024-12-21,2024-12-23,Transferred,16907.84
A003067,P02685,Oncology,Lung Cancer,Elective,04/09/2025,2025-04-14,Improved,39934.75
A002082,P01312,Orthopedics,Hip Fracture,Emergency,2024-11-13,2024-11-19,Recovered,32524.89
A001146,P03396,Neurology,Stroke,Urgent,2024-06-29,2024-07-02,Improved,28121.02
A003995,P01450,Pediatrics,Bronchiolitis,Elective,2025-08-16,2025-08-21,Improved,12193.69
A001493,P02219,Cardiology,Arrhythmia,Emergency,2024-08-18,2024-08-21,Recovered,34036.49
A002341,P00770,Cardiology,Heart Failure,Urgent,2024-12-21,2024-12-23,Improved,36782.44
A004418,P01623,Oncology,Breast Cancer,Emergency,2025-10-24,2025-10-30,Recovered,54749.42
A000637,P03207,General Medicine,Diabetes Complication,Emergency,2024-04-08,2024-04-12,Recovered,18973.26
A003363,P00001,Pediatrics,Bronchiolitis,Urgent,05/21/2025,2025-05-23,Recovered,12911.09
A003418,P02156,Oncology,Lymphoma,Emergency,2025-05-29,2025-06-04,Transferred,43042.54
A000905,P03001,Neurology,Seizure Disorder,Elective,2024-05-22,2024-05-30,Recovered,41814.74
A004029,P01443,Cardiology,Myocardial Infarction,Urgent,2025-08-21,2025-08-25,Improved,31067.26
A004811,P00397,Pediatrics,Gastroenteritis,Urgent,2025-12-19,2025-12-23,Recovered,
A004713,P03477,Oncology,Breast Cancer,,2025-12-08,2025-12-20,Improved,61489.42
A000677,P02724,Oncology,Breast Cancer,Emergency,2024-04-16,2024-04-29,Transferred,104065.15
A003588,P02830,Pediatrics,Bronchiolitis,Elective,06/22/2025,2025-06-25,Improved,10898.53
A004076,P03344,Pulmonology,Pneumonia,Emergency,2025-08-29,2025-09-08,Recovered,31373.43
A000400,P03751,Oncology,Breast Cancer,Emergency,2024-03-07,2024-04-04,Improved,152597.15
A000549,P02660,Pediatrics,Pediatric Asthma,Emergency,2024-03-28,2024-03-29,Recovered,6459.59
A000482,P01853,Gen Med,Diabetes Complication,Emergency,2024-03-19,2024-03-27,Transferred,31434.17
A002128,P02010,General Medicine,Kidney Infection,Emergency,2024-11-19,2024-11-23,Recovered,15608.57
A003605,P02067,General Medicine,Sepsis,Emergency,2025-06-24,2025-06-27,Recovered,
A004624,P02492,Orthopedics,Spinal Disorder,Elective,11/23/2025,2025-11-24,Improved,39034.95
A001104,P03954,pulmonology ,Pneumonia,Emergency,06/20/2024,,Recovered,14213.95
A001585,P01570,Neurology,Seizure Disorder,Urgent,2024-09-03,2024-09-09,Improved,49764.92
A002459,P00070,Pulmonology,COPD,Emergency,01/08/2025,2025-01-17,Recovered,40482.47
A001893,P01084,Oncology,Lymphoma,Emergency,2024-10-18,2024-10-20,Transferred,34851.94
A002070,P00121,Pulmonology,COPD,Emergency,2024-11-11,2024-11-14,Recovered,15302.37
A001586,P03038,Pediatrics,Bronchiolitis,Emergency,2024-09-03,2024-09-05,Recovered,4354.3
A004243,P02026,Cardiology,Heart Failure,Emergency,2025-09-24,2025-09-29,Recovered,51691.96
A004172,P03234,Pediatrics,Pediatric Asthma,Emergency,2025-09-12,2025-09-14,Improved,12536.23
A001794,P03656,Orthopedics,Joint Replacement,Emergency,2024-10-03,2024-10-10,Recovered,26217.74
A000964,P01740,General Medicine,Sepsis,Urgent,2024-05-30,2024-05-31,Improved,9655.78
A000608,P03484,Cardiology,Arrhythmia,Emergency,2024-04-05,2024-04-10,Improved,30156.53
A004395,P02209,Oncology,Lymphoma,Emergency,2025-10-20,2025-10-23,Improved,32425.5
A004867,P00170,Pediatrics,Pediatric Asthma,Emergency,2025-12-27,2025-12-31,Improved,13657.93
A003311,P02712,Pediatrics,Bronchiolitis,Emergency,2025-05-14,2025-05-16,Recovered,9020.03
A001603,P03470,Orthopedics,Joint Replacement,Emergency,2024-09-05,2024-09-10,Recovered,25846.64
A002532,P01828,Orthopedics,Hip Fracture,Elective,01/19/2025,2025-01-27,Recovered,47869.05
A000151,P03721,General Medicine,Diabetes Complication,Emergency,2024-01-26,2024-01-30,Improved,13486.87
A000988,P01244,Pulmonology,Asthma,Emergency,2024-06-02,2024-06-14,Recovered,-61599.44
A004167,P00766,Oncology,Breast Cancer,Emergency,2025-09-11,2025-09-12,Recovered,20561.34
A003602,P01452,Pediatrics,Pediatric Asthma,Emergency,2025-06-24,2025-06-25,Recovered,7815.62
A004365,P03573,Pulmonology,Asthma,Emergency,2025-10-15,2025-10-18,Recovered,18300.91
A002673,P03616,Oncology,Lung Cancer,Emergency,2025-02-10,2025-02-18,Recovered,67094.05
A000959,P01922,General Medicine,Sepsis,Urgent,2024-05-29,2024-06-01,Recovered,6999.83
A001336,P02305,Pulmonology,Asthma,Urgent,2024-07-26,2024-08-03,Transferred,30912.07
A000341,P01141,Oncology,Breast Cancer,Urgent,2024-02-27,2024-03-08,Recovered,98027.65
A000408,P02998,general medicine,Diabetes Complication,Emergency,2024-03-10,2024-03-12,Improved,7783.98
A002111,P00627,Cardiology,Myocardial Infarction,Emergency,11/17/2024,2024-11-20,Recovered,29839.72
A003403,P01928,Pediatrics,Bronchiolitis,Emergency,2025-05-27,2025-05-31,Improved,8649.83
A001730,P03664,Cardiology,Arrhythmia,Emergency,09/23/2024,2024-10-04,Improved,53547.35
A004455,P00527,Neurology,Seizure Disorder,Elective,2025-10-30,2025-11-11,Recovered,43987.46
A002084,P01593,Cardiology,Heart Failure,Elective,2024-11-14,2024-11-26,Improved,95178.08
A004680,P01551,General Medicine,Sepsis,Urgent,2025-12-03,2025-12-08,Recovered,17733.91
A000446,P00014,Pulmonology,Pneumonia,Urgent,2024-03-14,2024-03-16,Transferred,16571.74
A003768,P00919,General Medicine,Sepsis,Urgent,2025-07-15,2025-07-16,Improved,8373.42
A000690,P02525,Pediatrics,Bronchiolitis,Elective,04/19/2024,2024-04-22,Recovered,10258.28
A002390,P00028,General Medicine,Kidney Infection,Emergency,2024-12-30,2025-01-05,Transferred,16661.43
A004111,P02651,Orthopedics,Hip Fracture,Emergency,2025-09-02,2025-09-05,Recovered,27835.43
A003347,P00078,Cardiology,Myocardial Infarction,Emergency,2025-05-19,2025-05-23,Transferred,27493.06
A001736,P02045,Neurology,Stroke,Elective,2024-09-24,2024-09-28,Improved,26923.75
A004618,P00611,Cardiology,Arrhythmia,Emergency,2025-11-23,2025-12-10,Recovered,102717.68
A002091,P01821,Neurology,Stroke,Emergency,2024-11-15,2024-11-20,Transferred,22363.1
A001262,P03614,Pediatrics,Bronchiolitis,Elective,2024-07-16,2024-07-20,Improved,18214.6
A001637,P00794,General Medicine,Kidney Infection,Elective,2024-09-11,2024-09-12,Recovered,9534.65
A001061,P02520,Neurology,Multiple Sclerosis,Elective,2024-06-14,2024-06-18,Recovered,49190.03
A001775,P02403,Orthopedics,Hip Fracture,Elective,2024-09-30,2024-10-02,Recovered,13001.34
A004694,P01263,Oncology,Breast Cancer,Emergency,2025-12-05,2025-12-16,Recovered,100239.15
A003308,P00109,Cardiology,Heart Failure,Emergency,2025-05-13,2025-05-14,Recovered,22543.47
A002715,P00569,Orthopedics,Spinal Disorder,Elective,2025-02-15,2025-02-18,Deceased,26642.94
A003822,P02315,cardiology,Myocardial Infarction,Elective,07/23/2025,2025-07-25,Recovered,35032.57
A000697,P03605,General Medicine,Diabetes Complication,Emergency,2024-04-21,2024-04-25,Improved,17539.94
A001721,P03519,Pulmonology,Pneumonia,Emergency,2024-09-22,2024-09-24,Recovered,20239.88
A000565,P02964,Pediatrics,Pediatric Asthma,Urgent,2024-03-30,2024-04-03,Improved,15276.4
A001063,P03933,Cardiology,Arrhythmia,Urgent,2024-06-14,2024-06-16,Recovered,26571.6
A003580,P00544,Pediatrics,Pediatric Asthma,Emergency,06/21/2025,2025-06-27,Improved,8073.06
A001129,P02024,Oncology,Breast Cancer,Emergency,2024-06-26,2024-07-01,Improved,80046.81
A003380,P03232,Cardiology,Myocardial Infarction,Emergency,2025-05-23,2025-05-30,Recovered,28005.43
A002277,P03923,Pulmonology,Pneumonia,Urgent,2024-12-12,2024-12-16,Improved,24831.6
A000842,P01556,Pediatrics,Bronchiolitis,Emergency,2024-05-11,2024-05-14,Improved,9404.15
A003018,P02398,Cardiology,Myocardial Infarction,Urgent,2025-04-02,2025-04-05,Improved,36538.24
A002056,P03324,Orthopedics,Joint Replacement,Urgent,2024-11-10,2024-11-12,Recovered,24337.02
A003294,P01108,Pulmonology,Asthma,Emergency,2025-05-11,,Recovered,22948.37
A003509,P03154,General Medicine,Sepsis,Emergency,2025-06-12,2025-06-16,Recovered,17014.15
A001131,P01706,Cardiology,Arrhythmia,Emergency,2024-06-26,2024-06-30,Recovered,46002.36
A000271,P02608,Pulmonology,Pneumonia,Emergency,2024-02-17,2024-02-26,Recovered,40399.33
A001957,P01259,General Medicine,Diabetes Complication,Emergency,2024-10-25,2024-10-27,Recovered,17598.86
A003849,P00584,Pediatrics,Bronchiolitis,,2025-07-28,2025-07-31,Transferred,10792.14
A002538,P00767,Cardiology,Arrhythmia,Emergency,2025-01-20,2025-01-24,Improved,43425.67
A004852,P02897,Cardiology,Arrhythmia,Emergency,12/25/2025,2026-01-01,Transferred,36318.99
A003001,P03374,Neurology,Multiple Sclerosis,Emergency,2025-03-30,2025-04-02,Recovered,34152.55
A001631,P03584,General Medicine,Kidney Infection,Emergency,2024-09-09,2024-09-14,Recovered,18909.5
A004257,P01099,Pediatrics,Bronchiolitis,Urgent,2025-09-27,2025-09-29,Improved,7669.94
A002306,P03420,Cardiology,Myocardial Infarction,Urgent,2024-12-17,2024-12-21,Recovered,38817.0
A001396,P03354,Oncology,Lung Cancer,Emergency,2024-08-04,2024-08-13,Improved,
A002256,P01644,General Medicine,Sepsis,Elective,2024-12-09,2024-12-13,Transferred,17001.55
A002824,P01173,Pulmonology,Pneumonia,Urgent,2025-03-03,2025-03-19,Recovered,54166.87
A002520,P00724,Pediatrics,Bronchiolitis,Emergency,2025-01-17,2025-01-22,Recovered,12466.73
A001076,P02759,Oncology,Lymphoma,Emergency,2024-06-16,2024-06-27,Recovered,75691.07
A004809,P00506,Neurology,Multiple Sclerosis,Urgent,2025-12-18,2025-12-24,Improved,51304.8
A004370,P02112,General Medicine,Sepsis,Emergency,2025-10-15,2025-10-17,Recovered,9151.61
A001539,P00627,Cardiology,Arrhythmia,Emergency,2024-08-25,2024-08-29,Recovered,26989.24
A000490,P02050,Oncology,Lung Cancer,Emergency,2024-03-20,2024-03-24,Recovered,52043.41
A001304,P00984,General Medicine,Kidney Infection,Emergency,2024-07-21,2024-07-25,Recovered,13607.64
A002757,P00085,General Medicine,Kidney Infection,Emergency,02/20/2025,2025-02-22,Recovered,13059.54
A003829,P00571, Cardiology ,Myocardial Infarction,Elective,2025-07-25,2025-07-27,Recovered,
A000207,P01725,General Medicine,Sepsis,Elective,02/06/2024,2024-02-13,Recovered,13244.92
A004174,P00645,Oncology,Breast Cancer,Emergency,2025-09-12,2025-09-20,Recovered,91621.19
A000776,P00286,General Medicine,Kidney Infection,Urgent,2024-05-02,2024-05-12,Recovered,24951.24
A001562,P00023,Pediatrics,Pediatric Asthma,Urgent,2024-08-30,2024-09-01,Recovered,7278.44
A001553,P03789,General Medicine,Kidney Infection,Urgent,2024-08-28,2024-09-03,Deceased,30191.81
A000245,P00947,Orthopedics,Joint Replacement,Emergency,2024-02-12,2024-02-22,Recovered,63937.42
A003096,P01138,Oncology,Breast Cancer,Emergency,04/13/2025,2025-04-19,Recovered,58196.99
A000425,P02537,Neurology,Seizure Disorder,Emergency,2024-03-12,2024-03-16,Improved,43043.67
A000769,P02840,Neurology,Seizure Disorder,Urgent,2024-05-01,2024-05-06,Recovered,35617.09
A004217,P02579,Cardiology,Heart Failure,Emergency,2025-09-20,2025-09-24,Transferred,31415.72
A003846,P03781,Pediatrics,Pediatric Asthma,Emergency,2025-07-27,2025-07-28,Improved,4771.01
A004208,P02911,Pediatrics,Pediatric Asthma,Emergency,2025-09-18,2025-09-19,Recovered,9532.01
A004539,P02133,Neurology,Stroke,Emergency,2025-11-11,2025-11-18,Recovered,23486.67
A000320,P03580,Pediatrics,Bronchiolitis,Emergency,2024-02-23,2024-02-26,Recovered,11698.23
A001731,P01125,Gen Med,Kidney Infection,Emergency,2024-09-23,2024-09-27,Recovered,22702.55
A001240,P03166,Cardiology,Myocardial Infarction,Urgent,2024-07-12,2024-07-15,Recovered,28825.45
A001186,P03455,Pulmonology,COPD,Emergency,2024-07-05,2024-07-15,Recovered,33436.99
A001549,P03734,Oncology,Lymphoma,Urgent,2024-08-27,2024-09-03,Recovered,124669.31
A000912,P01178,Cardiology,Heart Failure,Emergency,2024-05-23,2024-05-26,Deceased,31563.94
A000513,P00332,Pulmonology,Asthma,Elective,2024-03-23,2024-03-30,Transferred,32906.81
A002942,P02151,Pulmonology,Pneumonia,Elective,2025-03-21,2025-03-25,Improved,17130.13
A000779,P03074,Cardiology,Myocardial Infarction,Urgent,05/02/2024,2024-05-16,Improved,65937.9
A003556,P03906,Cardiology,Myocardial Infarction,Emergency,2025-06-17,2025-06-20,Recovered,29825.2
A002819,P00314,General Medicine,Kidney Infection,Emergency,2025-03-02,2025-03-07,Improved,16320.75
A002533,P00157,Pediatrics,Bronchiolitis,Emergency,2025-01-20,2025-01-21,Improved,7558.09
A001179,P02720,Pediatrics,Pediatric Asthma,Elective,07/04/2024,2024-07-06,Recovered,16504.05
A004518,P01554,Neurology,Stroke,Urgent,2025-11-08,2025-11-13,Improved,30502.84
A003601,P00449,General Medicine,Kidney Infection,Urgent,2025-06-24,2025-06-27,Transferred,20889.61
A004533,P01053,General Medicine,Diabetes Complication,Urgent,2025-11-10,2025-11-17,Recovered,25217.76
A004513,P03982,Pediatrics,Pediatric Asthma,Emergency,2025-11-07,2025-11-08,Improved,7106.78
A003864,P02654,Oncology,Lung Cancer,Elective,2025-07-30,2025-08-04,Recovered,48447.08
A001648,P03370,Pediatrics,Pediatric Asthma,Emergency,2024-09-12,2024-09-16,Transferred,13927.38
A004199,P01104,Pediatrics,Bronchiolitis,Urgent,2025-09-17,,Improved,-5719.36
A002868,P02478,Pediatrics,Pediatric Asthma,Urgent,2025-03-09,2025-03-12,Improved,9286.05
A000805,P00971,General Medicine,Sepsis,Emergency,2024-05-06,2024-05-10,Improved,12651.48
A002190,P00770,Cardiology,Myocardial Infarction,Emergency,2024-11-28,,Improved,23012.04
A000643,P02418,Orthopedics,Joint Replacement,Urgent,2024-04-10,2024-04-11,Recovered,20512.53
A001940,P00399,Cardiology,Myocardial Infarction,Urgent,2024-10-22,2024-10-24,Deceased,28914.22
A002581,P01120,General Medicine,Sepsis,Emergency,2025-01-27,2025-01-30,Recovered,13769.21
A000456,P03213,General Medicine,Diabetes Complication,Urgent,2024-03-16,2024-03-19,Recovered,25717.79
A001832,P00574,Pediatrics,Gastroenteritis,Elective,2024-10-09,2024-10-12,Transferred,7961.61
A003056,P00763,General Medicine,Diabetes Complication,Emergency,2025-04-07,2025-04-09,Recovered,12090.46
A004692,P02003,Cardiology,Heart Failure,Emergency,2025-12-05,2025-12-08,Transferred,35707.65
A004538,P00538,Pediatrics,Pediatric Asthma,Emergency,11/11/2025,2025-11-12,Recovered,12922.69
A000306,P01877,Orthopedics,Spinal Disorder,Emergency,02/21/2024,2024-02-27,Recovered,46859.49
A003239,P03726,Oncology,Lung Cancer,Urgent,2025-05-03,2025-05-05,Recovered,25094.8
A003929,P03892,General Medicine,Diabetes Complication,Elective,2025-08-08,2025-08-12,Recovered,14010.01
A001140,P01406,Pediatrics,Bronchiolitis,Emergency,2024-06-28,2024-07-01,Improved,6198.53
A000051,P02213,Orthopedics,Joint Replacement,Emergency,2024-01-10,2024-01-12,Recovered,27631.58
A000559,P00773,Pediatrics,Gastroenteritis,Elective,2024-03-30,2024-03-30,Recovered,6279.61
A002915,P03671,Pediatrics,Pediatric Asthma,Emergency,2025-03-16,2025-03-18,Deceased,9544.49
A003263,P00962,Neurology,Multiple Sclerosis,Urgent,2025-05-06,2025-05-11,Transferred,32527.02
A002007,P00558,Cardiology,Arrhythmia,Urgent,2024-11-01,2024-11-02,Improved,25980.56
A004434,P02592,General Medicine,Kidney Infection,Urgent,2025-10-27,2025-10-29,Recovered,12682.41
A003639,P01201,Neurology,Stroke,Emergency,2025-06-29,2025-07-05,Improved,31154.33
A004527,P02994,General Medicine,Sepsis,Emergency,2025-11-10,,Improved,8807.45
A004229,P00958,Orthopedics,Spinal Disorder,Urgent,2025-09-22,2025-09-30,Deceased,35872.88
A000478,P03124,Cardiology,Arrhythmia,Emergency,2024-03-18,2024-03-22,Recovered,43686.48
A000859,P01675,General Medicine,Sepsis,Elective,2024-05-16,2024-05-19,Recovered,11430.49
A001556,P03456,Neurology,Multiple Sclerosis,Urgent,2024-08-29,2024-09-12,Recovered,52313.11
A001946,P03516,General Medicine,Sepsis,Emergency,2024-10-23,2024-10-31,Recovered,30364.4
A000938,P02399,General Medicine,Diabetes Complication,Elective,2024-05-27,2024-06-02,Recovered,19027.37
A003028,P01070,Pediatrics,Pediatric Asthma,Emergency,2025-04-03,2025-04-09,Recovered,15909.14
A003046,P01030, Cardiology ,Myocardial Infarction,Urgent,2025-04-05,2025-04-12,Improved,53644.73
A003671,P02697,Pediatrics,Bronchiolitis,Elective,2025-07-03,2025-07-04,Improved,7039.5
A000585,P02647,General Medicine,Sepsis,Elective,2024-04-02,2024-04-06,Transferred,12877.73
A004507,P00606,Oncology,Lung Cancer,Elective,2025-11-07,2025-11-15,Recovered,72246.2
A002712,P03310,Neurology,Multiple Sclerosis,Urgent,2025-02-15,2025-02-21,Deceased,25994.42
A000301,P00016,Orthopedics,Hip Fracture,Emergency,2024-02-21,2024-02-22,Recovered,32006.25
A000100,P00036,Pediatrics,Bronchiolitis,Emergency,2024-01-18,2024-01-20,Transferred,11538.15
A000916,P02670,Pulmonology,COPD,Elective,2024-05-24,2024-05-27,Improved,35118.02
A001007,P00982,Cardiology,Arrhythmia,Emergency,2024-06-06,2024-06-09,Transferred,29818.7
A003700,P03152,General Medicine,Kidney Infection,Urgent,2025-07-07,2025-07-08,Transferred,10917.07
A000558,P01982,General Medicine,Diabetes Complication,Urgent,2024-03-30,2024-04-02,Recovered,13162.42
A001590,P01564,Cardiology,Myocardial Infarction,Emergency,2024-09-03,2024-09-04,Recovered,15196.63
A004864,P01908,Pediatrics,Gastroenteritis,Urgent,2025-12-27,2025-12-31,Recovered,8202.71
A004295,P02596,Pediatrics,Gastroenteritis,Urgent,2025-10-04,2025-10-06,Improved,9104.16
A003503,P02661,Oncology,Lung Cancer,Emergency,2025-06-12,2025-06-20,Deceased,74564.6
A002177,P00658,Cardiology,Heart Failure,Urgent,2024-11-27,2024-11-28,Improved,26013.24
A000021,P00839,Pediatrics,Pediatric Asthma,,2024-01-04,2024-01-04,Improved,4958.5
A003494,P00880,General Medicine,Kidney Infection,Urgent,2025-06-11,2025-06-11,Improved,7958.6
A002201,P03574,General Medicine,Diabetes Complication,Urgent,2024-12-01,2024-12-02,Recovered,8009.4
A000252,P03942,Orthopedics,Hip Fracture,Urgent,2024-02-13,2024-02-17,Recovered,26823.04
A000816,P03015,Pulmonology,COPD,Emergency,2024-05-08,2024-05-11,Improved,20118.57
A001002,P01519,Cardiology,Heart Failure,Elective,06/05/2024,2024-06-06,Recovered,34831.91
A004800,P02224,Cardiology,Myocardial Infarction,Urgent,2025-12-17,2025-12-23,Recovered,49327.53
A004588,P03527,Pediatrics,Gastroenteritis,Emergency,11/19/2025,2025-11-21,Improved,11573.58
A003021,P01832,Pulmonology,Pneumonia,Emergency,04/02/2025,2025-04-10,Recovered,23277.71
A004702,P03654,Orthopedics,Joint Replacement,Emergency,12/06/2025,2025-12-09,Recovered,29979.15
A002940,P03499,Pediatrics,Bronchiolitis,Emergency,2025-03-21,2025-03-23,Improved,8878.78
A003764,P00483,Neurology,Seizure Disorder,Emergency,2025-07-15,2025-07-26,Recovered,49155.81
A003853,P01329,Oncology,Breast Cancer,Urgent,2025-07-29,2025-08-01,Recovered,51900.71
A000834,P00768,General Medicine,Kidney Infection,Urgent,2024-05-10,2024-05-13,Recovered,12877.34
A000771,P02898,Cardiology,Myocardial Infarction,Urgent,2024-05-01,2024-05-09,Recovered,31127.22
A002972,P01805,Pediatrics,Gastroenteritis,Emergency,2025-03-25,2025-03-28,Recovered,14934.95
A001086,P02176,Neurology,Multiple Sclerosis,Emergency,2024-06-18,2024-06-24,Recovered,25552.5
A001368,P03559,Pediatrics,Gastroenteritis,Emergency,2024-08-01,2024-08-04,Improved,13846.43
A000801,P02482,Orthopedics,Spinal Disorder,Emergency,2024-05-06,2024-05-12,Improved,34633.25
A000369,P00475,Oncology,Lymphoma,Emergency,03/02/2024,2024-03-05,Recovered,23834.42
A001852,P01826,Pulmonology,Asthma,Urgent,2024-10-11,2024-10-21,Improved,42996.12
A003208,P03356,General Medicine,Sepsis,Emergency,2025-04-29,2025-05-04,Recovered,15817.93
A004058,P01814,General Medicine,Sepsis,Emergency,2025-08-26,2025-09-03,Improved,28246.48
A003726,P00740,Neurology,Multiple Sclerosis,Emergency,2025-07-09,2025-07-16,Transferred,53066.87
A004175,P00897,Pulmonology,Asthma,Elective,2025-09-12,2025-09-22,Improved,
A001785,P01017,Cardiology,Myocardial Infarction,Emergency,2024-10-02,2024-10-03,Recovered,29173.01
A001394,P00382,Oncology,Breast Cancer,Emergency,2024-08-04,2024-08-26,Recovered,156422.52
A000613,P00902,Pediatrics,Gastroenteritis,Emergency,2024-04-06,2024-04-08,Improved,8030.28
A001969,P01766,Oncology,Lung Cancer,Urgent,2024-10-26,2024-10-30,Improved,66937.61
A001896,P00061,General Medicine,Diabetes Complication,Emergency,10/18/2024,2024-10-20,Improved,11558.38
A000832,P02657,Pediatrics,Gastroenteritis,Emergency,2024-05-10,2024-05-12,Recovered,17671.2
A002203,P00046,General Medicine,Kidney Infection,Emergency,2024-12-01,2024-12-04,Recovered,9574.06
A003706,P03551,Cardiology,Arrhythmia,Emergency,2025-07-08,2025-07-09,Improved,28467.82
A004375,P02853,Pediatrics,Bronchiolitis,Elective,2025-10-16,2025-10-21,Recovered,9288.9
A004000,P03909,Pulmonology,Pneumonia,Elective,2025-08-16,2025-08-19,Recovered,16984.05
A002033,P03190,Pulmonology,Pneumonia,Urgent,2024-11-06,2024-11-13,Transferred,30032.3
A004379,P01292,Pulmonology,COPD,Urgent,2025-10-17,2025-10-22,Recovered,35370.86
A002843,P02578,Pulmonology,COPD,Emergency,2025-03-05,2025-03-06,Recovered,6471.0
A003378,P03681,General Medicine,Kidney Infection,Emergency,2025-05-23,2025-06-01,Recovered,20008.19
A001887,P02695,Neurology,Multiple Sclerosis,Emergency,2024-10-17,2024-10-25,Recovered,43614.72
A003058,P02986,Orthopedics,Joint Replacement,Elective,2025-04-07,,Recovered,21159.54
A001028,P02575,General Medicine,Diabetes Complication,Urgent,2024-06-09,2024-06-11,Improved,10513.81
A003713,P03628,Cardiology,Arrhythmia,Emergency,2025-07-08,2025-07-10,Improved,35252.54
A000420,P03542,General Medicine,Sepsis,Emergency,2024-03-11,2024-03-20,Transferred,23105.19
A000874,P03588,Neurology,Stroke,Urgent,05/18/2024,2024-05-20,Recovered,24641.72
A004180,P02867,General Medicine,Sepsis,Elective,09/13/2025,2025-09-19,Improved,12810.08
A001837,P01910,General Medicine,Kidney Infection,Elective,2024-10-09,2024-10-09,Recovered,11226.56
A002400,P01148,Orthopedics,Spinal Disorder,,2024-12-31,2025-01-01,Improved,17387.58
A004018,P01295,Orthopedics,Hip Fracture,Emergency,2025-08-19,2025-08-20,Improved,18551.45
A002362,P03229,Gen Med,Sepsis,Elective,2024-12-25,2024-12-28,Recovered,8539.79
A001292,P00823,Pediatrics,Bronchiolitis,Urgent,2024-07-20,2024-07-23,Recovered,9281.73
A004417,P03674,Pediatrics,Bronchiolitis,Elective,2025-10-23,2025-10-26,Recovered,9628.89
A000047,P01587,Cardiology,Heart Failure,Emergency,2024-01-08,2024-01-16,Recovered,69102.11
A002774,P03688,General Medicine,Sepsis,Elective,2025-02-23,2025-02-25,Improved,15401.49
A000552,P01277,Pulmonology,COPD,Emergency,2024-03-28,2024-03-30,Recovered,12575.22
A000778,P03072,pulmonology ,Pneumonia,Emergency,2024-05-02,2024-05-08,Recovered,34146.45
A000537,P03731,Pulmonology,COPD,Elective,2024-03-27,2024-04-10,Improved,54813.04
A002404,P02464,Neurology,Seizure Disorder,Urgent,2024-12-31,2025-01-02,Recovered,35806.09
A003002,P03700,Oncology,Lung Cancer,Urgent,03/30/2025,2025-05-03,Recovered,168423.89
A000113,P02083,Oncology,Lymphoma,Emergency,01/19/2024,2024-01-25,Improved,79885.96
A004236,P01203,General Medicine,Kidney Infection,Emergency,2025-09-23,2025-09-27,Recovered,14956.16
A000795,P02277,Cardiology,Heart Failure,Elective,2024-05-05,2024-05-08,Improved,23683.35
A003444,P03833,Oncology,Lymphoma,Urgent,06/04/2025,2025-06-20,Transferred,95586.86
A004535,P01849,Cardiology,Arrhythmia,Emergency,2025-11-10,2025-11-18,Recovered,31562.34
A004532,P03712,Oncology,Lymphoma,Emergency,11/10/2025,2025-11-10,Deceased,18560.9
A001970,P00371,Pulmonology,Pneumonia,Elective,2024-10-27,2024-10-31,Recovered,
A002154,P01780,Oncology,Lymphoma,Emergency,2024-11-24,2024-12-01,Improved,
A001359,P00510,Orthopedics,Spinal Disorder,Urgent,2024-07-29,2024-07-31,Recovered,19708.79
A004366,P03492,General Medicine,Sepsis,Elective,2025-10-15,2025-10-18,Recovered,10417.03
A001934,P01133,Neurology,Stroke,Urgent,2024-10-22,2024-10-24,Improved,24319.67
A001669,P03954,ortho,Joint Replacement,Urgent,2024-09-16,2024-09-23,Recovered,48196.94
A003918,P02613,Pediatrics,Gastroenteritis,Elective,2025-08-07,2025-08-09,Recovered,7647.2
A003375,P03123,Orthopedics,Joint Replacement,,2025-05-23,2025-05-27,Recovered,42503.62
A003115,P01465,Cardiology,Arrhythmia,Urgent,2025-04-16,2025-04-19,Recovered,28042.31
A001377,P03325,Orthopedics,Hip Fracture,Emergency,2024-08-02,2024-08-08,Improved,37161.8
A004629,P03591,Pediatrics,Pediatric Asthma,Urgent,11/24/2025,2025-11-25,Improved,12165.36
A001246,P02450,Pediatrics,Bronchiolitis,Urgent,2024-07-13,2024-07-17,Transferred,8034.39
A001014,P00709,General Medicine,Diabetes Complication,Elective,2024-06-06,2024-06-11,Recovered,13019.88
A003937,P01532,Pediatrics,Bronchiolitis,Emergency,08/09/2025,2025-08-10,Recovered,9411.88
A004101,P00064,Cardiology,Myocardial Infarction,Emergency,09/01/2025,2025-09-05,Improved,47044.74
A001814,P01328,Pediatrics,Pediatric Asthma,Emergency,2024-10-07,2024-10-10,Transferred,8826.19
A004140,P02629,Pulmonology,Pneumonia,Emergency,2025-09-06,2025-09-08,Improved,20557.03
A000504,P03698,Cardiology,Heart Failure,Emergency,2024-03-22,2024-03-26,Improved,30101.98
A004056,P02360,General Medicine,Diabetes Complication,Emergency,08/25/2025,2025-08-26,Improved,10840.41
A003653,P01799,General Medicine,Sepsis,Emergency,2025-07-01,2025-07-03,Recovered,16167.65
A004227,P02568,General Medicine,Sepsis,Urgent,2025-09-21,2025-09-23,Recovered,7731.33
A000350,P01674,General Medicine,Kidney Infection,Urgent,2024-02-29,2024-03-02,Recovered,23414.91
A004584,P00608,General Medicine,Sepsis,Urgent,2025-11-19,2025-11-20,Improved,9869.74
A004871,P01820,General Medicine,Sepsis,Emergency,2025-12-27,2025-12-28,Recovered,8455.56
A002911,P00884,Pediatrics,Pediatric Asthma,Emergency,2025-03-16,2025-03-17,Recovered,7282.28
A004261,P03940,General  Medicine,Diabetes Complication,Urgent,2025-09-28,2025-09-29,Recovered,10535.84
A002427,P00128,Cardiology,Myocardial Infarction,Elective,2025-01-03,2025-01-07,Improved,28405.65
A000903,P02507,Oncology,Lymphoma,Emergency,2024-05-22,2024-05-30,Recovered,54669.06
A002217,P01838,Orthopedics,Joint Replacement,Emergency,2024-12-03,2024-12-06,Recovered,24704.45
A004287,P00249,General Medicine,Kidney Infection,Urgent,2025-10-02,2025-10-06,Recovered,12409.99
A001690,P03856,General Medicine,Kidney Infection,Emergency,2024-09-18,2024-09-23,Recovered,16264.45
A002910,P02394,General Medicine,Sepsis,Emergency,2025-03-16,2025-03-22,Recovered,17985.39
A001717,P02964,Pediatrics,Pediatric Asthma,Emergency,2024-09-21,2024-09-23,Recovered,11051.25
A004088,P02514,General Medicine,Sepsis,Emergency,2025-08-30,2025-08-31,Recovered,8551.57
A004550,P03028,Pulmonology,COPD,Emergency,2025-11-13,2025-11-23,Recovered,37390.05
A001536,P00619,Pediatrics,Bronchiolitis,Urgent,2024-08-25,2024-08-27,Improved,8246.03
A002916,P00848,Pediatrics,Gastroenteritis,Elective,2025-03-16,2025-03-19,Improved,8276.51
A003553,P03690,Pediatrics,Pediatric Asthma,Emergency,2025-06-17,2025-06-19,Transferred,7548.47
A004411,P02805,Pediatrics,Gastroenteritis,Elective,2025-10-22,2025-10-25,Recovered,15362.98
A002736,P00911,Neurology,Multiple Sclerosis,Elective,2025-02-18,2025-02-23,Recovered,39580.79
A003466,P01984,Orthopedics,Hip Fracture,Urgent,2025-06-08,2025-06-09,Recovered,20767.1
A001249,P00931,Orthopedics,Spinal Disorder,Emergency,2024-07-14,2024-07-23,Improved,44765.17
A000539,P01693,Orthopedics,Joint Replacement,Emergency,2024-03-27,2024-03-29,Recovered,35301.63
A001842,P00394,Oncology,Lymphoma,Emergency,2024-10-10,2024-10-14,Improved,48140.31
A002047,P01971,Oncology,Lymphoma,Urgent,2024-11-07,2024-11-12,Improved,-53466.25
A001496,P01478,General Medicine,Kidney Infection,Emergency,08/18/2024,2024-08-21,Improved,18674.47
A002665,P03483,Cardiology,Arrhythmia,Emergency,2025-02-09,2025-02-14,Improved,54150.03
A004435,P00057,Oncology,Lung Cancer,Urgent,10/27/2025,2025-11-18,Improved,98117.93
A004147,P00107,general medicine,Kidney Infection,Elective,09/07/2025,2025-09-08,Recovered,7518.65
A003625,P03393,Orthopedics,Hip Fracture,Urgent,06/27/2025,2025-07-01,Recovered,36363.67
A001310,P02124,Oncology,Lymphoma,Elective,2024-07-22,2024-07-24,Improved,26110.77
A000203,P02762,General Medicine,Sepsis,,2024-02-05,2024-02-08,Improved,20830.04
A001866,P01602,Orthopedics,Spinal Disorder,Emergency,2024-10-13,2024-10-14,Recovered,25573.04
A001847,P02828,Orthopedics,Spinal Disorder,Urgent,10/10/2024,2024-10-15,Recovered,28255.98
A003797,P00205,Oncology,Breast Cancer,Emergency,2025-07-20,2025-07-24,Transferred,35208.23
A001749,P03524,Pediatrics,Pediatric Asthma,Urgent,2024-09-26,2024-09-27,Recovered,5724.47
A001427,P01812,Cardiology,Myocardial Infarction,Emergency,2024-08-09,2024-08-11,Recovered,22344.99
A003545,P00886,Pulmonology,Asthma,Elective,2025-06-17,2025-06-20,Recovered,20274.52
A001204,P01876,Pediatrics,Gastroenteritis,Emergency,2024-07-07,2024-07-13,Recovered,16072.27
A003062,P03782,Gen Med,Sepsis,Urgent,2025-04-08,2025-04-10,Improved,13733.77
A002826,P02130,Orthopedics,Joint Replacement,Urgent,2025-03-03,2025-03-06,Recovered,33290.62
A001384,P00620,Pediatrics,Gastroenteritis,Urgent,2024-08-02,2024-08-05,Recovered,12683.47
A004181,P03708,Cardiology,Myocardial Infarction,Elective,2025-09-13,2025-09-14,Recovered,24558.77
A004143,P01438,Orthopedics,Joint Replacement,Elective,2025-09-07,2025-09-11,Recovered,29496.15
A000962,P02584,Oncology,Lymphoma,Emergency,2024-05-30,2024-06-10,Recovered,78464.13
A001299,P01919,Cardiology,Arrhythmia,Emergency,2024-07-21,2024-07-24,Improved,33388.73
A002506,P01298,Orthopedics,Hip Fracture,Urgent,2025-01-14,2025-01-20,Recovered,32588.86
A002622,P02035,Oncology,Lung Cancer,Emergency,2025-02-02,2025-02-15,Recovered,142549.85
A002150,P03261,Neurology,Stroke,Urgent,2024-11-24,2024-11-27,Recovered,34431.98
A003513,P03681,General Medicine,Sepsis,Emergency,2025-06-12,2025-06-17,Transferred,14270.22
A002327,P01797,Pulmonology,Asthma,Emergency,2024-12-20,2024-12-27,Recovered,25946.75
A001557,P00524,Cardiology,Myocardial Infarction,Urgent,2024-08-29,2024-08-31,Improved,22045.58
A003090,P03421,General Medicine,Diabetes Complication,Elective,2025-04-13,2025-04-15,Improved,11822.96
A004122,P02239,General Medicine,Diabetes Complication,Emergency,09/04/2025,2025-09-07,Recovered,10897.47
A002922,P03415,Neurology,Stroke,Emergency,03/18/2025,2025-03-24,Recovered,28335.6
A003795,P00830,Pediatrics,Bronchiolitis,Emergency,2025-07-19,2025-07-24,Improved,12132.39
A003965,P03561,Pediatrics,Gastroenteritis,Emergency,08/12/2025,2025-08-15,Recovered,14971.05
A001404,P00695,Pediatrics,Bronchiolitis,Elective,2024-08-06,2024-08-08,Recovered,8153.79
A000052,P02591,Pediatrics,Gastroenteritis,Urgent,2024-01-10,2024-01-16,Improved,17490.02
A002577,P03384,General Medicine,Sepsis,Urgent,2025-01-27,2025-02-03,Improved,19564.78
A000970,P01367,General Medicine,Sepsis,Urgent,2024-05-31,2024-06-03,Improved,11176.23
A001207,P01020,Pediatrics,Bronchiolitis,Emergency,2024-07-07,2024-07-09,Transferred,6953.51
A001420,P03942,Orthopaedics,Joint Replacement,Emergency,2024-08-08,2024-08-18,Recovered,32917.57
A002554,P00320,General Medicine,Diabetes Complication,Emergency,01/22/2025,2025-01-29,Transferred,13812.27
A000452,P00033,Pediatrics,Gastroenteritis,Urgent,2024-03-15,2024-03-15,Recovered,7307.43
A001267,P02906,Orthopedics,Hip Fracture,Emergency,2024-07-17,2024-07-19,Improved,21760.42
A002312,P00190,General Medicine,Sepsis,Elective,2024-12-18,2024-12-19,Recovered,12676.17
A003079,P01314,Pulmonology,COPD,Emergency,2025-04-10,,Improved,36033.9
A001156,P03719,Oncology,Breast Cancer,Urgent,2024-07-01,2024-07-07,Recovered,92368.0
A004035,P02486,Cardiology,Arrhythmia,Urgent,2025-08-22,2025-08-27,Recovered,40263.93
A003222,P02324,Neurology,Multiple Sclerosis,Elective,2025-05-01,2025-05-16,Recovered,83461.33
A004127,P03078,Orthopedics,Hip Fracture,Urgent,09/05/2025,2025-09-10,Recovered,32935.89
A001772,P01007,Cardiology,Heart Failure,Urgent,2024-09-30,2024-10-16,Recovered,75832.25
A002243,P03463,Neurology,Seizure Disorder,Emergency,2024-12-07,2024-12-09,Deceased,26548.53
A002772,P02454,Cardiology,Arrhythmia,Emergency,2025-02-22,2025-02-23,Improved,24464.46
A000419,P02238,Oncology,Lymphoma,Elective,2024-03-11,2024-03-28,Recovered,101040.85
A000472,P01540,General Medicine,Kidney Infection,Urgent,03/18/2024,2024-03-19,Recovered,6115.76
A003742,P01880,Pediatrics,Gastroenteritis,Emergency,2025-07-11,2025-07-16,Recovered,13670.38
A000028,P02139,Oncology,Breast Cancer,Emergency,2024-01-05,2024-01-13,Recovered,59046.44
A001806,P01932,General Medicine,Kidney Infection,Elective,2024-10-06,2024-10-11,Recovered,21359.05
A001261,P02165,Orthopedics,Joint Replacement,Urgent,2024-07-16,2024-07-17,Improved,21507.24
A000023,P01190,Pediatrics,Bronchiolitis,Emergency,01/04/2024,2024-01-07,Recovered,9296.96
A001607,P00790,Pediatrics,Bronchiolitis,Emergency,2024-09-05,2024-09-06,Improved,6054.15
A001812,P03869,Orthopedics,Hip Fracture,Elective,2024-10-07,2024-10-10,Improved,20738.1
A004677,P01931,Pediatrics,Pediatric Asthma,Emergency,2025-12-03,2025-12-06,Improved,11655.46
A001529,P02475,Pediatrics,Gastroenteritis,Urgent,2024-08-24,2024-08-25,Transferred,7889.57
A002380,P02605,Cardiology,Myocardial Infarction,Emergency,2024-12-27,2024-12-30,Recovered,44779.27
A003555,P03566,Orthopedics,Joint Replacement,Emergency,2025-06-17,2025-06-21,Recovered,28651.84
A002808,P02786,Pediatrics,Bronchiolitis,Emergency,2025-03-01,2025-03-04,Recovered,10441.84
A004211,P01093,Neurology,Seizure Disorder,Urgent,2025-09-19,2025-09-21,Improved,16193.59
A000634,P00890,Orthopedics,Spinal Disorder,Urgent,2024-04-08,,Recovered,56711.33
A000693,P02575,General Medicine,Sepsis,Emergency,2024-04-19,2024-04-22,Improved,17756.31
A001105,P03648,Oncology,Breast Cancer,Emergency,2024-06-21,2024-06-29,Deceased,68961.1
A001516,P01164,General Medicine,Diabetes Complication,Emergency,2024-08-21,2024-08-24,Transferred,11377.69
A002952,P02865,Pediatrics,Gastroenteritis,Emergency,2025-03-22,2025-03-24,Improved,10455.38
A001920,P01273,General Medicine,Sepsis,Urgent,2024-10-20,2024-10-27,Recovered,21735.44
A000178,P02050,Orthopedics,Hip Fracture,Urgent,2024-01-31,2024-02-03,Improved,16514.43
A002564,P03212,Pulmonology,COPD,Emergency,2025-01-24,2025-01-27,Transferred,23513.39
A002024,P02770,Orthopedics,Spinal Disorder,Emergency,11/04/2024,2024-11-05,Transferred,28807.7
A001214,P01161,Oncology,Lymphoma,Urgent,2024-07-08,2024-07-15,Recovered,49947.22
A001592,P02456,General Medicine,Kidney Infection,Emergency,2024-09-03,2024-09-07,Recovered,14470.72
A002814,P02417,Orthopedics,Spinal Disorder,Emergency,2025-03-02,2025-03-05,Improved,28134.86
A002938,P00334,Pulmonology,Pneumonia,Emergency,2025-03-20,2025-03-25,Transferred,26370.94
A001732,P01670,pulmonology ,COPD,Elective,2024-09-24,2024-09-29,Recovered,19409.89
A003147,P02633,General Medicine,Diabetes Complication,Elective,2025-04-21,2025-04-24,Recovered,7815.9
A001067,P00899,Pediatrics,Bronchiolitis,Elective,2024-06-15,2024-06-16,Improved,6193.74
A003091,P02665,Cardiology,Arrhythmia,Emergency,2025-04-13,2025-04-21,Recovered,44416.29
A001184,P00074,Pediatrics,Bronchiolitis,Emergency,2024-07-04,2024-07-06,Improved,8640.14
A001423,P01188,Orthopedics,Joint Replacement,Emergency,2024-08-09,2024-08-17,Recovered,30116.98
A000368,P03418,Oncology,Lung Cancer,Emergency,2024-03-02,2024-03-13,Improved,113298.74
A001932,P01042,Orthopedics,Hip Fracture,Urgent,2024-10-21,2024-10-26,Improved,32630.61
A003272,P03878,Cardiology,Arrhythmia,Emergency,2025-05-07,2025-05-12,Recovered,44676.38
A003011,P01795,Neurology,Seizure Disorder,Urgent,2025-04-01,2025-04-07,Recovered,37053.48
A002859,P00361,Orthopedics,Hip Fracture,Urgent,2025-03-08,2025-03-16,Transferred,42073.27
A003633,P00913,Oncology,Lymphoma,Elective,2025-06-29,,Recovered,54467.33
A004405,P00566,General Medicine,Kidney Infection,Emergency,2025-10-21,2025-10-25,Recovered,15295.97
A000288,P01221,Cardiology,Myocardial Infarction,Urgent,2024-02-19,2024-03-02,Recovered,56536.24
A004339,P00173, Cardiology ,Arrhythmia,Elective,2025-10-11,2025-10-20,Recovered,67947.91
A002796,P03417,Cardiology,Heart Failure,Elective,2025-02-27,2025-03-09,Improved,58426.09
A004707,P02345,Pulmonology,Pneumonia,Urgent,2025-12-07,2025-12-09,Improved,25794.53
A002038,P00734,Orthopedics,Joint Replacement,Elective,2024-11-06,2024-11-07,Recovered,24249.56
A002795,P00156,Oncology,Breast Cancer,Emergency,02/27/2025,2025-03-04,Improved,30975.87
A004511,P01252,General Medicine,Sepsis,Urgent,11/07/2025,2025-11-08,Recovered,10543.57
A000322,P01947,Pediatrics,Pediatric Asthma,Urgent,2024-02-23,2024-02-25,Improved,11179.99
A003463,P00067,General Medicine,Kidney Infection,Emergency,06/07/2025,2025-06-09,Improved,15546.46
A002886,P01847,Oncology,Lymphoma,Elective,2025-03-12,2025-03-16,Improved,58169.13
A003163,P00981,Cardiology,Myocardial Infarction,Urgent,2025-04-24,2025-05-02,Recovered,52188.42
A003489,P01760,Neurology,Seizure Disorder,Urgent,2025-06-10,2025-06-19,Transferred,48583.67
A002607,P03734,Oncology,Lung Cancer,Urgent,2025-02-01,2025-02-08,Improved,57149.93
A002126,P01132,ortho,Joint Replacement,Urgent,2024-11-19,2024-11-23,Recovered,36861.36
A000997,P02095,Pediatrics,Pediatric Asthma,Urgent,2024-06-03,2024-06-09,Recovered,12742.05
A003436,P00864,General Medicine,Diabetes Complication,Emergency,2025-06-03,2025-06-04,Recovered,13111.98
A002773,P01829,Pulmonology,Pneumonia,Elective,2025-02-22,2025-03-02,Improved,37821.4
A001890,P03191,Pediatrics,Pediatric Asthma,Emergency,2024-10-17,2024-10-19,Improved,6933.94
A001495,P00193,General Medicine,Diabetes Complication,Emergency,2024-08-18,2024-08-20,Recovered,14653.0
A001389,P01517,Oncology,Breast Cancer,Emergency,2024-08-03,2024-08-05,Recovered,45600.06
A001331,P01533,General Medicine,Sepsis,Emergency,2024-07-26,2024-07-27,Recovered,10446.77
A002263,P00265,Orthopedics,Joint Replacement,Emergency,2024-12-10,2024-12-12,Improved,29865.75
A003071,P01288,Neurology,Stroke,Emergency,04/09/2025,2025-04-10,Recovered,16662.06
A004850,P03669,General Medicine,Diabetes Complication,Emergency,2025-12-24,2025-12-26,Improved,14634.61
A002869,P02485,Cardiology,Arrhythmia,Emergency,2025-03-09,2025-03-11,Recovered,20314.09
A003354,P00183,Orthopedics,Joint Replacement,Emergency,2025-05-20,2025-05-23,Recovered,29455.75
A001542,P02718,General  Medicine,Diabetes Complication,Elective,08/26/2024,2024-08-27,Recovered,9648.81
A002200,P01388,Pulmonology,Asthma,Elective,2024-12-01,2024-12-02,Recovered,15660.09
A002632,P03420,general medicine,Diabetes Complication,Emergency,2025-02-04,2025-02-09,Recovered,13613.14
A000459,P01404,Neurology,Stroke,Elective,2024-03-16,2024-03-21,Improved,41544.71
A000933,P02325,Pulmonology,Asthma,Emergency,2024-05-26,2024-06-02,Recovered,30961.14
A000495,P00108,Neurology,Seizure Disorder,Emergency,2024-03-21,2024-03-23,Improved,24824.83
A000911,P03151,Cardiology,Heart Failure,Emergency,2024-05-23,2024-06-03,Recovered,67264.84
A001571,P00894,Orthopedics,Joint Replacement,Elective,2024-08-31,2024-09-05,Recovered,34000.24
A000019,P00101,Pulmonology,COPD,Emergency,2024-01-04,2024-01-20,Recovered,103117.48
A003928,P03919,Pediatrics,Gastroenteritis,Urgent,2025-08-08,2025-08-09,Recovered,8461.02
A002359,P02109,Cardiology,Myocardial Infarction,Elective,12/24/2024,2024-12-26,Recovered,23623.23
A003982,P01905,General Medicine,Diabetes Complication,Emergency,08/14/2025,2025-08-20,Deceased,22634.25
A002703,P01928,Pediatrics,Gastroenteritis,Urgent,2025-02-14,2025-02-23,Recovered,15358.58
A001548,P03334,General Medicine,Kidney Infection,Emergency,2024-08-27,2024-09-02,Transferred,18293.02
A001606,P02940,Pediatrics,Pediatric Asthma,Urgent,2024-09-05,2024-09-09,Recovered,15247.09
A004253,P01630,Pediatrics,Gastroenteritis,Emergency,09/26/2025,2025-09-28,Transferred,9065.34
A000542,P00977,Pediatrics,Pediatric Asthma,Urgent,2024-03-27,2024-03-30,Recovered,8666.5
A004454,P01260,Orthopedics,Spinal Disorder,Elective,2025-10-30,2025-11-04,Improved,34406.82
A002006,P01198,Orthopedics,Hip Fracture,Urgent,2024-10-31,2024-11-08,Recovered,42645.11
A001981,P00239,Pulmonology,Asthma,Urgent,2024-10-28,2024-11-09,Recovered,58940.66
A000523,P01737,Pulmonology,Asthma,Emergency,2024-03-25,2024-04-07,Transferred,41975.55
A003109,P02801,Oncology,Lung Cancer,Emergency,2025-04-15,2025-04-23,Recovered,60577.8
A000756,P00389,General Medicine,Sepsis,Elective,2024-04-30,2024-05-05,Improved,17413.1
A001528,P03539,Cardiology,Myocardial Infarction,,2024-08-24,2024-08-30,Improved,64375.1
A002941,P00255,Cardiology,Arrhythmia,Emergency,2025-03-21,2025-03-23,Transferred,17998.79
A002311,P03744,General Medicine,Sepsis,Emergency,12/18/2024,2024-12-19,Recovered,7886.43
A003875,P00383,General Medicine,Diabetes Complication,Emergency,2025-08-02,2025-08-08,Transferred,21099.06
A004170,P02672,Orthopedics,Joint Replacement,Elective,2025-09-11,2025-09-13,Improved,18844.36
A004724,P01998,cardiology,Heart Failure,Elective,2025-12-09,2025-12-13,Recovered,46486.73
A003413,P00117,Pediatrics,Pediatric Asthma,Urgent,2025-05-29,2025-06-06,Recovered,11158.49
A002610,P00210,Neurology,Stroke,Urgent,2025-02-01,2025-02-09,Transferred,32012.87
A001765,P00756,General Medicine,Diabetes Complication,Emergency,2024-09-28,2024-10-01,Recovered,18691.45
A001776,P03912,Oncology,Lymphoma,Emergency,2024-09-30,2024-10-04,Recovered,45554.44
A002389,P02502,Pediatrics,Gastroenteritis,Emergency,2024-12-30,2024-12-31,Recovered,8525.48
A000063,P01074,Orthopedics,Spinal Disorder,Emergency,2024-01-11,2024-01-14,Recovered,25848.78
A000975,P00412,General Medicine,Diabetes Complication,Elective,2024-05-31,2024-06-09,Improved,35618.54
A004549,P02401,Pediatrics,Bronchiolitis,Emergency,11/13/2025,2025-11-16,Improved,10543.91
A000802,P03376,Neurology,Seizure Disorder,Urgent,2024-05-06,2024-05-28,Recovered,80352.04
A004614,P02098,Cardiology,Arrhythmia,Urgent,2025-11-22,2025-11-29,Recovered,54909.74
A000782,P02982,Pediatrics,Pediatric Asthma,Elective,2024-05-02,2024-05-05,Improved,11583.4
A001218,P03587,Cardiology,Myocardial Infarction,Urgent,2024-07-09,2024-07-11,Improved,21678.37
A004798,P02949,General Medicine,Sepsis,Emergency,12/17/2025,2025-12-18,Recovered,7983.87
A000396,P03635,Neurology,Stroke,Emergency,2024-03-07,2024-03-17,Improved,56410.45
A004092,P01789,Cardiology,Myocardial Infarction,Elective,08/30/2025,2025-09-05,Recovered,30818.44
A001413,P03841,General Medicine,Kidney Infection,Emergency,2024-08-07,2024-08-09,Recovered,11795.88
A004164,P03394,Pediatrics,Gastroenteritis,Emergency,09/10/2025,2025-09-13,Recovered,10365.14
A001810,P00625,General Medicine,Diabetes Complication,Elective,10/06/2024,2024-10-07,Recovered,5888.32
A000181,P03399,Pediatrics,Gastroenteritis,Emergency,01/31/2024,2024-02-04,Recovered,12174.22
A001826,P02103,Pediatrics,Pediatric Asthma,Emergency,2024-10-08,2024-10-11,Transferred,12297.65
A003916,P03733,pulmonology ,Pneumonia,Elective,2025-08-06,2025-08-07,Recovered,15376.89
A000471,P01026,Pediatrics,Pediatric Asthma,Emergency,2024-03-18,2024-03-19,Recovered,7502.76
A004673,P03006,Pulmonology,Pneumonia,Emergency,2025-12-02,2025-12-03,Recovered,19063.31
A004016,P03176,Oncology,Lung Cancer,Urgent,08/19/2025,,Deceased,58529.21
A002145,P03479,Oncology,Lymphoma,Emergency,2024-11-22,2024-11-28,Transferred,46233.06
A003350,P00062,General Medicine,Diabetes Complication,Emergency,2025-05-19,2025-05-21,Recovered,10423.16
A004371,P02490,General Medicine,Sepsis,Emergency,10/15/2025,,Recovered,10651.2
A000716,P00786,General Medicine,Kidney Infection,Elective,2024-04-23,2024-04-25,Recovered,10502.65
A004129,P00843,Oncology,Lymphoma,Urgent,09/05/2025,2025-09-14,Recovered,90878.9
A000250,P01750,Cardiology,Myocardial Infarction,Elective,02/13/2024,2024-02-15,Improved,31295.35
A000784,P00695,Pediatrics,Bronchiolitis,Elective,2024-05-03,2024-05-05,Recovered,13906.13
A004246,P02118,Oncology,Lung Cancer,Elective,09/24/2025,2025-10-03,Recovered,65568.83
A001579,P03446,pulmonology ,Pneumonia,Urgent,09/02/2024,2024-09-06,Recovered,25225.85
A004887,P01886,Pediatrics,Gastroenteritis,Emergency,2025-12-30,2026-01-02,Recovered,8532.06
A004396,P02144,Oncology,Breast Cancer,Urgent,2025-10-20,2025-10-23,Improved,39683.51
A000812,P01792,Cardiology,Heart Failure,Emergency,2024-05-08,2024-05-14,Recovered,34957.65
A000344,P03550,Oncology,Lung Cancer,Emergency,2024-02-27,2024-03-04,Recovered,62098.58
A003194,P01576,Cardiology,Heart Failure,Emergency,2025-04-27,2025-05-02,Improved,29247.51
A003705,P02993,General Medicine,Diabetes Complication,Emergency,07/08/2025,2025-07-09,Recovered,8304.16
A000123,P01153,Oncology,Lung Cancer,Emergency,2024-01-21,2024-01-22,Improved,36143.74
A000626,P03702,Neurology,Multiple Sclerosis,Emergency,2024-04-07,2024-04-13,Improved,53433.83
A003355,P02262,Cardiology,Heart Failure,Emergency,2025-05-20,2025-05-23,Recovered,25157.79
A001417,P02167,Neurology,Multiple Sclerosis,Elective,2024-08-08,2024-08-10,Recovered,26443.08
A003473,P00849,Oncology,Breast Cancer,Urgent,2025-06-08,2025-06-12,Recovered,46295.54
A003232,P02359,Neurology,Multiple Sclerosis,Emergency,2025-05-02,2025-05-12,Improved,68524.85
A004582,P03763,Pulmonology,COPD,Emergency,2025-11-19,2025-11-26,Recovered,22941.01
A004788,P03056,General Medicine,Kidney Infection,Emergency,2025-12-16,2025-12-23,Improved,20006.39
A004265,P02007,Pulmonology,Asthma,Urgent,2025-09-28,2025-10-02,Recovered,34774.17
A003976,P02431,Pediatrics,Pediatric Asthma,Emergency,2025-08-14,2025-08-22,Recovered,17498.83
A002269,P01298,Orthopedics,Hip Fracture,Emergency,12/11/2024,2024-12-16,Improved,35814.11
A002249,P03265,Neurology,Multiple Sclerosis,Urgent,2024-12-08,2024-12-16,Improved,57189.6
A001479,P03247,Oncology,Lymphoma,Emergency,2024-08-15,2024-08-28,Recovered,83750.25
A000272,P03694,Neurology,Seizure Disorder,Emergency,2024-02-17,2024-02-18,Transferred,18802.34
A003675,P02410,Pediatrics,Bronchiolitis,Urgent,07/04/2025,2025-07-08,Recovered,11366.42
A004270,P02327,Cardiology,Myocardial Infarction,Emergency,2025-09-29,2025-10-03,Recovered,48832.51
A003031,P02456,General Medicine,Sepsis,Urgent,2025-04-03,2025-04-03,Improved,8617.27
A003293,P01623,Oncology,Breast Cancer,Urgent,2025-05-11,2025-05-22,Recovered,116753.55
A000714,P03947,Pediatrics,Gastroenteritis,Emergency,2024-04-23,2024-04-26,Transferred,7182.92
A002257,P00626,Orthopedics,Spinal Disorder,Emergency,12/09/2024,2024-12-12,Recovered,17965.53
A004665,P00498,Pulmonology,Asthma,Urgent,2025-11-29,2025-12-04,Recovered,26471.83
A002720,P01393,Cardiology,Myocardial Infarction,Emergency,2025-02-16,2025-02-24,Transferred,50408.19
A002030,P02966,Oncology,Breast Cancer,Emergency,2024-11-05,2024-11-06,Transferred,25604.33
A000182,P03155,Pediatrics,Bronchiolitis,Elective,2024-02-01,2024-02-02,Recovered,
A003400,P00067,General Medicine,Kidney Infection,Urgent,2025-05-26,2025-05-29,Improved,11234.96
A003184,P01768,Oncology,Lymphoma,Elective,2025-04-26,2025-04-29,Improved,38560.96
A001518,P03008,General Medicine,Sepsis,Urgent,2024-08-22,2024-08-25,Transferred,10798.89
A001078,P01813,General Medicine,Kidney Infection,Emergency,2024-06-17,2024-06-27,Recovered,24173.82
A004623,P01301,Neurology,Stroke,Urgent,2025-11-23,2025-12-01,Recovered,39632.91
A001453,P00416,Pulmonology,COPD,,2024-08-12,2024-08-15,Recovered,20757.62
A002025,P01882,Neurology,Multiple Sclerosis,Emergency,11/04/2024,2024-11-09,Recovered,18031.57
A000958,P01160,Neurology,Multiple Sclerosis,Urgent,05/29/2024,2024-06-03,Improved,34519.07
A000347,P03207,General Medicine,Sepsis,Emergency,2024-02-28,2024-03-08,Recovered,23111.48
A003454,P02764,Pediatrics,Bronchiolitis,Urgent,06/06/2025,2025-06-08,Recovered,
A000521,P00378,Neurology,Multiple Sclerosis,Urgent,03/24/2024,2024-04-03,Improved,45072.64
A000199,P00006,Cardiology,Arrhythmia,Emergency,2024-02-04,2024-02-08,Recovered,46301.2
A003368,P03348,Pediatrics,Pediatric Asthma,Elective,2025-05-22,2025-05-24,Recovered,6308.46
A004816,P02383,Cardiology,Myocardial Infarction,Emergency,2025-12-19,2025-12-20,Improved,23506.61
A000584,P00302,Pulmonology,Pneumonia,Elective,2024-04-02,2024-04-16,Improved,62080.87
A001418,P02220,Pulmonology,Pneumonia,Urgent,2024-08-08,2024-08-12,Improved,21629.32
A003238,P01365,Cardiology,Myocardial Infarction,Emergency,2025-05-03,2025-05-07,Recovered,28059.38
A004037,P01248,General Medicine,Diabetes Complication,Urgent,2025-08-23,2025-08-30,Recovered,20605.0
A003016,P02008,Pediatrics,Pediatric Asthma,Emergency,2025-04-01,2025-04-03,Improved,
A003397,P01399,Pediatrics,Bronchiolitis,Elective,2025-05-26,2025-05-29,Recovered,9615.1
A003351,P03349,Pediatrics,Bronchiolitis,Emergency,2025-05-20,2025-05-22,Recovered,9916.21
A003240,P01928,Pediatrics,Bronchiolitis,Emergency,2025-05-03,2025-05-08,Improved,18587.79
A002700,P00132,General Medicine,Sepsis,Emergency,2025-02-14,2025-02-20,Recovered,25202.79
A000185,P01372,General Medicine,Sepsis,Elective,2024-02-01,2024-02-04,Recovered,12138.19
A003807,P03406,Cardiology,Heart Failure,Urgent,2025-07-21,2025-07-26,Recovered,36011.54
A001478,P00339,General Medicine,Sepsis,Urgent,08/15/2024,2024-08-16,Deceased,11730.46
A000094,P00840,Pulmonology,COPD,Urgent,01/17/2024,2024-01-25,Recovered,36734.49
A004772,P03205,cardiology,Myocardial Infarction,Emergency,2025-12-15,2025-12-20,Recovered,43182.78
A002730,P02795,Pediatrics,Bronchiolitis,Elective,2025-02-17,2025-02-20,Recovered,11729.0
A000220,P01969,General Medicine,Kidney Infection,Elective,02/08/2024,2024-02-13,Recovered,-19324.99
A002135,P02483,Pediatrics,Gastroenteritis,Urgent,2024-11-20,2024-11-21,Improved,10127.98
A001241,P02890,General Medicine,Sepsis,Urgent,2024-07-12,2024-07-14,Recovered,9108.5
A004282,P03165,Pediatrics,Pediatric Asthma,Emergency,2025-10-02,2025-10-03,Recovered,7882.02
A000824,P01266,Pediatrics,Pediatric Asthma,Urgent,2024-05-09,2024-05-12,Recovered,11674.71
A002163,P00654,Neurology,Stroke,Emergency,2024-11-25,2024-11-30,Improved,28676.87
A004048,P01397,General Medicine,Kidney Infection,Urgent,2025-08-24,2025-08-27,Improved,14159.96
A000081,P02585,Neurology,Stroke,Urgent,2024-01-14,2024-01-20,Recovered,31281.66
A000932,P00892,Cardiology,Myocardial Infarction,Elective,2024-05-26,2024-06-02,Improved,52487.38
A001951,P01019,Pediatrics,Gastroenteritis,Emergency,2024-10-24,2024-10-25,Improved,9241.3
A004097,P01705,Neurology,Stroke,Elective,2025-08-31,2025-09-07,Deceased,50428.05
A003667,P03613,Pulmonology,Pneumonia,Emergency,2025-07-02,2025-07-05,Improved,17077.37
A003974,P02291,Oncology,Breast Cancer,Elective,2025-08-13,2025-08-23,Recovered,56010.5
A002887,P01147,General Medicine,Diabetes Complication,Elective,2025-03-12,2025-03-19,Recovered,22047.07
A002838,P00500,Pulmonology,COPD,Urgent,2025-03-05,,Recovered,37698.32
A000124,P00339,Cardiology,Arrhythmia,Elective,2024-01-21,2024-01-24,Improved,20907.57
A003057,P00602,Oncology,Breast Cancer,Urgent,2025-04-07,2025-04-10,Recovered,41283.19
A004779,P03709,Cardiology,Heart Failure,Emergency,2025-12-16,2025-12-21,Recovered,32414.06
A001089,P00604,Pediatrics,Bronchiolitis,Urgent,2024-06-19,2024-06-21,Recovered,4426.72
A002088,P02389,Pulmonology,Asthma,Emergency,2024-11-15,2024-11-19,Deceased,23579.58
A000544,P03465,Cardiology,Heart Failure,Urgent,2024-03-28,2024-04-04,Improved,43991.67
A002472,P03493,Cardiology,Arrhythmia,Emergency,01/09/2025,2025-01-13,Recovered,24123.06
A000772,P01068,Cardiology,Heart Failure,Emergency,2024-05-01,2024-05-04,Improved,38073.95
A004001,P01680,Cardiology,Myocardial Infarction,Emergency,2025-08-17,2025-08-23,Improved,48296.48
A004537,P02600,General Medicine,Sepsis,Emergency,2025-11-11,2025-11-12,Recovered,11862.71
A000193,P01326,Pediatrics,Bronchiolitis,Emergency,2024-02-03,2024-02-04,Improved,5206.68
A002252,P03007,Neurology,Seizure Disorder,Emergency,2024-12-09,2024-12-11,Improved,13738.76
A002109,P01987,Cardiology,Myocardial Infarction,Elective,2024-11-17,2024-11-24,Recovered,26614.26
A000476,P03608,Neurology,Stroke,Urgent,2024-03-18,2024-03-23,Improved,36683.92
A004361,P03497,Pediatrics,Bronchiolitis,Emergency,2025-10-14,2025-10-17,Improved,11772.78
A002191,P02309,General Medicine,Diabetes Complication,Emergency,11/29/2024,2024-12-02,Improved,8773.83
A004214,P03980,Pediatrics,Gastroenteritis,Urgent,2025-09-19,2025-09-24,Recovered,14516.77
A003130,P02589,Neurology,Stroke,Elective,2025-04-19,2025-05-02,Recovered,
A004051,P01103,General Medicine,Sepsis,Emergency,2025-08-25,2025-09-03,Transferred,24525.95
A003629,P03781,Pediatrics,Bronchiolitis,Elective,2025-06-28,2025-07-01,Improved,8815.02
A001973,P00997,Orthopedics,Hip Fracture,Elective,2024-10-27,2024-10-31,Transferred,21844.94
A000592,P01129,Oncology,Lung Cancer,Elective,2024-04-04,2024-04-08,Recovered,43397.66
A003993,P02100,Neurology,Seizure Disorder,Urgent,2025-08-16,2025-08-25,Improved,37496.34
A000807,P02876,Orthopedics,Joint Replacement,Emergency,2024-05-07,2024-05-09,Improved,21942.03
A000698,P03698,Cardiology,Heart Failure,Urgent,04/21/2024,2024-04-27,Recovered,69077.29
A000360,P02961,General Medicine,Diabetes Complication,Emergency,2024-03-01,2024-03-05,Recovered,14155.42
A000213,P00399,Cardiology,Myocardial Infarction,Elective,02/07/2024,2024-02-14,Recovered,42056.8
A003593,P02786,Pediatrics,Gastroenteritis,Urgent,2025-06-23,2025-06-25,Transferred,8814.89
A004205,P00119,Oncology,Breast Cancer,Emergency,2025-09-18,2025-09-24,Recovered,62318.95
A004268,P01891,Pediatrics,Gastroenteritis,Elective,09/29/2025,2025-09-30,Recovered,9069.93
A002590,P02848,Neurology,Multiple Sclerosis,Urgent,2025-01-28,2025-01-29,Recovered,29689.06
A000177,P02956,Oncology,Lymphoma,Elective,2024-01-31,2024-02-20,Recovered,135569.7
A000352,P00171,Pediatrics,Gastroenteritis,,2024-02-29,2024-03-03,Transferred,15031.36
A001901,P02937,General Medicine,Sepsis,Emergency,2024-10-18,2024-10-19,Transferred,9635.46
A002812,P00723,Oncology,Breast Cancer,Urgent,2025-03-01,2025-03-05,Transferred,36227.61
A000761,P03632,Oncology,Lymphoma,Emergency,04/30/2024,2024-05-06,Improved,47670.87
A001448,P02529,Pediatrics,Gastroenteritis,Emergency,2024-08-12,2024-08-13,Improved,
A002315,P02160,General Medicine,Diabetes Complication,Emergency,2024-12-19,2024-12-25,Transferred,20606.13
A000321,P02559,Pediatrics,Bronchiolitis,Urgent,2024-02-23,2024-02-24,Transferred,8325.94
A003722,P01217,Neurology,Multiple Sclerosis,Emergency,2025-07-09,2025-07-09,Recovered,13917.64
A000855,P03786,General Medicine,Sepsis,Urgent,05/15/2024,2024-05-21,Recovered,16614.2
A002317,P02603,Orthopedics,Joint Replacement,Urgent,2024-12-19,2024-12-22,Improved,23134.84
A001608,P00565,Neurology,Stroke,Emergency,2024-09-05,2024-09-09,Recovered,38846.82
A002948,P00451,General Medicine,Diabetes Complication,Emergency,2025-03-21,2025-03-23,Recovered,7979.47
A004364,P00316,Neurology,Seizure Disorder,Elective,2025-10-14,2025-10-16,Improved,22818.95
A003307,P01904,Neurology,Multiple Sclerosis,Elective,2025-05-13,2025-05-18,Recovered,43537.1
A000143,P02143,Oncology,Lung Cancer,Emergency,2024-01-25,2024-02-06,Improved,79812.11
A001274,P00185,Orthopedics,Joint Replacement,Emergency,07/18/2024,2024-07-19,Recovered,16881.01
A002991,P01481,Pediatrics,Bronchiolitis,Elective,2025-03-28,2025-03-30,Improved,6745.46
A000379,P01350,Orthopedics,Spinal Disorder,Emergency,2024-03-04,2024-03-06,Deceased,24332.19
A000332,P02210,Pediatrics,Gastroenteritis,Emergency,2024-02-26,2024-02-29,Improved,14459.53
A001962,P00954,Neurology,Stroke,Emergency,2024-10-26,2024-10-28,Recovered,28870.47
A000062,P03412,General Medicine,Diabetes Complication,Elective,2024-01-11,2024-01-19,Recovered,26375.26
A001703,P02371,Pediatrics,Pediatric Asthma,Elective,2024-09-20,2024-09-21,Improved,7751.89
A002830,P01140,Orthopedics,Spinal Disorder,Elective,2025-03-03,2025-03-06,Recovered,21669.22
A001848,P03081,Orthopedics,Spinal Disorder,Urgent,10/11/2024,2024-10-14,Improved,34210.79
A001096,P01867,Pediatrics,Pediatric Asthma,Emergency,2024-06-20,2024-06-22,Improved,8724.65
A004877,P00313,Pediatrics,Bronchiolitis,Emergency,2025-12-28,2026-01-04,Improved,16558.9
A004119,P03835,Pediatrics,Bronchiolitis,Emergency,09/04/2025,2025-09-04,Recovered,6178.63
A000629,P02878,General Medicine,Sepsis,Urgent,2024-04-08,2024-04-15,Recovered,21229.76
A003242,P01341,Cardiology,Myocardial Infarction,Emergency,05/03/2025,2025-05-06,Improved,23307.19
A001612,P02642,Oncology,Lung Cancer,Emergency,2024-09-06,2024-09-11,Improved,56295.91
A004647,P01794,General Medicine,Sepsis,Emergency,11/26/2025,2025-11-27,Recovered,9379.44
A000774,P00096,Pulmonology,Asthma,Emergency,2024-05-02,2024-05-06,Improved,25829.87
A000384,P01503,General Medicine,Diabetes Complication,Urgent,2024-03-05,2024-03-06,Recovered,9712.56
A004445,P03253,Pediatrics,Bronchiolitis,Emergency,2025-10-28,2025-10-31,Recovered,9250.65
A001734,P01629,General Medicine,Sepsis,Elective,2024-09-24,2024-09-27,Improved,12102.25
A000351,P01773,Oncology,Lung Cancer,Urgent,2024-02-29,2024-03-06,Recovered,73651.88
A002706,P03415,Neurology,Stroke,Emergency,2025-02-14,2025-02-21,Recovered,52122.28
A004832,P03541,Pulmonology,COPD,Emergency,2025-12-21,2025-12-22,Recovered,29177.58
A003946,P00919,General Medicine,Diabetes Complication,Elective,2025-08-10,2025-08-13,Improved,17764.3
A001093,P01734,Orthopedics,Spinal Disorder,Urgent,2024-06-19,2024-06-28,Improved,29806.98
A001403,P00125,General Medicine,Kidney Infection,Urgent,2024-08-06,2024-08-08,Recovered,12089.24
A003525,P03060,General Medicine,Kidney Infection,Urgent,2025-06-14,2025-06-19,Recovered,16529.67
A004509,P03835,Pediatrics,Gastroenteritis,Urgent,2025-11-07,2025-11-09,Improved,11385.36
A003316,P01816,Pediatrics,Pediatric Asthma,Urgent,2025-05-15,2025-05-21,Improved,14674.4
A004484,P00240,Cardiology,Myocardial Infarction,Elective,2025-11-03,2025-11-08,Improved,31053.86
A003717,P02955,Pulmonology,Pneumonia,Emergency,07/09/2025,2025-07-14,Recovered,16675.72
A004571,P00473,pulmonology ,Pneumonia,Emergency,2025-11-17,2025-11-19,Recovered,17711.17
A004534,P02950,Cardiology,Myocardial Infarction,Elective,2025-11-10,2025-11-12,Recovered,27292.87
A002226,P03244,Oncology,Lung Cancer,Urgent,2024-12-03,2024-12-10,Recovered,85996.01
A003568,P00900,Orthopedics,Joint Replacement,Emergency,2025-06-20,2025-06-21,Improved,23311.75
A004078,P01537,Pediatrics,Bronchiolitis,Emergency,2025-08-29,2025-08-31,Recovered,10419.25
A001967,P01663,Pediatrics,Bronchiolitis,Emergency,2024-10-26,2024-10-27,Transferred,5304.47
A000865,P01996,Pediatrics,Gastroenteritis,Elective,2024-05-17,2024-05-19,Recovered,9657.54
A002052,P01796,Cardiology,Heart Failure,Urgent,2024-11-09,2024-11-15,Improved,39773.4
A000264,P02793,Orthopaedics,Spinal Disorder,Elective,2024-02-15,2024-02-18,Recovered,28920.49
A002481,P00487,Cardiology,Heart Failure,Emergency,2025-01-10,2025-01-12,Transferred,28480.18
A002553,P03866,Orthopedics,Spinal Disorder,Urgent,2025-01-22,2025-01-27,Recovered,31575.18
A003019,P02241,General Medicine,Diabetes Complication,Urgent,04/02/2025,2025-04-04,Recovered,16078.83
A002695,P03148,Neurology,Multiple Sclerosis,Urgent,2025-02-13,2025-02-18,Improved,36298.55
A002446,P02141,Cardiology,Myocardial Infarction,Emergency,2025-01-06,2025-01-15,Improved,54660.72
A004032,P01147,General Medicine,Sepsis,Emergency,2025-08-22,2025-09-01,Recovered,27090.94
A004631,P03294,General Medicine,Sepsis,Urgent,2025-11-25,2025-11-27,Recovered,15585.97
A000024,P03329,Oncology,Lung Cancer,Emergency,2024-01-04,2024-01-07,Recovered,36039.39
A003299,P02386,General Medicine,Diabetes Complication,Urgent,2025-05-12,2025-05-17,Recovered,
A002493,P01359,Pediatrics,Bronchiolitis,Emergency,2025-01-13,2025-01-17,Recovered,9104.26
A002585,P03317,Neurology,Stroke,Emergency,2025-01-28,2025-01-30,Improved,23975.08
A003557,P02731,General Medicine,Kidney Infection,Elective,2025-06-18,2025-06-19,Transferred,9687.66
A003160,P02712,Pediatrics,Pediatric Asthma,Elective,2025-04-23,2025-04-25,Improved,7286.63
A004297,P00342,Cardiology,Arrhythmia,Emergency,2025-10-05,2025-10-12,Recovered,56008.9
A000202,P00461,General Medicine,Sepsis,Elective,2024-02-05,2024-02-06,Transferred,8846.68
A003600,P01962,Orthopaedics,Joint Replacement,Emergency,2025-06-24,2025-06-28,Recovered,38354.43
A001282,P02808,Oncology,Breast Cancer,Urgent,2024-07-20,2024-07-21,Improved,34342.84
A004801,P01578,General Medicine,Diabetes Complication,Urgent,2025-12-17,2025-12-18,Transferred,13612.23
A001039,P02470,Pulmonology,Pneumonia,Elective,2024-06-11,2024-06-18,Improved,32129.56
A001870,P02055,Orthopedics,Hip Fracture,Urgent,10/14/2024,2024-10-16,Recovered,25192.93
A003302,P02510,Pediatrics,Gastroenteritis,Urgent,2025-05-12,2025-05-20,Recovered,17016.22
A003587,P03878,Cardiology,Arrhythmia,Emergency,2025-06-22,2025-06-26,Recovered,31278.25
A001501,P02095,Pediatrics,Bronchiolitis,Emergency,2024-08-19,2024-08-21,Recovered,8986.38
A001151,P00698,Orthopedics,Spinal Disorder,Elective,2024-06-30,2024-07-03,Improved,22421.79
A004691,P03794,Cardiology,Myocardial Infarction,Elective,2025-12-05,2025-12-13,Improved,74923.68
A000883,P01592,Cardiology,Heart Failure,Emergency,2024-05-19,2024-06-01,Recovered,101037.63
A000700,P02470,Oncology,Breast Cancer,Urgent,2024-04-21,2024-04-23,Recovered,32416.3
A003172,P03993,Pediatrics,Bronchiolitis,Emergency,2025-04-24,2025-04-26,Improved,8530.22
A003532,P01395,General Medicine,Sepsis,Elective,2025-06-15,2025-06-16,Recovered,7971.92
A004824,P02620,Neurology,Seizure Disorder,Emergency,2025-12-20,2025-12-27,Improved,42318.24
A003218,P03912,Oncology,Breast Cancer,Emergency,2025-04-30,2025-05-03,Transferred,47471.64
A004079,P02402,Cardiology,Heart Failure,Emergency,2025-08-29,2025-08-30,Improved,21686.87
A000141,P01753,Cardiology,Arrhythmia,Urgent,2024-01-25,2024-01-30,Recovered,26495.38
A003389,P03086,general medicine,Sepsis,Urgent,05/24/2025,2025-05-25,Recovered,10262.69
A000033,P01204,Oncology,Breast Cancer,Elective,01/06/2024,2024-01-13,Recovered,41693.72
A004368,P03585,Pulmonology,COPD,Urgent,2025-10-15,2025-10-19,Improved,18454.2
A001681,P02593,Neurology,Multiple Sclerosis,Elective,2024-09-17,2024-09-19,Transferred,18251.5
A000821,P01119,General Medicine,Sepsis,Emergency,2024-05-09,2024-05-15,Recovered,17973.66
A001918,P02371,Pediatrics,Bronchiolitis,Urgent,2024-10-20,2024-10-22,Recovered,7253.5
A001026,P01476,Neurology,Stroke,Emergency,06/09/2024,2024-06-19,Recovered,64755.51
A003390,P00054,Orthopedics,Hip Fracture,Emergency,05/25/2025,2025-06-03,Recovered,42232.39
A002431,P00161,Cardiology,Myocardial Infarction,Emergency,2025-01-04,2025-01-10,Recovered,
A002323,P01308,General Medicine,Diabetes Complication,Elective,2024-12-19,,Recovered,16159.49
A003066,P00902,Pediatrics,Gastroenteritis,Elective,2025-04-09,2025-04-10,Transferred,7858.62
A000007,P02389,Oncology,Lung Cancer,Elective,2024-01-01,2024-01-07,Recovered,31552.53
A003904,P02904,Cardiology,Arrhythmia,Elective,2025-08-05,2025-08-07,Transferred,21465.02
A003490,P03989,General Medicine,Sepsis,Urgent,06/10/2025,2025-06-11,Improved,10284.21
A002259,P02691,Pulmonology,Asthma,Emergency,2024-12-10,2024-12-18,Recovered,30977.36
A002171,P00567,pulmonology ,Asthma,Urgent,2024-11-26,2024-12-01,Recovered,20054.76
A001748,P01534,Pediatrics,Bronchiolitis,Emergency,2024-09-26,2024-09-29,Recovered,26758.74
A004098,P03729,Pulmonology,COPD,Emergency,08/31/2025,2025-09-01,Improved,15340.8
A002414,P00560,Neurology,Multiple Sclerosis,Urgent,2025-01-02,2025-01-14,Improved,60698.84
A003534,P01304,Neurology,Seizure Disorder,Urgent,2025-06-16,2025-06-20,Deceased,24277.48
A001789,P01266,Pediatrics,Gastroenteritis,Emergency,2024-10-02,2024-10-06,Improved,22057.46
A000941,P02641,Oncology,Lymphoma,Urgent,2024-05-27,2024-06-02,Recovered,60463.86
A000312,P01223,Neurology,Seizure Disorder,Emergency,02/22/2024,2024-03-03,Recovered,60747.51
A000235,P02411,Orthopedics,Spinal Disorder,Emergency,2024-02-10,2024-02-14,Recovered,44944.53
A001802,P03786,Gen Med,Sepsis,Urgent,10/05/2024,2024-10-05,Recovered,16730.44
A004197,P00666,Neurology,Stroke,Emergency,2025-09-16,2025-09-21,Recovered,46485.83
A001635,P01039,Neurology,Stroke,Emergency,2024-09-10,2024-09-10,Improved,20482.58
A001199,P01625,General Medicine,Diabetes Complication,Emergency,2024-07-06,2024-07-07,Transferred,13591.84
A000319,P03088,Pediatrics,Bronchiolitis,Emergency,2024-02-23,2024-02-26,Improved,12997.52
A003278,P01065,General Medicine,Diabetes Complication,Emergency,05/08/2025,2025-05-10,Recovered,12102.57
A002452,P00802,Orthopedics,Hip Fracture,Emergency,2025-01-07,2025-01-09,Improved,32097.8
A002438,P00435,Cardiology,Arrhythmia,Elective,2025-01-05,2025-01-13,Recovered,66723.79
A002152,P03337,pulmonology ,Pneumonia,Urgent,2024-11-24,2024-11-28,Transferred,27522.65
A004293,P00206,General Medicine,Kidney Infection,Emergency,2025-10-04,2025-10-06,Improved,19309.22
A002639,P01452,Pediatrics,Gastroenteritis,Emergency,02/05/2025,2025-02-12,Recovered,19003.97
A003407,P01542,Cardiology,Arrhythmia,Urgent,2025-05-28,2025-05-28,Transferred,-17054.6
A000942,P03868,Oncology,Breast Cancer,Urgent,2024-05-27,2024-06-01,Recovered,33654.47
A001699,P02769,Oncology,Lymphoma,Emergency,2024-09-19,2024-09-28,Improved,68504.61
A004718,P00900,Orthopedics,Spinal Disorder,Emergency,12/08/2025,2025-12-10,Recovered,27115.58
A001575,P03290,Pediatrics,Gastroenteritis,Emergency,2024-09-01,2024-09-02,Improved,8847.96
A002183,P00360,General Medicine,Kidney Infection,Emergency,2024-11-28,2024-11-30,Transferred,14897.2
A001624,P02970,Neurology,Multiple Sclerosis,Elective,09/08/2024,2024-09-11,Transferred,30025.03
A001756,P03115,Neurology,Stroke,Urgent,2024-09-27,2024-10-01,Recovered,35034.82
A001953,P01060,General Medicine,Kidney Infection,Elective,10/24/2024,2024-10-25,Recovered,
A003215,P01821,Pulmonology,Asthma,Emergency,2025-04-30,2025-05-08,Recovered,37363.78
A000411,P03578,Orthopedics,Spinal Disorder,Elective,2024-03-11,2024-03-19,Improved,52552.61
A002347,P03962,Orthopedics,Joint Replacement,Urgent,2024-12-22,2024-12-26,Recovered,50116.53
A004686,P01789,Cardiology,Myocardial Infarction,Urgent,12/04/2025,2025-12-10,Recovered,36754.61
A003374,P03977,Cardiology,Heart Failure,Emergency,2025-05-22,2025-05-30,Recovered,40099.04
A002717,P02081,Neurology,Stroke,Emergency,2025-02-15,2025-02-17,Improved,26072.38
A000465,P01558,Oncology,Breast Cancer,Urgent,2024-03-16,2024-03-18,Recovered,35908.99
A001935,P02779,Oncology,Breast Cancer,Elective,2024-10-22,2024-11-03,Recovered,71913.98
A003201,P02678,Oncology,Lymphoma,Urgent,04/28/2025,2025-05-01,Deceased,59855.02
A002209,P03109,Oncology,Lymphoma,Urgent,12/01/2024,2024-12-09,Deceased,54733.68
A003429,P00069,Pediatrics,Pediatric Asthma,Urgent,2025-05-31,2025-06-09,Recovered,21211.13
A004052,P00100,Pediatrics,Pediatric Asthma,Elective,08/25/2025,2025-08-31,Recovered,15539.21
A002729,P03902,General Medicine,Diabetes Complication,Emergency,2025-02-17,2025-02-17,Recovered,10837.49
A003606,P03607,General Medicine,Diabetes Complication,Elective,2025-06-24,2025-06-25,Transferred,6435.12
A003178,P00634,General Medicine,Kidney Infection,Emergency,2025-04-25,2025-04-29,Recovered,21117.15
A002284,P00248,General  Medicine,Sepsis,Urgent,2024-12-13,2024-12-17,Recovered,15829.78
A000086,P00477,General Medicine,Sepsis,Elective,2024-01-16,2024-01-18,Recovered,13148.44
A000001,P03843,Cardiology,Myocardial Infarction,Elective,2024-01-01,2024-01-12,Recovered,34360.55
A002281,P02458,Cardiology,Heart Failure,Emergency,2024-12-13,2024-12-18,Deceased,29066.66
A004468,P01122,Pediatrics,Pediatric Asthma,Urgent,2025-10-31,2025-11-02,Improved,13325.36
A000017,P00392,Pediatrics,Bronchiolitis,Emergency,2024-01-03,2024-01-06,Recovered,13123.78
A000573,P01605,Pediatrics,Gastroenteritis,Emergency,2024-04-01,2024-04-07,Improved,17532.28
A002393,P03845,Oncology,Lung Cancer,Elective,12/30/2024,2025-01-01,Improved,25339.64
A004226,P03492,General Medicine,Diabetes Complication,Emergency,2025-09-21,2025-09-25,Recovered,23907.16
A004834,P02692,Neurology,Seizure Disorder,Urgent,2025-12-21,2025-12-24,Improved,
A001885,P01428,Oncology,Breast Cancer,Emergency,2024-10-16,2024-10-23,Recovered,58121.67
A002143,P03091,Orthopaedics,Spinal Disorder,Emergency,2024-11-21,2024-11-22,Transferred,23450.86
A000628,P03336,Neurology,Seizure Disorder,Elective,2024-04-07,2024-04-09,Improved,26478.01
A004869,P03650,General Medicine,Sepsis,Urgent,2025-12-27,2026-01-01,Recovered,14475.16
A004292,P01841,General Medicine,Diabetes Complication,Urgent,2025-10-04,2025-10-06,Deceased,10984.85
A000186,P02078,General Medicine,Sepsis,Urgent,2024-02-02,2024-02-03,Recovered,9756.43
A001357,P02488,Pediatrics,Gastroenteritis,Elective,2024-07-29,2024-07-31,Improved,6109.43
A002291,P02440,Pediatrics,Pediatric Asthma,Urgent,2024-12-14,2024-12-26,Improved,24691.26
A001104,P03954,pulmonology ,Pneumonia,Emergency,06/20/2024,,Recovered,14213.95
A002092,P01019,Pediatrics,Bronchiolitis,Emergency,11/15/2024,2024-11-16,Recovered,9431.5
A004585,P01736,Oncology,Breast Cancer,Urgent,2025-11-19,2025-11-23,Recovered,62044.35
A003093,P00719,Cardiology,Heart Failure,Elective,2025-04-13,2025-04-15,Improved,27041.46
A000206,P02558,General Medicine,Kidney Infection,Emergency,2024-02-06,2024-02-09,Recovered,13274.72
A004497,P01771,Cardiology,Arrhythmia,Elective,2025-11-05,2025-11-11,Transferred,45960.56
A003279,P03927,Orthopedics,Joint Replacement,Emergency,2025-05-09,2025-05-10,Recovered,
A000092,P01323,Orthopedics,Hip Fracture,Elective,2024-01-17,2024-01-18,Improved,28572.96
A004010,P02576,Neurology,Seizure Disorder,Emergency,2025-08-18,2025-08-21,Recovered,22687.52
A001317,P02526,Pulmonology,Pneumonia,Emergency,2024-07-23,2024-07-28,Transferred,18826.85
A001630,P00842,Cardiology,Myocardial Infarction,Urgent,2024-09-09,2024-09-13,Recovered,57924.04
A001175,P02565,General Medicine,Kidney Infection,Urgent,2024-07-03,2024-07-05,Recovered,11661.95
A002900,P02261,Pediatrics,Pediatric Asthma,Urgent,2025-03-14,2025-03-17,Improved,15546.27
A001485,P01339,Oncology,Lung Cancer,Emergency,2024-08-17,2024-08-29,Recovered,91910.74
A004179,P02298,Cardiology,Myocardial Infarction,Elective,2025-09-13,2025-09-15,Recovered,20640.91
A001112,P00929,Pulmonology,Pneumonia,Emergency,2024-06-22,2024-06-26,Recovered,19287.24
A001628,P01514,Pulmonology,Pneumonia,Emergency,2024-09-09,2024-09-14,Recovered,22291.71
A004369,P00303,Pediatrics,Bronchiolitis,Urgent,2025-10-15,2025-10-18,Improved,14396.45
A004797,P01875,Neurology,Seizure Disorder,Emergency,12/17/2025,2025-12-21,Recovered,23579.25
A004436,P02301,Cardiology,Myocardial Infarction,Elective,2025-10-27,2025-10-29,Improved,42579.36
A002833,P02047,Oncology,Lymphoma,Urgent,2025-03-04,2025-03-09,Recovered,53801.59
A001376,P00828,Orthopedics,Joint Replacement,Urgent,2024-08-02,2024-08-10,Improved,48164.12
A001064,P01691,Pulmonology,Asthma,Elective,2024-06-14,2024-06-16,Recovered,21669.59
A002782,P03722,Neurology,Multiple Sclerosis,Elective,2025-02-24,2025-02-27,Recovered,32971.27
A000097,P00623,Pediatrics,Pediatric Asthma,Emergency,2024-01-17,2024-01-19,Improved,6688.77
A000085,P02048,General Medicine,Kidney Infection,Urgent,2024-01-16,2024-01-19,Recovered,15005.39
A000818,P00521,Oncology,Lung Cancer,Emergency,05/08/2024,2024-05-20,Transferred,82904.76
A002805,P00590,General Medicine,Diabetes Complication,,2025-03-01,2025-03-03,Recovered,15738.88
A003495,P02246,General Medicine,Sepsis,Emergency,2025-06-11,2025-06-17,Improved,19772.58
A002811,P02029,Oncology,Lymphoma,Emergency,2025-03-01,2025-03-03,Recovered,26048.57
A000712,P03430,Pulmonology,Pneumonia,Elective,2024-04-23,2024-04-29,Recovered,39462.63
A003465,P03827,Pulmonology,Asthma,Urgent,2025-06-08,2025-06-10,Improved,16610.86
A003621,P01206,Cardiology,Myocardial Infarction,Emergency,06/26/2025,2025-06-29,Recovered,32039.02
A004684,P00746,pulmonology ,COPD,Urgent,2025-12-04,2025-12-10,Improved,23870.51
A002759,P00794,General Medicine,Kidney Infection,Emergency,2025-02-20,2025-02-23,Recovered,8615.88
A003524,P03464,Pediatrics,Bronchiolitis,Emergency,2025-06-14,2025-06-17,Recovered,8273.62
A001966,P03943,Pulmonology,COPD,Elective,2024-10-26,2024-10-31,Improved,
A002682,P03284,Pediatrics,Pediatric Asthma,Urgent,2025-02-12,2025-02-16,Recovered,8624.61
A001508,P03138,Orthopedics,Hip Fracture,Emergency,08/20/2024,2024-08-27,Recovered,27116.19
A001835,P01503,Orthopedics,Spinal Disorder,Urgent,2024-10-09,2024-10-14,Recovered,32315.4
A003245,P01325,Cardiology,Arrhythmia,Emergency,05/04/2025,2025-05-08,Recovered,41437.65
A001944,P01395,General Medicine,Diabetes Complication,Emergency,2024-10-23,2024-10-25,Recovered,12541.91
A002246,P01808,CARDIOLOGY,Heart Failure,Elective,2024-12-07,2024-12-16,Improved,70404.26
A000639,P03644,General  Medicine,Diabetes Complication,Urgent,2024-04-09,2024-04-10,Improved,10398.07
A000852,P01874,General Medicine,Kidney Infection,Emergency,2024-05-14,2024-05-18,Recovered,8564.2
A003790,P02128,Pulmonology,Pneumonia,Emergency,2025-07-19,2025-07-21,Deceased,21327.92
A002470,P02065,Neurology,Stroke,Urgent,2025-01-09,2025-01-23,Improved,92663.64
A001386,P03916,Pediatrics,Bronchiolitis,Emergency,2024-08-03,2024-08-06,Improved,11072.18
A000979,P03823,Cardiology,Myocardial Infarction,Emergency,2024-06-01,2024-06-03,Improved,33223.42
A003274,P00983,Neurology,Seizure Disorder,Urgent,2025-05-08,2025-05-13,Recovered,43348.84
A004237,P00856,Orthopedics,Hip Fracture,Elective,09/23/2025,2025-09-26,Recovered,26649.44
A001337,P01723,General Medicine,Sepsis,Emergency,2024-07-26,2024-07-28,Transferred,10824.19
A002963,P01475,Orthopedics,Joint Replacement,,2025-03-23,2025-03-27,Improved,31796.14
A000049,P00775,General Medicine,Sepsis,Emergency,01/09/2024,2024-01-19,Recovered,26478.7
A003441,P01101,Neurology,Stroke,Urgent,2025-06-03,2025-06-16,Recovered,45214.99
A000951,P02876,Orthopedics,Hip Fracture,Emergency,2024-05-29,2024-05-30,Recovered,21000.98
A003169,P01517,General Medicine,Diabetes Complication,Elective,04/24/2025,2025-04-26,Recovered,12733.47
A001834,P02574,Pulmonology,Asthma,Elective,2024-10-09,2024-10-10,Recovered,8842.09
A002290,P03947,Pediatrics,Bronchiolitis,Urgent,2024-12-14,2024-12-16,Improved,9780.67
A002077,P01742,Neurology,Seizure Disorder,Urgent,2024-11-13,2024-11-19,Recovered,40199.28
A003305,P01565,Orthopedics,Joint Replacement,Emergency,2025-05-13,2025-05-14,Recovered,22848.76
A003515,P00420,pulmonology ,Asthma,Emergency,2025-06-13,2025-06-15,Improved,17267.24
A000960,P02798,Oncology,Lung Cancer,Emergency,2024-05-29,2024-06-04,Improved,42777.06
A003851,P01862,General Medicine,Diabetes Complication,Emergency,2025-07-28,2025-08-01,Deceased,14118.71
A004106,P02082,Pediatrics,Gastroenteritis,Urgent,2025-09-01,2025-09-03,Improved,7750.73
A003133,P03846,General Medicine,Diabetes Complication,Emergency,2025-04-20,2025-04-24,Improved,11998.33
A003778,P01811,General Medicine,Kidney Infection,Emergency,2025-07-17,2025-07-20,Recovered,12725.74
A000013,P01930,Orthopedics,Spinal Disorder,Urgent,2024-01-03,2024-01-11,Recovered,61172.05
A003872,P01692,General Medicine,Sepsis,Urgent,2025-08-01,2025-08-06,Recovered,13256.9
A003997,P03712,Oncology,Lymphoma,Urgent,2025-08-16,2025-08-30,Improved,95661.99
A003988,P03485,Orthopedics,Spinal Disorder,Emergency,2025-08-16,2025-08-16,Recovered,16456.87
A003094,P02948,General Medicine,Diabetes Complication,Urgent,2025-04-13,,Improved,13012.96
A000174,P00756,Orthopedics,Spinal Disorder,Emergency,01/30/2024,2024-02-03,Recovered,44769.7
A004783,P02576,Neurology,Stroke,Emergency,2025-12-16,2025-12-20,Improved,45703.24
A001782,P02921,General Medicine,Diabetes Complication,Emergency,2024-10-02,,Improved,14768.34
A002321,P01250,Pulmonology,Asthma,Urgent,12/19/2024,2024-12-24,Recovered,26310.12
A003939,P02816,Pediatrics,Gastroenteritis,Elective,2025-08-09,2025-08-12,Transferred,12444.85
A002722,P03070,Pediatrics,Gastroenteritis,Elective,2025-02-16,2025-02-19,Recovered,11772.95
A004393,P01554,General Medicine,Sepsis,Elective,2025-10-19,2025-10-22,Recovered,12480.68
A004817,P02074,General Medicine,Kidney Infection,Emergency,2025-12-19,2025-12-21,Improved,13637.11
A003953,P01669,Orthopedics,Joint Replacement,Elective,2025-08-11,2025-08-16,Recovered,36301.33
A004426,P00316,Neurology,Stroke,Urgent,2025-10-25,2025-10-30,Improved,32966.43
A004703,P00729,General Medicine,Diabetes Complication,Emergency,2025-12-06,,Transferred,28075.46
A004483,P02743,General Medicine,Diabetes Complication,Elective,11/03/2025,2025-11-05,Recovered,9171.85
A000562,P01540,Pulmonology,Pneumonia,Elective,2024-03-30,2024-04-01,Recovered,15867.06
A000303,P00554,Orthopedics,Hip Fracture,Emergency,2024-02-21,2024-02-24,Recovered,49791.65
A002602,P00369,Pediatrics,Gastroenteritis,Emergency,01/31/2025,2025-02-05,Improved,14833.14
A000361,P02587,Cardiology,Arrhythmia,Emergency,2024-03-01,2024-03-04,Recovered,37880.87
A002696,P00117,Pediatrics,Pediatric Asthma,Emergency,2025-02-13,2025-02-21,Recovered,19224.88
A003203,P01184,Oncology,Lung Cancer,Urgent,2025-04-28,2025-05-08,Deceased,127270.55
A003656,P01667,Pulmonology,Asthma,Emergency,2025-07-01,2025-07-06,Recovered,26153.44
A004443,P01050,Pediatrics,Gastroenteritis,Elective,2025-10-28,2025-11-04,Improved,14049.99
A004452,P02206,Oncology,Breast Cancer,Elective,2025-10-29,2025-11-05,Improved,43403.15
A001463,P03278,Cardiology,Heart Failure,Urgent,2024-08-14,2024-08-16,Recovered,20899.88
A001820,P02901,Orthopedics,Joint Replacement,Elective,2024-10-08,2024-10-09,Recovered,17515.73
A002896,P00548,Neurology,Stroke,Urgent,2025-03-13,2025-03-17,Recovered,26507.95
A001704,P03198,General Medicine,Sepsis,Emergency,2024-09-20,2024-10-01,Recovered,24949.52
A003210,P01615,Pediatrics,Gastroenteritis,Emergency,2025-04-29,2025-05-01,Recovered,
A000797,P01720,Orthopedics,Hip Fracture,Elective,2024-05-06,2024-05-11,Improved,30115.06
A004314,P00936,General Medicine,Diabetes Complication,Emergency,2025-10-08,2025-10-09,Improved,11723.1
A004700,P03183,General Medicine,Diabetes Complication,Elective,2025-12-06,2025-12-07,Recovered,10290.32
A004077,P00836,Orthopedics,Hip Fracture,Urgent,2025-08-29,2025-08-31,Recovered,19925.99
A000454,P00828,Orthopedics,Hip Fracture,Urgent,2024-03-15,2024-03-23,Improved,48657.78
A002559,P03085,Orthopedics,Spinal Disorder,Emergency,2025-01-23,2025-01-27,Recovered,30951.42
A003906,P02027,Oncology,Lung Cancer,Emergency,2025-08-05,2025-08-07,Recovered,28455.39
A003487,P00635,Pediatrics,Pediatric Asthma,Urgent,06/10/2025,2025-06-12,Recovered,6806.58
A003900,P01039,Neurology,Stroke,Urgent,2025-08-04,2025-08-09,Recovered,29312.2
A001229,P02516,Cardiology,Myocardial Infarction,Emergency,2024-07-11,2024-07-30,Recovered,118774.17
A002856,P02108,Pediatrics,Bronchiolitis,Emergency,2025-03-07,2025-03-09,Recovered,10077.52
A002737,P02734,General Medicine,Diabetes Complication,Urgent,2025-02-18,2025-02-19,Improved,7147.57
A002884,P01458,Orthopedics,Hip Fracture,Emergency,2025-03-12,2025-03-14,Improved,16823.12
A004626,P00803,Orthopedics,Hip Fracture,Emergency,11/23/2025,2025-11-29,Improved,45401.64
A002549,P01970,Pediatrics,Gastroenteritis,Emergency,2025-01-21,2025-01-21,Recovered,3661.22
A002892,P02400,Cardiology,Arrhythmia,Emergency,2025-03-13,2025-03-20,Recovered,56222.21
A004424,P02282,General Medicine,Sepsis,Emergency,2025-10-25,2025-10-25,Transferred,
A001841,P02814,Cardiology,Heart Failure,Urgent,2024-10-10,2024-10-13,Recovered,29585.18
A003440,P01769,Pediatrics,Gastroenteritis,Emergency,06/03/2025,2025-06-05,Improved,16811.36
A001800,P03891,General Medicine,Kidney Infection,Urgent,10/05/2024,2024-10-11,Recovered,19005.74
A002964,P00847,Pediatrics,Pediatric Asthma,Elective,03/24/2025,2025-03-28,Transferred,11726.03
A001338,P01806,Pediatrics,Pediatric Asthma,Emergency,2024-07-26,2024-07-28,Recovered,7227.06
A000939,P03656,Orthopedics,Joint Replacement,Urgent,2024-05-27,2024-06-03,Recovered,31817.85
A002697,P03499,Pediatrics,Bronchiolitis,Emergency,2025-02-13,2025-02-15,Recovered,10864.1
A002248,P00023,Pediatrics,Bronchiolitis,Urgent,2024-12-08,2024-12-11,Recovered,8859.88
A002537,P03918,Oncology,Lung Cancer,Emergency,2025-01-20,2025-01-30,Improved,91962.16
A003654,P00482,General Medicine,Sepsis,Emergency,2025-07-01,2025-07-01,Recovered,11727.01
A001248,P03627,Cardiology,Arrhythmia,Elective,2024-07-14,2024-07-20,Recovered,41507.65
A002529,P03895,Pulmonology,COPD,Urgent,2025-01-19,2025-01-20,Recovered,11774.76
A003357,P01962,Orthopedics,Hip Fracture,Urgent,2025-05-20,2025-05-28,Recovered,29014.17
A001830,P03139,Cardiology,Heart Failure,Elective,2024-10-09,2024-10-22,Recovered,47372.43
A002769,P02700,Pediatrics,Gastroenteritis,Emergency,2025-02-21,2025-02-23,Recovered,12469.56
A001822,P02321,Pediatrics,Bronchiolitis,Urgent,2024-10-08,2024-10-10,Recovered,7073.37
A002688,P03517,Pediatrics,Pediatric Asthma,Elective,2025-02-12,2025-02-13,Improved,9469.12
A003442,P02576,Neurology,Stroke,Elective,2025-06-03,2025-06-05,Recovered,18269.28
A003255,P03066,Pulmonology,Pneumonia,Emergency,2025-05-05,2025-05-11,Recovered,22632.54
A001567,P03427,general medicine,Sepsis,Emergency,2024-08-30,2024-09-01,Recovered,11494.33
A002943,P02006,Pediatrics,Pediatric Asthma,Elective,2025-03-21,2025-03-23,Improved,9694.02
A001936,P01786,General Medicine,Sepsis,Emergency,2024-10-22,,Improved,10762.05
A002234,P02137,Pulmonology,COPD,Emergency,2024-12-05,2024-12-07,Recovered,17298.82
A002580,P00085,General Medicine,Kidney Infection,Urgent,2025-01-27,2025-01-30,Recovered,14246.65
A002738,P03621,Pulmonology,COPD,Emergency,2025-02-18,2025-02-19,Deceased,25257.13
A002813,P00742,General  Medicine,Sepsis,Emergency,2025-03-01,2025-03-03,Improved,10972.58
A002894,P01685,Cardiology,Myocardial Infarction,Urgent,2025-03-13,2025-03-15,Recovered,28175.22
A001259,P00770,Pulmonology,Asthma,Emergency,2024-07-16,2024-07-19,Improved,18744.86
A002534,P01167,Pediatrics,Bronchiolitis,Emergency,2025-01-20,2025-01-22,Improved,8941.04
A000297,P00881,Pediatrics,Pediatric Asthma,Elective,2024-02-20,2024-02-22,Recovered,11865.38
A003480,P02586,Pulmonology,Asthma,Emergency,2025-06-09,2025-06-15,Improved,15216.09
A004470,P00782,General Medicine,Diabetes Complication,Emergency,10/31/2025,2025-11-04,Recovered,18406.38
A004657,P03043,General Medicine,Sepsis,Emergency,2025-11-28,2025-11-28,Improved,9490.62
A004704,P01700,Oncology,Breast Cancer,Urgent,2025-12-06,2025-12-11,Recovered,67955.89
A003000,P01087,Cardiology,Arrhythmia,,2025-03-29,2025-04-09,Recovered,54951.33
A001428,P01062,General Medicine,Diabetes Complication,Elective,2024-08-10,2024-08-13,Improved,17121.07
A000467,P03411,Pediatrics,Bronchiolitis,,2024-03-17,2024-03-19,Recovered,9516.01
A001475,P03092,Pulmonology,Pneumonia,Urgent,2024-08-15,2024-08-16,Recovered,14731.2
A002165,P02966,Oncology,Lung Cancer,Emergency,2024-11-25,2024-11-28,Improved,53059.62
A002846,P01636,Cardiology,Arrhythmia,Emergency,2025-03-06,2025-03-08,Transferred,22214.77
A003337,P03682,Pediatrics,Bronchiolitis,Urgent,2025-05-17,2025-05-17,Transferred,6573.83
A001271,P03905,Neurology,Stroke,Emergency,2024-07-18,2024-07-22,Deceased,44986.07
A003290,P00582,Pulmonology,COPD,Emergency,2025-05-11,2025-05-13,Improved,12867.32
A001136,P03586,Cardiology,Heart Failure,Emergency,06/27/2024,2024-06-28,Recovered,23717.98
A002762,P03355,General Medicine,Diabetes Complication,Emergency,2025-02-21,2025-03-06,Recovered,21937.28
A002086,P00978,Oncology,Lymphoma,Urgent,2024-11-14,2024-11-16,Improved,48565.04
A001391,P00186,General Medicine,Sepsis,Emergency,08/04/2024,2024-08-12,Improved,18845.53
A003191,P01293,Cardiology,Arrhythmia,Emergency,2025-04-27,2025-05-03,Transferred,52811.27
A001258,P01413,Neurology,Multiple Sclerosis,Urgent,07/15/2024,2024-07-23,Recovered,32019.36
A002072,P00696,General Medicine,Sepsis,Emergency,2024-11-12,2024-11-14,Recovered,10203.37
A002651,P03954,Orthopedics,Joint Replacement,Elective,02/07/2025,2025-02-10,Recovered,33768.23
A002893,P03241,General Medicine,Sepsis,Urgent,2025-03-13,2025-03-19,Recovered,13457.95
A002925,P02600,General Medicine,Sepsis,Elective,03/18/2025,2025-03-20,Recovered,15259.35
A004637,P01700,Oncology,Lymphoma,Urgent,2025-11-25,2025-11-29,Improved,52590.01
A001402,P03744,Orthopedics,Spinal Disorder,Emergency,2024-08-05,2024-08-09,Recovered,45270.02
A001572,P03260,Cardiology,Myocardial Infarction,Urgent,2024-09-01,2024-09-10,Recovered,77944.57
A000256,P01381,Neurology,Multiple Sclerosis,Emergency,2024-02-14,2024-02-22,Recovered,61708.43
A004304,P01652,Pediatrics,Pediatric Asthma,Urgent,2025-10-06,2025-10-13,Transferred,20008.88
A004240,P00871,Cardiology,Arrhythmia,Elective,2025-09-23,2025-10-01,Recovered,33103.65
A003763,P00111,Pulmonology,Pneumonia,Urgent,2025-07-14,2025-07-15,Recovered,12908.07
A001956,P02800,Pulmonology,Pneumonia,Urgent,2024-10-25,2024-10-31,Recovered,31995.47
A004666,P03530,Pediatrics,Pediatric Asthma,Emergency,11/30/2025,2025-12-04,Recovered,6447.15
A000122,P01858,Cardiology,Arrhythmia,Emergency,2024-01-20,2024-01-25,Recovered,43298.96
A002503,P03319,Pulmonology,Pneumonia,Emergency,01/14/2025,2025-01-21,Improved,28733.79
A004597,P03041,General Medicine,Kidney Infection,Elective,2025-11-20,2025-11-20,Recovered,7536.9
A004493,P00095,Neurology,Stroke,Emergency,2025-11-05,2025-11-12,Recovered,36786.0
A001796,P00718,cardiology,Myocardial Infarction,Elective,2024-10-04,2024-10-08,Recovered,33196.72
A002409,P03104,General Medicine,Diabetes Complication,Urgent,2025-01-01,2025-01-07,Recovered,
A000590,P03035,Pediatrics,Pediatric Asthma,Emergency,2024-04-03,2024-04-05,Improved,8776.84
A001524,P02286,Orthopedics,Hip Fracture,Emergency,2024-08-24,2024-09-02,Recovered,33870.71
A004744,P01506,Neurology,Multiple Sclerosis,Urgent,2025-12-12,2025-12-18,Improved,30808.94
A003391,P00256,Pediatrics,Bronchiolitis,Emergency,2025-05-25,2025-05-29,Recovered,17920.55
A001460,P03492,General Medicine,Sepsis,Emergency,2024-08-13,2024-08-17,Improved,17856.9
A003712,P02765,Orthopedics,Hip Fracture,Elective,2025-07-08,2025-07-11,Recovered,25097.88
A001831,P03470,Orthopedics,Spinal Disorder,Urgent,2024-10-09,2024-10-10,Recovered,14616.35
A003061,P02456,General Medicine,Diabetes Complication,Emergency,2025-04-08,2025-04-11,Recovered,15396.11
A004811,P00397,Pediatrics,Gastroenteritis,Urgent,2025-12-19,2025-12-23,Recovered,
A000973,P02077,General Medicine,Sepsis,Emergency,2024-05-31,2024-06-01,Recovered,10552.53
A000461,P01004,Neurology,Seizure Disorder,Urgent,2024-03-16,2024-03-22,Improved,30942.17
A001786,P00789,Neurology,Seizure Disorder,Urgent,2024-10-02,2024-10-04,Recovered,15344.39
A002333,P02464,Pulmonology,Pneumonia,Emergency,2024-12-20,2024-12-21,Improved,14567.96
A003095,P03941,Orthopedics,Joint Replacement,Emergency,04/13/2025,2025-04-15,Recovered,39726.82
A001252,P02023,Cardiology,Myocardial Infarction,Emergency,2024-07-15,2024-07-22,Recovered,48985.38
A001027,P02638,Neurology,Seizure Disorder,Emergency,2024-06-09,2024-06-15,Recovered,38264.92
A004645,P02300,Neurology,Stroke,Emergency,2025-11-26,2025-12-01,Recovered,32714.81
A002014,P02795,Pediatrics,Gastroenteritis,Urgent,11/02/2024,2024-11-05,Transferred,10043.92
A004595,P03581,General Medicine,Kidney Infection,Emergency,2025-11-19,2025-11-20,Improved,16456.82
A002891,P00267,Oncology,Lung Cancer,Emergency,2025-03-12,2025-03-13,Recovered,43556.81
A003530,P01334,Neurology,Seizure Disorder,Emergency,2025-06-15,2025-06-22,Recovered,43886.84
A003078,P02806,General Medicine,Kidney Infection,Elective,2025-04-10,2025-04-16,Recovered,17080.24
A003560,P01794,General Medicine,Sepsis,Elective,2025-06-18,2025-06-24,Improved,13380.36
A003105,P02893,Orthopedics,Hip Fracture,Emergency,2025-04-15,2025-04-16,Improved,25499.34
A000422,P00300,Pediatrics,Pediatric Asthma,Urgent,2024-03-12,2024-03-24,Deceased,17488.73
A001996,P03762,Cardiology,Heart Failure,Urgent,2024-10-30,2024-10-30,Improved,15224.23
A004253,P01630,Pediatrics,Gastroenteritis,Emergency,09/26/2025,2025-09-28,Transferred,9065.34
A001898,P02258,Cardiology,Heart Failure,Emergency,2024-10-18,2024-10-25,Recovered,57715.15
A004616,P02609,Orthopedics,Joint Replacement,Urgent,2025-11-22,2025-11-24,Recovered,15947.89
A002919,P03231,General Medicine,Sepsis,Elective,2025-03-17,2025-03-20,Recovered,10344.52
A004248,P00228,Cardiology,Myocardial Infarction,Elective,09/24/2025,2025-09-30,Improved,34498.59
A002659,P00199,General Medicine,Sepsis,Urgent,2025-02-08,2025-02-09,Improved,9119.58
A004683,P03873,General Medicine,Kidney Infection,Emergency,2025-12-04,2025-12-07,Improved,14077.39
A004356,P02295,Cardiology,Arrhythmia,Urgent,10/13/2025,2025-10-19,Recovered,35149.93
A003728,P02431,Pediatrics,Pediatric Asthma,Elective,07/10/2025,2025-07-13,Improved,8629.21
A002740,P00296,Pulmonology,Asthma,Emergency,2025-02-19,2025-02-26,Improved,-29274.01
A003281,P00311,Cardiology,Myocardial Infarction,Emergency,2025-05-09,2025-05-12,Recovered,36655.86
A001685,P03869,Orthopedics,Joint Replacement,Urgent,2024-09-18,2024-09-26,Recovered,42246.44
A003972,P01506,Neurology,Multiple Sclerosis,Emergency,2025-08-13,2025-08-23,Improved,55797.14
A001858,P00615,general medicine,Kidney Infection,Emergency,2024-10-12,2024-10-15,Improved,9177.51
A004388,P03114,General Medicine,Diabetes Complication,Elective,2025-10-18,2025-10-20,Improved,12825.33
A003837,P02622,Oncology,Lung Cancer,Urgent,2025-07-26,2025-07-29,Recovered,43189.34
A001074,P01155,General Medicine,Diabetes Complication,Urgent,2024-06-16,2024-06-17,Improved,14590.87
A001913,P01737,General Medicine,Diabetes Complication,Elective,2024-10-20,2024-10-26,Recovered,21616.96
A002735,P02112,Gen Med,Kidney Infection,Elective,2025-02-18,2025-02-21,Recovered,13434.0
A003682,P00919,General Medicine,Diabetes Complication,Emergency,2025-07-05,2025-07-06,Recovered,12685.77
A002035,P01962,Orthopedics,Joint Replacement,Emergency,2024-11-06,2024-11-08,Recovered,22254.42
A001340,P02400,Cardiology,Myocardial Infarction,Urgent,2024-07-26,2024-08-06,Improved,
A000489,P03009,Oncology,Breast Cancer,Emergency,2024-03-20,2024-03-25,Recovered,49069.84
A002640,P03525,Oncology,Lung Cancer,Emergency,2025-02-05,2025-02-16,Recovered,88416.47
A002791,P02927,Neurology,Seizure Disorder,Elective,2025-02-26,2025-03-01,Recovered,32719.58
A003464,P02448,Pulmonology,Pneumonia,Urgent,2025-06-08,2025-06-12,Recovered,22872.38
A002687,P00195,General Medicine,Kidney Infection,Emergency,2025-02-12,2025-02-21,Recovered,31153.45
A004216,P00736,Orthopedics,Hip Fracture,Emergency,2025-09-19,2025-09-20,Improved,19368.52
A004457,P01616,Pediatrics,Gastroenteritis,Urgent,10/30/2025,2025-11-02,Recovered,7495.59
A002049,P02634,General Medicine,Sepsis,Emergency,2024-11-08,2024-11-11,Recovered,12930.9
A000654,P01418,Pulmonology,Asthma,Urgent,04/12/2024,2024-04-15,Recovered,25389.44
A000087,P02140,Neurology,Seizure Disorder,Emergency,2024-01-16,2024-01-30,Recovered,113292.84
A002220,P01281,Neurology,Multiple Sclerosis,Urgent,2024-12-03,2024-12-06,Recovered,23391.6
A001853,P02326,Oncology,Lymphoma,Elective,2024-10-11,2024-10-17,Improved,74421.89
A000866,P00127,Pediatrics,Gastroenteritis,Emergency,2024-05-17,2024-05-18,Improved,6202.39
A002076,P00158,Orthopedics,Hip Fracture,Emergency,2024-11-13,2024-11-14,Recovered,14563.9
A000747,P03024,General Medicine,Kidney Infection,Emergency,2024-04-28,2024-04-29,Improved,8909.95
A000749,P03466,General Medicine,Sepsis,Emergency,2024-04-28,2024-04-29,Recovered,10423.02
A001718,P02350,Cardiology,Myocardial Infarction,Emergency,2024-09-21,2024-09-24,Improved,22799.78
A003564,P00774,Orthopedics,Hip Fracture,Emergency,2025-06-19,2025-06-22,Improved,34715.23
A002628,P02713,Oncology,Lymphoma,Urgent,2025-02-03,2025-02-07,Improved,69776.25
A001277,P01002,Orthopedics,Hip Fracture,Emergency,2024-07-19,2024-07-24,Recovered,50706.92
A000553,P00168,Pediatrics,Bronchiolitis,Emergency,2024-03-28,2024-03-30,Deceased,11163.02
A004884,P01885,General Medicine,Kidney Infection,Elective,2025-12-29,2026-01-01,Recovered,
A002984,P02243,Cardiology,Arrhythmia,Emergency,2025-03-27,2025-03-29,Recovered,24709.39
A003845,P01668,Oncology,Lymphoma,Emergency,2025-07-27,2025-08-04,Recovered,54270.7
A003204,P03963,Neurology,Multiple Sclerosis,Emergency,2025-04-28,2025-05-16,Recovered,92574.84
A002675,P03016,General Medicine,Kidney Infection,Elective,2025-02-10,2025-02-14,Improved,11652.65
A004031,P02069,Pulmonology,COPD,Emergency,2025-08-22,2025-08-23,Recovered,22648.69
A001733,P03120,Neurology,Seizure Disorder,Urgent,09/24/2024,2024-09-26,Recovered,23303.19
A003198,P03025,Orthopedics,Hip Fracture,,2025-04-27,2025-04-30,Recovered,22025.99
A000010,P03256,Pediatrics,Gastroenteritis,Emergency,2024-01-02,2024-01-04,Improved,8166.94
A001103,P03480,General Medicine,Sepsis,Emergency,2024-06-20,2024-06-25,Improved,23691.38
A002962,P01728,General Medicine,Sepsis,Elective,2025-03-23,2025-03-27,Improved,17857.14
A001079,P01780,General Medicine,Diabetes Complication,Emergency,2024-06-17,2024-06-18,Improved,11924.85
A004485,P00791,Pediatrics,Gastroenteritis,Emergency,2025-11-03,2025-11-08,Improved,18816.11
A001695,P01674,General Medicine,Sepsis,Emergency,2024-09-19,2024-09-21,Recovered,
A003966,P02672,Orthopedics,Joint Replacement,Elective,08/12/2025,2025-08-15,Transferred,21648.94
A004347,P02942,Cardiology,Heart Failure,Emergency,10/12/2025,2025-10-18,Improved,49229.95
A000444,P02336,General Medicine,Kidney Infection,Urgent,2024-03-14,2024-03-20,Recovered,24503.7
A004262,P02253,General Medicine,Kidney Infection,Urgent,2025-09-28,2025-10-02,Recovered,10794.66
A000506,P02154,General Medicine,Diabetes Complication,Emergency,2024-03-22,,Recovered,12173.49
A004204,P03801,Neurology,Seizure Disorder,Emergency,2025-09-18,2025-10-01,Recovered,70752.63
A001084,P01855,Pediatrics,Bronchiolitis,Emergency,2024-06-18,2024-06-20,Improved,11124.59
A003877,P03536,Pediatrics,Gastroenteritis,Emergency,2025-08-02,2025-08-03,Improved,11300.61
A004575,P00941,Pulmonology,Pneumonia,Emergency,11/17/2025,2025-11-18,Recovered,12481.93
A001622,P00411,Pediatrics,Pediatric Asthma,Emergency,2024-09-08,2024-09-10,Recovered,15619.32
A002548,P03178,Orthopedics,Spinal Disorder,Urgent,2025-01-21,2025-01-30,Transferred,48147.92
A000440,P00399,Cardiology,Heart Failure,Elective,2024-03-14,2024-03-16,Improved,23142.32
A002515,P01784,Neurology,Multiple Sclerosis,Urgent,2025-01-16,2025-01-23,Recovered,47659.05
A004808,P02841,Oncology,Lung Cancer,Emergency,2025-12-18,2026-01-04,Recovered,89393.29
A004846,P00165,Oncology,Breast Cancer,Urgent,12/24/2025,2025-12-29,Recovered,30240.52
A001768,P01128,Neurology,Stroke,Emergency,2024-09-29,2024-10-06,Recovered,40773.71
A002247,P00343,Neurology,Stroke,Emergency,2024-12-08,2024-12-15,Improved,31078.98
A001081,P01411,Pediatrics,Gastroenteritis,Urgent,2024-06-17,2024-06-19,Recovered,6952.97
A001356,P02126,General Medicine,Kidney Infection,Elective,2024-07-28,2024-08-01,Recovered,19151.59
A000191,P02957,Pediatrics,Gastroenteritis,Emergency,2024-02-03,2024-02-07,Transferred,11717.67
A001988,P03946,Neurology,Seizure Disorder,Emergency,2024-10-28,2024-11-01,Improved,42331.7
A003295,P00138,Pediatrics,Bronchiolitis,Emergency,2025-05-11,2025-05-15,Improved,14983.14
A003533,P00318,Neurology,Seizure Disorder,Urgent,2025-06-15,2025-06-19,Improved,28336.41
A001713,P01144,General Medicine,Kidney Infection,Urgent,2024-09-21,2024-09-29,Recovered,14404.79
A004284,P03765,Cardiology,Heart Failure,Elective,2025-10-02,2025-10-04,Recovered,27429.58
A004826,P01433,Pediatrics,Bronchiolitis,Emergency,2025-12-21,2025-12-24,Transferred,8601.87
A004050,P01530,Neurology,Multiple Sclerosis,Elective,2025-08-25,2025-09-04,Recovered,56228.38
A004337,P02614,General Medicine,Sepsis,Emergency,2025-10-11,2025-10-14,Recovered,14968.1
A000146,P01690,Pediatrics,Gastroenteritis,Elective,2024-01-26,2024-01-27,Recovered,8874.62
A000563,P00250,Pediatrics,Pediatric Asthma,Emergency,2024-03-30,2024-03-31,Improved,5361.71
A004352,P02644,General Medicine,Kidney Infection,Emergency,10/13/2025,2025-10-19,Transferred,18395.49
A001978,P02755,Neurology,Multiple Sclerosis,Elective,2024-10-27,2024-10-30,Recovered,27778.46
A002144,P02464,Neurology,Multiple Sclerosis,Urgent,2024-11-22,2024-11-23,Recovered,25368.76
A001744,P00932,Neurology,Stroke,Urgent,2024-09-25,2024-10-01,Transferred,42579.77
A003443,P02420,General Medicine,Kidney Infection,Emergency,2025-06-04,2025-06-05,Transferred,9283.31
A001663,P02385,Pediatrics,Bronchiolitis,Emergency,2024-09-15,2024-09-19,Recovered,13850.9
A004523,P02378,Pediatrics,Pediatric Asthma,Emergency,2025-11-09,2025-11-15,Deceased,11846.58
A004340,P00581,Pediatrics,Bronchiolitis,Elective,2025-10-11,2025-10-12,Recovered,7033.21
A000681,P02138,Pediatrics,Pediatric Asthma,Urgent,2024-04-17,2024-04-20,Improved,8783.03
A001441,P00236,Neurology,Seizure Disorder,Urgent,2024-08-11,2024-08-18,Recovered,71835.46
A003003,P03646,Oncology,Breast Cancer,Elective,2025-03-30,2025-04-03,Recovered,45949.84
A003395,P00765,Neurology,Seizure Disorder,Elective,2025-05-26,2025-05-31,Recovered,32229.1
A003634,P03693,General Medicine,Sepsis,Emergency,2025-06-29,2025-07-08,Recovered,25539.77
A003721,P01334,General Medicine,Kidney Infection,Emergency,2025-07-09,2025-07-15,Improved,16962.29
A001055,P00704,Pediatrics,Bronchiolitis,Urgent,2024-06-13,2024-06-16,Improved,13138.38
A004271,P01787,Orthopedics,Joint Replacement,Emergency,2025-09-30,2025-10-03,Improved,29535.19
A004803,P03101,Neurology,Multiple Sclerosis,Emergency,2025-12-18,2025-12-19,Improved,19378.37
A000057,P01831,Orthopedics,Hip Fracture,Emergency,2024-01-10,2024-01-14,Recovered,26710.94
A002471,P01983,Pediatrics,Gastroenteritis,Urgent,2025-01-09,2025-01-15,Recovered,18895.45
A003786,P00520,Oncology,Lung Cancer,Elective,2025-07-17,2025-07-26,Improved,114487.7
A000150,P00006,Cardiology,Arrhythmia,Emergency,2024-01-26,2024-01-29,Recovered,28554.9
A002582,P03735,Cardiology,Arrhythmia,Emergency,2025-01-27,2025-01-30,Improved,39029.76
A004280,P00081,General Medicine,Kidney Infection,,2025-10-01,2025-10-03,Recovered,11818.61
A001025,P01204,Oncology,Lymphoma,Elective,2024-06-09,2024-06-24,Recovered,122012.01
A001412,P03755,Pediatrics,Pediatric Asthma,Emergency,2024-08-06,2024-08-07,Recovered,7076.04
A001589,P00267,Oncology,Lymphoma,Urgent,2024-09-03,2024-09-12,Recovered,72273.63
A000947,P02694,Neurology,Stroke,Urgent,2024-05-28,2024-06-02,Recovered,28317.7
A002872,P02216,Cardiology,Myocardial Infarction,Urgent,2025-03-10,2025-03-13,Recovered,
A003679,P01148,Orthopedics,Spinal Disorder,Elective,2025-07-05,2025-07-07,Improved,23579.14
A001083,P02039,Pulmonology,Asthma,Elective,06/17/2024,2024-06-21,Recovered,23254.73
A004490,P01643,Neurology,Stroke,Elective,2025-11-04,2025-11-11,Recovered,43562.9
A000457,P01567,General Medicine,Kidney Infection,Elective,2024-03-16,2024-03-17,Improved,9978.58
A003672,P01771,Cardiology,Arrhythmia,Emergency,2025-07-03,2025-07-06,Recovered,27831.77
A000710,P02848,Neurology,Multiple Sclerosis,Emergency,2024-04-22,2024-04-27,Recovered,44170.21
A002488,P01575,Pediatrics,Bronchiolitis,Elective,2025-01-11,2025-01-12,Recovered,8666.43
A000175,P01707,Orthopedics,Joint Replacement,Emergency,2024-01-31,2024-02-05,Improved,22382.51
A001147,P03666,Neurology,Multiple Sclerosis,Emergency,2024-06-29,2024-07-09,Recovered,77656.67
